modificado,nombre,pagina,tipo,kb,link,disponible
,BOLETÍN ESTADÍSTICO PRECIOS INTERNACIONALES DICIEMBRE DE 2025,Precios Internacionales,,,https://nimbus.ine.gob.bo/index.php/s/2M4SfRCMBWKZQTZ/download,True
,BOLETÍN ESTADÍSTICO COMEX ENERO A OCTUBRE 2020,Saldo Comercial,,,https://nimbus.ine.gob.bo/index.php/s/2P99sAyobmHWgRT/download,True
,BOLETÍN ESTADÍSTICO PRECIOS INTERNACIONALES MARZO DE 2026,Precios Internacionales,,,https://nimbus.ine.gob.bo/index.php/s/2oTbTPnTyGYXrdJ/download,True
,"SALARIO, REMUNERACIÓN Y EMPLEO DEL SECTOR PRIVADO 2014-2018","Salarios, Remuneraciones y Empleo de los Asalariados en el Sector Privado",,,https://nimbus.ine.gob.bo/index.php/s/3PNmQPEJwRFJ2kJ/download,False
,"SALARIOS, REMUNERACIONES Y EMPLEO DEL SECTOR PÚBLICO 2014 – 2022","Salarios, Remuneraciones y Empleo Sector Público",,,https://nimbus.ine.gob.bo/index.php/s/79Xj2PLppnkX5SX/download,False
,"SALARIOS, REMUNERACIONES Y EMPLEO EN EL SECTOR PÚBLICO 2004-2015","Salarios, Remuneraciones y Empleo Sector Público",,,https://nimbus.ine.gob.bo/index.php/s/8Cn2E4xAyn7JNpj/download,False
,BOLETÍN ESTADÍSTICO ENCUESTA CONTINUA DE EMPLEO ECE 1T-2023,Boletines Estadísticos,,,https://nimbus.ine.gob.bo/index.php/s/8QRQKZGpTsxtgkc/download,True
,BOLETÍN ESTADÍSTICO COMEX ENERO A JULIO 2020,Saldo Comercial,,,https://nimbus.ine.gob.bo/index.php/s/92JzzsFRATRXEmb/download,True
,BOLETÍN ESTADÍSTICO PARQUE AUTOMOTOR 2021,Parque Automotor,,,https://nimbus.ine.gob.bo/index.php/s/A2HdTK7Ybd29QGj/download,True
,BOLETÍN ESTADÍSTICO PARQUE AUTOMOTOR 2025,Parque Automotor,,,https://nimbus.ine.gob.bo/index.php/s/DS5mYocXY7LjFDH/download,True
,BOLETÍN ESTADÍSTICO COMEX ABRIL 2026,Saldo Comercial,,,https://nimbus.ine.gob.bo/index.php/s/DT6rFNTDMCcD2At/download,True
,BOLETÍN ESTADÍSTICO PRECIOS INTERNACIONALES SEPTIEMBRE DE 2024,Precios Internacionales,,,https://nimbus.ine.gob.bo/index.php/s/HAjGiN4F8JZcXjn/download,True
,"BOLIVIA: PRODUCTO INTERNO BRUTO A PRECIOS CONSTANTES POR TIPO DE GASTO SEGÚN TRIMESTRE, 1990 – 2024",Producto Interno Bruto Trimestral,,,https://nimbus.ine.gob.bo/index.php/s/HPaSw4gp9LG8Xit/download,False
,"BOLIVIA: HOGARES PARTICULARES Y PORCENTAJE QUE TIENEN TELÉFONO CELULAR POR CATEGORÍAS SELECCIONADAS, SEGÚN DEPARTAMENTO, PROVINCIA, MUNICIPIO O TERRITORIO INDÍGENA ORIGINARIO CAMPESINO (TIOC) Y ÁREA, CENSO 2024",Censos,,,https://nimbus.ine.gob.bo/index.php/s/HQqG2rZr5mRRzEc/download,False
,MATRIZ DE PRODUCCION (EN MILES DE BOLIVIANOS DE 1990) ( 1992),Matrices de Producción,,,https://nimbus.ine.gob.bo/index.php/s/HaEKCybfGExPXPK/download,False
,BOLETÍN ESTADÍSTICO COMEX ENERO A DICIEMBRE 2018 Y 2019 CIFRAS PRELIMINARES,Saldo Comercial,,,https://nimbus.ine.gob.bo/index.php/s/Hbk7JE9oSok4kN9/download,True
,GLOSARIO Y FICHA TÉCNICA,Emigración Internacional,,,https://nimbus.ine.gob.bo/index.php/s/HcnnjArJSWcgNTK/download,False
,"BOLIVIA: VIVIENDAS PARTICULARES OCUPADAS CON PERSONAS PRESENTES POR TIPO DE PROCEDENCIA DE AGUA, SEGÚN DEPARTAMENTO, PROVINCIA, MUNICIPIO O TERRITORIO INDÍGENA ORIGINARIO CAMPESINO (TIOC) Y ÁREA, CENSOS 2001, 2012 Y 2024",Servicios Básicos,,,https://nimbus.ine.gob.bo/index.php/s/HjBY9EEoBW2ZL4n/download,False
,"BOLIVIA: HOGARES POR TENENCIA DE ELECTRODOMÉSTICOS Y ARTEFACTOS, SEGÚN DEPARTAMENTO, PROVINCIA, MUNICIPIO O TERRITORIO INDÍGENA ORIGINARIO CAMPESINO (TIOC) Y ÁREA, CENSO 2024",Equipamiento del Hogar,,,https://nimbus.ine.gob.bo/index.php/s/Hs3YpsarQpyygtr/download,False
,"BOLIVIA: POBLACIÓN EN VIVIENDAS PARTICULARES Y PORCENTAJE DE POBLACIÓN CON ACCESO A ENERGÍA ELÉCTRICA POR CATEGORÍAS SELECCIONADAS, SEGÚN DEPARTAMENTO, PROVINCIA, MUNICIPIO O TERRITORIO INDÍGENA ORIGINARIO CAMPESINO (TIOC) Y ÁREA, CENSOS 2012 Y 2024",Censos,,,https://nimbus.ine.gob.bo/index.php/s/JHNWNoykMbZNWr5/download,False
,MATRIZ DE PRODUCCION A PRECIOS CORRIENTES 2013,Matrices de Producción,,,https://nimbus.ine.gob.bo/index.php/s/JydyBkf9AEBx2qs/download,False
,"BOLIVIA: INCIDENCIA EN EL PRODUCTO INTERNO BRUTO A PRECIOS CONSTANTES POR TIPO DE GASTO, 1989 – 2024",Introducción,,,https://nimbus.ine.gob.bo/index.php/s/KXKLggdXjKb9BAf/download,False
,"BOLIVIA: HOGARES POR TENENCIA DE MEDIOS DE TRANSPORTE, SEGÚN DEPARTAMENTO, PROVINCIA, MUNICIPIO O TERRITORIO INDÍGENA ORIGINARIO CAMPESINO (TIOC) Y ÁREA, CENSOS 2001, 2012 Y 2024",Equipamiento del Hogar,,,https://nimbus.ine.gob.bo/index.php/s/KabNZTWsXQN4Nr4/download,False
,"BOLIVIA DEFLACTOR IMPLÍCITO DE LA OFERTA Y DEMANDA FINAL POR COMPONENTE SEGÚN TRIMESTRE, 1990 – 2024",Producto Interno Bruto Trimestral,,,https://nimbus.ine.gob.bo/index.php/s/LKtgXPB3KtW4KrA/download,False
,"BOLIVIA: PRODUCTO INTERNO BRUTO A PRECIOS CONSTANTES POR ACTIVIDAD ECONÓMICA SEGÚN TRIMESTRE, 1990 – 2024",Producto Interno Bruto Trimestral,,,https://nimbus.ine.gob.bo/index.php/s/LgCGFBWiz2QccwP/download,False
,MATRIZ DE PRODUCCION A PRECIOS CORRIENTES 2011,Matrices de Producción,,,https://nimbus.ine.gob.bo/index.php/s/LiAFB3frJKAFWb3/download,False
,"BOLIVIA: VARIACIÓN DEL PRODUCTO INTERNO BRUTO A PRECIOS CONSTANTES SEGÚN ACTIVIDAD ECONÓMICA, 1989 – 2024",Introducción,,,https://nimbus.ine.gob.bo/index.php/s/LkEKKoXmHnDk4fy/download,False
,MATRIZ DE PRODUCCION A PRECIOS CORRIENTES 2006,Matrices de Producción,,,https://nimbus.ine.gob.bo/index.php/s/MCGB9b5KBoagZiM/download,False
,MATRIZ DE PRODUCCION A PRECIOS CORRIENTES 2014,Matrices de Producción,,,https://nimbus.ine.gob.bo/index.php/s/MHxAsKDnjEgcY6P/download,False
,"BOLIVIA: PARTICIPACION EN EL PRODUCTO INTERNO BRUTO A PRECIOS CORRIENTES POR ACTIVIDAD ECONOMICA, 1988 – 2024",Introducción,,,https://nimbus.ine.gob.bo/index.php/s/MPTQamLEYKNjopC/download,False
,"BOLIVIA: POBLACIÓN POR CONDICIÓN DE NECESIDADES BÁSICAS INSATISFECHAS, SEGÚN DEPARTAMENTO, PROVINCIA, MUNICIPIO O TERRITORIO INDÍGENA ORIGINARIO CAMPESINO (TIOC) Y ÁREA, CENSOS 2012 Y 2024",Pobreza y Desigualdad,,,https://nimbus.ine.gob.bo/index.php/s/Mrkr4Tj27PSRLfb/download,False
,GLOSARIO Y FICHA TÉCNICA,Mortalidad,,,https://nimbus.ine.gob.bo/index.php/s/MzwHxzcLk5seQsJ/download,False
,BOLETÍN ESTADÍSTICO COMEX JULIO 2025,Saldo Comercial,,,https://nimbus.ine.gob.bo/index.php/s/NBFLidzqc5oNwsi/download,True
,"BOLIVIA: IDIOMAS HABLADOS(1) POR LA POBLACIÓN DE 6 O MÁS AÑOS DE EDAD INDEPENDIENTEMENTE DEL ORDEN DE SU USO, SEGÚN DEPARTAMENTO, PROVINCIA, MUNICIPIO O TERRITORIO INDÍGENA ORIGINARIO CAMPESINO (TIOC) Y ÁREA, CENSOS 2012 Y 2024",Idiomas,,,https://nimbus.ine.gob.bo/index.php/s/NNt7M5NeLyY2MwD/download,False
,BOLETÍN ESTADÍSTICO COMEX DICIEMBRE 2025,Saldo Comercial,,,https://nimbus.ine.gob.bo/index.php/s/NSX4fegj2zmAAec/download,True
,"SALARIOS, REMUNERACIONES Y EMPLEO DEL SECTOR PÚBLICO 2014 – 2021","Salarios, Remuneraciones y Empleo Sector Público",,,https://nimbus.ine.gob.bo/index.php/s/NfXFwzJLoz9ko67/download,False
,GLOSARIO Y FICHA TÉCNICA,Movilidad Cotidiana para Trabajar,,,https://nimbus.ine.gob.bo/index.php/s/NgdtQna57qnGots/download,False
,"BOLIVIA: VIVIENDAS PARTICULARES OCUPADAS CON PERSONAS PRESENTES POR TIPO DE PROCEDENCIA DE ENERGÍA ELÉCTRICA, SEGÚN DEPARTAMENTO, PROVINCIA, MUNICIPIO O TERRITORIO INDÍGENA ORIGINARIO CAMPESINO (TIOC) Y ÁREA, CENSOS 2012 Y 2024",Servicios Básicos,,,https://nimbus.ine.gob.bo/index.php/s/NxdmCNeGCEP86y9/download,False
,"BOLIVIA: PERSONAS FALLECIDAS DECLARADAS POR GESTIÓN Y SEXO, SEGÚN DEPARTAMENTO, PROVINCIA, MUNICIPIO O TERRITORIO INDÍGENA ORIGINARIO CAMPESINO (TIOC), ÁREA Y GRUPO DE EDAD, CENSO 2024(1)",Mortalidad,,,https://nimbus.ine.gob.bo/index.php/s/P38zZ8edLdwQtbB/download,False
,BOLETÍN ESTADÍSTICO PRECIOS INTERNACIONALES JULIO DE 2026,Precios Internacionales,,,https://nimbus.ine.gob.bo/index.php/s/PDwfGittZTyynQj/download,True
,"BOLIVIA: PRODUCTO INTERNO BRUTO A PRECIOS CORRIENTES POR ACTIVIDAD ECONÓMICA, 1988 – 2024",Introducción,,,https://nimbus.ine.gob.bo/index.php/s/PFL8sE6igKaZBNC/download,False
,"BOLIVIA: PERSONAS FALLECIDAS DE COVID-19 DECLARADAS POR GESTIÓN Y SEXO, SEGÚN DEPARTAMENTO, PROVINCIA, MUNICIPIO O TERRITORIO INDÍGENA ORIGINARIO CAMPESINO (TIOC), ÁREA Y GRUPO DE EDAD, CENSO 2024(1)",Mortalidad,,,https://nimbus.ine.gob.bo/index.php/s/PFZtnMjr6iiEnYe/download,False
,BOLETÍN ESTADÍSTICO COMEX JULIO 2021,Saldo Comercial,,,https://nimbus.ine.gob.bo/index.php/s/PLX6PbczrpMqtaP/download,True
,"Documento metodológico, Revisión 2025",Población y Hechos Vitales,,,https://nimbus.ine.gob.bo/index.php/s/PaHRM4KgJXASM6n/download,True
,Sintaxis para consolidación de bases de datos trimestrales,Información técnica,,,https://nimbus.ine.gob.bo/index.php/s/Perptg9cB9mnkAD/download,True
,"BOLIVIA: POBLACIÓN OCUPADA DE 14 O MÁS AÑOS DE EDAD POR ACTIVIDAD ECONÓMICA Y SEXO, SEGÚN DEPARTAMENTO, PROVINCIA, MUNICIPIO O TERRITORIO INDÍGENA ORIGINARIO CAMPESINO (TIOC), ÁREA Y GRUPO DE EDAD, CENSOS 2012 Y 2024",Censos de Población y Vivienda,,,https://nimbus.ine.gob.bo/index.php/s/PoxWHggpy8GbKjw/download,False
,GLOSARIO Y FICHA TÉCNICA,Censos,,,https://nimbus.ine.gob.bo/index.php/s/PsLxWnofb8Q5BNo/download,False
,"BOLIVIA: POBLACIÓN POR COMPONENTES DEL ÍNDICE DE NECESIDADES BÁSICAS INSATISFECHAS, SEGÚN DEPARTAMENTO, PROVINCIA, MUNICIPIO O TERRITORIO INDÍGENA ORIGINARIO CAMPESINO (TIOC) Y ÁREA, CENSOS 2012 Y 2024",Pobreza y Desigualdad,,,https://nimbus.ine.gob.bo/index.php/s/Q3JGEHmydCegEYm/download,False
,"BOLIVIA: VIVIENDAS PARTICULARES OCUPADAS CON PERSONAS PRESENTES POR PROCEDENCIA DE AGUA POR CAÑERÍA DE RED, SEGÚN DEPARTAMENTO, PROVINCIA, MUNICIPIO O TERRITORIO INDÍGENA ORIGINARIO CAMPESINO (TIOC) Y ÁREA, CENSOS 2001, 2012 Y 2024",Servicios Básicos,,,https://nimbus.ine.gob.bo/index.php/s/Q8pfsb4xMyjLzaj/download,False
,BOLETÍN ESTADÍSTICO ENCUESTA CONTINUA DE EMPLEO ECE 4T-2025,Boletines Estadísticos,,,https://nimbus.ine.gob.bo/index.php/s/Qc9BbmHLZLs9QMp/download,True
,Sintaxis para cálculo de estadísticas e indicadores,Información técnica,,,https://nimbus.ine.gob.bo/index.php/s/QeWixr76Rn6srQM/download,True
,MATRIZ DE PRODUCCION (EN MILES DE BOLIVIANOS DE 1990) ( 1997),Matrices de Producción,,,https://nimbus.ine.gob.bo/index.php/s/QjJ38oeaoXran8z/download,False
,BOLETÍN ESTADÍSTICO COMEX MAYO 2026,Saldo Comercial,,,https://nimbus.ine.gob.bo/index.php/s/QsjwqHcm8BJ8Rfw/download,True
,METODOLOGÍA PIB DEPARTAMENTAL,Introducción,,,https://nimbus.ine.gob.bo/index.php/s/R8PMaCiEcWeEbrf/download,False
,BOLETÍN ESTADÍSTICO ENCUESTA CONTINUA DE EMPLEO ECE 3T-2023,Boletines Estadísticos,,,https://nimbus.ine.gob.bo/index.php/s/RDgGQCZYqo7RQjK/download,True
,BOLETÍN ESTADÍSTICO PRECIOS INTERNACIONALES JULIO DE 2025,Precios Internacionales,,,https://nimbus.ine.gob.bo/index.php/s/RggFYN6NyiLDPdJ/download,True
,BOLETÍN ESTADÍSTICO COMEX ENERO A NOVIEMBRE 2018 Y 2019 CIFRAS PRELIMINARES,Saldo Comercial,,,https://nimbus.ine.gob.bo/index.php/s/RxEXGaD5pBLsei6/download,True
,"BOLIVIA: COBERTURA DE SALUD POR SEXO, SEGÚN DEPARTAMENTO, PROVINCIA, MUNICIPIO O TERRITORIO INDÍGENA ORIGINARIO CAMPESINO (TIOC) Y ÁREA, CENSO 2024",Censos,,,https://nimbus.ine.gob.bo/index.php/s/Ryzppjmjk4qDPjH/download,False
,"SALARIO, REMUNERACIÓN, EMPLEO Y PROMEDIOS SALARIALES DEL SECTOR PÚBLICO 1996 -2008","Salarios, Remuneraciones y Empleo Sector Público",,,https://nimbus.ine.gob.bo/index.php/s/SPA2jJaqZCXZ68k/download,False
,MATRIZ DE PRODUCCION (EN MILES DE BOLIVIANOS DE 1990) ( 2007),Matrices de Producción,,,https://nimbus.ine.gob.bo/index.php/s/SemAit83MLdam3S/download,False
,"BOLIVIA OFERTA Y DEMANDA FINAL A PRECIOS CORRIENTES POR COMPONENTE SEGÚN TRIMESTRE, 1990 – 2024",Producto Interno Bruto Trimestral,,,https://nimbus.ine.gob.bo/index.php/s/SiQabS3MBbYkxgZ/download,False
,"BOLIVIA: NACIMIENTOS INSCRITOS EN EL REGISTRO CIVIL POR SEXO, SEGÚN DEPARTAMENTO, PROVINCIA, MUNICIPIO O TERRITORIO INDÍGENA ORIGINARIO CAMPESINO (TIOC) Y ÁREA, CENSOS 2001, 2012 Y 2024",Ciudadanía,,,https://nimbus.ine.gob.bo/index.php/s/SyNGxgHnWdxB8r3/download,False
,BOLETÍN ESTADÍSTICO PRECIOS INTERNACIONALES MAYO DE 2025,Precios Internacionales,,,https://nimbus.ine.gob.bo/index.php/s/T5bbPiNcKDCMF2G/download,True
,"BOLIVIA: POBLACIÓN POR TENENCIA DE CÉDULA DE IDENTIDAD POR SEXO, SEGÚN DEPARTAMENTO, PROVINCIA, MUNICIPIO O TERRITORIO INDÍGENA ORIGINARIO CAMPESINO (TIOC) Y ÁREA, CENSOS 2012 Y 2024",Ciudadanía,,,https://nimbus.ine.gob.bo/index.php/s/TDyiQGsbqLZNyoG/download,False
,"BOLIVIA: POBLACIÓN POR DECLARACIÓN DE AUTOIDENTIFICACIÓN, SEGÚN DEPARTAMENTO, PROVINCIA, MUNICIPIO O TERRITORIO INDÍGENA ORIGINARIO CAMPESINO (TIOC) Y GRUPO DE EDAD, CENSO 2024",Autoidentificación,,,https://nimbus.ine.gob.bo/index.php/s/TMqfbQnwQ8P6pCC/download,False
,BOLETÍN ESTADÍSTICO COMEX FEBRERO 2026,Saldo Comercial,,,https://nimbus.ine.gob.bo/index.php/s/TW5tNFnrCzDxXR7/download,True
,"BOLIVIA: INDICADORES DE EMPLEO DE LA POBLACIÓN DE 14 O MÁS AÑOS DE EDAD POR SEXO, SEGÚN DEPARTAMENTO, PROVINCIA, MUNICIPIO O TERRITORIO INDÍGENA ORIGINARIO CAMPESINO (TIOC), ÁREA Y GRUPO DE EDAD, CENSOS 2001, 2012 Y 2024",Censos de Población y Vivienda,,,https://nimbus.ine.gob.bo/index.php/s/TaEJmEx7iYCgZHw/download,False
,"BOLIVIA: POBLACIÓN DE 6 O MÁS AÑOS DE EDAD POR IDIOMA EN TERCER ORDEN DE USO, SEGÚN DEPARTAMENTO, PROVINCIA, MUNICIPIO O TERRITORIO INDÍGENA ORIGINARIO CAMPESINO (TIOC) Y ÁREA, CENSOS 2012 Y 2024",Idiomas,,,https://nimbus.ine.gob.bo/index.php/s/Tie7i4reE5tCwRK/download,False
,"BOLIVIA: VIVIENDAS PARTICULARES POR CONDICIÓN DE OCUPACIÓN, SEGÚN DEPARTAMENTO, PROVINCIA, MUNICIPIO O TERRITORIO INDÍGENA ORIGINARIO CAMPESINO (TIOC) Y ÁREA, CENSOS 2001, 2012 Y 2024",Vivienda y Hogar,,,https://nimbus.ine.gob.bo/index.php/s/TkggRdLFBdgS6Nx/download,False
,"BOLIVIA: NACIMIENTOS INSCRITOS EN EL REGISTRO CIVIL Y TENENCIA DE CÉDULA DE IDENTIDAD POR SEXO, SEGÚN DEPARTAMENTO, PROVINCIA, MUNICIPIO O TERRITORIO INDÍGENA ORIGINARIO CAMPESINO (TIOC) Y ÁREA, CENSO 2024",Ciudadanía,,,https://nimbus.ine.gob.bo/index.php/s/W2bLcHnE5Lm9SjQ/download,False
,MATRIZ DE PRODUCCION (EN MILES DE BOLIVIANOS DE 1990) ( 1999),Matrices de Producción,,,https://nimbus.ine.gob.bo/index.php/s/W8KBKXY7tiRR3iP/download,False
,"BOLIVIA: POBLACIÓN DE 14 O MÁS AÑOS DE EDAD, POR CONDICIÓN DE ACTIVIDAD Y SEXO, SEGÚN DEPARTAMENTO, PROVINCIA, MUNICIPIO O TERRITORIO INDÍGENA ORIGINARIO CAMPESINO (TIOC), ÁREA Y GRUPO DE EDAD, CENSOS 2001, 2012 Y 2024",Censos de Población y Vivienda,,,https://nimbus.ine.gob.bo/index.php/s/WDGjEfes2Gp4fpf/download,False
,"BOLIVIA: IDIOMAS HABLADOS(1) POR LA POBLACIÓN DE 6 O MÁS AÑOS DE EDAD INDEPENDIENTEMENTE DEL ORDEN DE SU USO, SEGÚN DEPARTAMENTO, PROVINCIA, MUNICIPIO O TERRITORIO INDÍGENA ORIGINARIO CAMPESINO (TIOC) Y SEXO, CENSOS 2012 Y 2024",Idiomas,,,https://nimbus.ine.gob.bo/index.php/s/WXC7si7z5sWsfMf/download,False
,"BOLIVIA: EMIGRANTES DECLARADOS POR PAÍS DE DESTINO, SEGÚN DEPARTAMENTO, PROVINCIA, MUNICIPIO O TERRITORIO INDÍGENA ORIGINARIO CAMPESINO (TIOC) Y ÁREA, CENSOS 2012 Y 2024",Emigración Internacional,,,https://nimbus.ine.gob.bo/index.php/s/WgqrsGbTLSeXkPW/download,False
,BOLETÍN ESTADÍSTICO COMEX ENERO A AGOSTO 2020,Saldo Comercial,,,https://nimbus.ine.gob.bo/index.php/s/WiCfEq7XR68JQ8E/download,True
,GLOSARIO Y FICHA TÉCNICA,Censos,,,https://nimbus.ine.gob.bo/index.php/s/X44GK7GxxKeKjrJ/download,False
,"BOLIVIA: DEFLACTOR IMPLÍCITO DE LA FORMACIÓN BRUTA DE CAPITAL FIJO SEGÚN PRODUCTO, 1988 – 2024",Formación Bruta de Capital Fijo,,,https://nimbus.ine.gob.bo/index.php/s/X8w6bMX9gpabw5m/download,True
,"BOLIVIA: INDICADORES DE FECUNDIDAD, SEGÚN DEPARTAMENTO, PROVINCIA, MUNICIPIO O TERRITORIO INDÍGENA ORIGINARIO CAMPESINO (TIOC), ÁREA Y GRUPO DE EDAD, CENSOS 2001, 2012 Y 2024",Fecundidad,,,https://nimbus.ine.gob.bo/index.php/s/XDoX9eN4BQBwRiM/download,False
,"BOLIVIA: POBLACIÓN OCUPADA DE 14 O MÁS AÑOS DE EDAD POR CATEGORÍA OCUPACIONAL Y SEXO, SEGÚN DEPARTAMENTO, PROVINCIA, MUNICIPIO O TERRITORIO INDÍGENA ORIGINARIO CAMPESINO (TIOC), ÁREA Y GRUPO DE EDAD, CENSOS 2001, 2012 Y 2024",Censos de Población y Vivienda,,,https://nimbus.ine.gob.bo/index.php/s/XF7AGafmPNmqLPA/download,False
,BOLETÍN ESTADÍSTICO ENCUESTA CONTINUA DE EMPLEO ECE 4T-2023,Boletines Estadísticos,,,https://nimbus.ine.gob.bo/index.php/s/XKSf332aRfEDE7L/download,True
,"BOLIVIA: INCIDENCIA EN EL PRODUCTO INTERNO BRUTO A PRECIOS CONSTANTES POR ACTIVIDAD ECONÓMICA SEGÚN TRIMESTRE, 1991 – 2024",Producto Interno Bruto Trimestral,,,https://nimbus.ine.gob.bo/index.php/s/XfMitxj88nE3oip/download,False
,"BOLIVIA: POBLACIÓN OCUPADA DE 14 O MÁS AÑOS DE EDAD POR GRUPO OCUPACIONAL Y SEXO, SEGÚN DEPARTAMENTO, PROVINCIA, MUNICIPIO O TERRITORIO INDÍGENA ORIGINARIO CAMPESINO (TIOC), ÁREA Y GRUPO DE EDAD, CENSOS 2001, 2012 Y 2024",Censos de Población y Vivienda,,,https://nimbus.ine.gob.bo/index.php/s/XfgxKoP7jzW4r8c/download,False
,"BOLIVIA: PARTICIPACIÓN EN EL PRODUCTO INTERNO BRUTO A PRECIOS CORRIENTES POR ACTIVIDAD ECONÓMICA SEGÚN TRIMESTRE, 1990 – 2024",Producto Interno Bruto Trimestral,,,https://nimbus.ine.gob.bo/index.php/s/XqRjKsRoDHFGbAZ/download,False
,"SALARIO, REMUNERACIÓN Y EMPLEO DEL SECTOR PÚBLICO 2010 – 2017","Salarios, Remuneraciones y Empleo Sector Público",,,https://nimbus.ine.gob.bo/index.php/s/XrkcoF9ypW2oT5H/download,False
,"BOLIVIA: POBLACIÓN DE 6 O MÁS AÑOS DE EDAD POR IDIOMA DE MAYOR USO, SEGÚN DEPARTAMENTO, PROVINCIA, MUNICIPIO O TERRITORIO INDÍGENA ORIGINARIO CAMPESINO (TIOC) Y SEXO, CENSOS 2012 Y 2024",Idiomas,,,https://nimbus.ine.gob.bo/index.php/s/Xwow6TG987zTr8W/download,False
,"BOLIVIA: PROYECCIONES DE POBLACIÓN DE AMBOS SEXOS, POR DEPARTAMENTO SEGÚN EDADES SIMPLES, 2024-2034",Población y Hechos Vitales,,,https://nimbus.ine.gob.bo/index.php/s/XxZxSi83BHQaj2g/download,True
,BOLETÍN ESTADÍSTICO ENCUESTA CONTINUA DE EMPLEO ECE 2T-2026,Boletines Estadísticos,,,https://nimbus.ine.gob.bo/index.php/s/XyytkK8PTt4NQTX/download,True
,"BOLIVIA: VARIACIÓN DEL PRODUCTO INTERNO BRUTO A PRECIOS CONSTANTES POR TIPO DE GASTO, 1989 – 2024",Introducción,,,https://nimbus.ine.gob.bo/index.php/s/Xz35QSJGZddbCNG/download,False
,"BOLIVIA: HOGARES PARTICULARES Y PORCENTAJE QUE TIENEN INTERNET POR CATEGORÍAS SELECCIONADAS, SEGÚN DEPARTAMENTO, PROVINCIA, MUNICIPIO O TERRITORIO INDÍGENA ORIGINARIO CAMPESINO (TIOC) Y ÁREA, CENSOS 2012 Y 2024",Censos,,,https://nimbus.ine.gob.bo/index.php/s/Y3g2Eg6wLfprwoT/download,False
,"BOLIVIA: POBLACIÓN DE 15 O MÁS AÑOS DE EDAD POR SEXO Y GRUPOS DE EDAD, SEGÚN DEPARTAMENTO, PROVINCIA, MUNICIPIO O TERRITORIO INDÍGENA ORIGINARIO CAMPESINO (TIOC), ÁREA Y ESTADO CIVIL, CENSOS 2001, 2012 Y 2024",Estado Civil o Situación Conyugal,,,https://nimbus.ine.gob.bo/index.php/s/Y6dWkjK75paZZzW/download,False
,"BOLIVIA: VIVIENDAS PARTICULARES, COLECTIVAS, NÚMERO DE VIVIENDAS PARTICULARES POR CADA MIL HABITANTES, CRECIMIENTO INTERCENSAL DE VIVIENDAS PARTICULARES Y TASA MEDIA DE CRECIMIENTO ANUAL DE LAS VIVIENDAS, SEGÚN DEPARTAMENTO, PROVINCIA, MUNICIPIO O TERRITORIO INDÍGENA ORIGINARIO CAMPESINO (TIOC) Y ÁREA, CENSOS 2001, 2012 Y 2024",Vivienda y Hogar,,,https://nimbus.ine.gob.bo/index.php/s/YNbbwBoPiNcZgnx/download,False
,SALARIOS Y REMUNERACIONES DEL SECTOR PRIVADO III TRIMESTRE 2021,"Salarios, Remuneraciones y Empleo de los Asalariados en el Sector Privado",,,https://nimbus.ine.gob.bo/index.php/s/YR6bXqeWSjyABNA/download,False
,"BOLIVIA: POBLACIÓN DE 6 O MÁS AÑOS DE EDAD POR IDIOMA DE MAYOR USO, SEGÚN DEPARTAMENTO, PROVINCIA, MUNICIPIO O TERRITORIO INDÍGENA ORIGINARIO CAMPESINO (TIOC) Y ÁREA, CENSOS 2012 Y 2024",Idiomas,,,https://nimbus.ine.gob.bo/index.php/s/YaZw4gZaKMKg82W/download,False
,MATRIZ DE PRODUCCION A PRECIOS CORRIENTES 1997,Matrices de Producción,,,https://nimbus.ine.gob.bo/index.php/s/Yf8P9e4Nr98nEQy/download,False
,"BOLIVIA: POBLACIÓN POR COMPONENTES DEL ÍNDICE DE NECESIDADES BÁSICAS INSATISFECHAS, SEGÚN DEPARTAMENTO, PROVINCIA, MUNICIPIO O TERRITORIO INDÍGENA ORIGINARIO CAMPESINO (TIOC) Y ÁREA, CENSOS 2012 Y 2024",Pobreza y Desigualdad,,,https://nimbus.ine.gob.bo/index.php/s/YfegJyspQwCtZDj/download,False
,"BOLIVIA: PRODUCTO INTERNO BRUTO A PRECIOS CORRIENTES POR TIPO DE GASTO SEGÚN TRIMESTRE, 1990 – 2024",Producto Interno Bruto Trimestral,,,https://nimbus.ine.gob.bo/index.php/s/ZBwn6sDZ4gbQxHG/download,False
,"BOLIVIA: VIVIENDAS PARTICULARES OCUPADAS CON PERSONAS PRESENTES Y PERSONAS FALLECIDAS DECLARADAS, SEGÚN DEPARTAMENTO, PROVINCIA, MUNICIPIO O TERRITORIO INDÍGENA ORIGINARIO CAMPESINO (TIOC) Y ÁREA, CENSOS 2012 Y 2024",Mortalidad,,,https://nimbus.ine.gob.bo/index.php/s/ZCdTTB4eSemXpJG/download,False
,DESCARGA DE BASE DE DATOS EN FORMATO REDATAM 7 — 603.6 MB (ZIP),Descargas,,,https://nimbus.ine.gob.bo/index.php/s/ZFcZgQxeymG4DeP/download,True
,"BOLIVIA: PROMEDIO DE PERSONAS POR HOGAR, SEGÚN DEPARTAMENTO, PROVINCIA, MUNICIPIO O TERRITORIO INDÍGENA ORIGINARIO CAMPESINO (TIOC) Y ÁREA, CENSOS 2001, 2012 Y 2024",Vivienda y Hogar,,,https://nimbus.ine.gob.bo/index.php/s/ZKREbXwwRaJ35rB/download,False
,BOLETÍN ESTADÍSTICO COMEX ENERO A MAYO 2020,Saldo Comercial,,,https://nimbus.ine.gob.bo/index.php/s/ZcXJfX5JXEkaxLW/download,True
,"BOLIVIA VARIACIÓN ACUMULADA DE LA OFERTA Y DEMANDA FINAL A PRECIOS CONSTANTES POR COMPONENTE SEGÚN TRIMESTRE, 1991 – 2024",Producto Interno Bruto Trimestral,,,https://nimbus.ine.gob.bo/index.php/s/Zdga7LCZfty7Lai/download,False
,"BOLIVIA: VIVIENDAS PARTICULARES OCUPADAS CON PERSONAS PRESENTES POR MATERIAL DE CONSTRUCCIÓN MÁS UTILIZADO EN PAREDES Y REVOQUE DE LAS PAREDES INTERIORES, SEGÚN DEPARTAMENTO, PROVINCIA, MUNICIPIO O TERRITORIO INDÍGENA ORIGINARIO CAMPESINO (TIOC) Y ÁREA, CENSOS 2001, 2012 Y 2024",Vivienda y Hogar,,,https://nimbus.ine.gob.bo/index.php/s/ZjY492cGcKTpAk8/download,False
,MATRIZ DE PRODUCCION A PRECIOS CORRIENTES 2000,Matrices de Producción,,,https://nimbus.ine.gob.bo/index.php/s/ZkW5f8frLo7SMdc/download,False
,"BOLIVIA: POBLACIÓN DE 15 A 24 AÑOS Y DE 19 O MÁS AÑOS DE EDAD Y PORCENTAJE QUE COMPLETÓ PRIMARIA POR CATEGORÍAS SELECCIONADAS E ÍNDICES DE PARIDAD, SEGÚN DEPARTAMENTO, PROVINCIA, MUNICIPIO O TERRITORIO INDÍGENA ORIGINARIO CAMPESINO (TIOC) Y ÁREA, CENSOS 2012 Y 2024",Censos,,,https://nimbus.ine.gob.bo/index.php/s/ZmCRNfgkXQCNSXj/download,False
,"BOLIVIA: POBLACIÓN EN VIVIENDAS PARTICULARES Y PORCENTAJE DE POBLACIÓN CON ACCESO A SERVICIO DE SANEAMIENTO GESTIONADO DE MANERA SEGURA POR CATEGORÍAS SELECCIONADAS, SEGÚN DEPARTAMENTO, PROVINCIA, MUNICIPIO O TERRITORIO INDÍGENA ORIGINARIO CAMPESINO (TIOC) Y ÁREA, CENSOS 2012 Y 2024",Censos,,,https://nimbus.ine.gob.bo/index.php/s/ZntgBM4kdwG6Dg6/download,False
,"BOLIVIA: PRODUCTO INTERNO BRUTO A PRECIOS CORRIENTES POR TIPO DE GASTO, 1988 – 2024",Introducción,,,https://nimbus.ine.gob.bo/index.php/s/aD3JgsqqPTZaQtF/download,False
,"BOLIVIA OFERTA Y DEMANDA FINAL A PRECIOS CONSTANTES POR COMPONENTE SEGÚN TRIMESTRE, 1990 – 2024",Producto Interno Bruto Trimestral,,,https://nimbus.ine.gob.bo/index.php/s/aGTaygkPyYWm5TX/download,False
,"BOLIVIA: POBLACIÓN POR SEXO, SEGÚN DEPARTAMENTO, PROVINCIA, MUNICIPIO O TERRITORIO INDÍGENA ORIGINARIO CAMPESINO (TIOC), ÁREA Y GRUPO DE EDAD DE ETAPAS DE LA VIDA, CENSOS 2001, 2012 Y 2024",Población,,,https://nimbus.ine.gob.bo/index.php/s/aHGtefJ9GjPK6aH/download,False
,BOLETÍN ESTADÍSTICO COMEX ENERO A DICIEMBRE 2020,Saldo Comercial,,,https://nimbus.ine.gob.bo/index.php/s/acZM2XG8Lnjs4xW/download,True
,MATRIZ DE PRODUCCION A PRECIOS CORRIENTES 2001,Matrices de Producción,,,https://nimbus.ine.gob.bo/index.php/s/akiFodDeExwjYeE/download,False
,BOLETÍN ESTADÍSTICO PRECIOS INTERNACIONALES SEPTIEMBRE DE 2025,Precios Internacionales,,,https://nimbus.ine.gob.bo/index.php/s/apCYwW3qQmqycnR/download,True
,"BOLIVIA: POBLACIÓN DE 6 O MÁS AÑOS DE EDAD POR IDIOMA EN TERCER ORDEN DE USO, SEGÚN DEPARTAMENTO, PROVINCIA, MUNICIPIO O TERRITORIO INDÍGENA ORIGINARIO CAMPESINO (TIOC) Y GRUPO DE EDAD, CENSOS 2012 Y 2024",Idiomas,,,https://nimbus.ine.gob.bo/index.php/s/ayMWfbkN5ySdX2o/download,False
,"BOLIVIA: ÍNDICE DE ENVEJECIMIENTO DE LA POBLACIÓN DE 65 O MÁS AÑOS DE EDAD POR SEXO, SEGÚN DEPARTAMENTO, PROVINCIA, MUNICIPIO O TERRITORIO INDÍGENA ORIGINARIO CAMPESINO (TIOC) Y ÁREA, CENSOS 2001, 2012 Y 2024",Población,,,https://nimbus.ine.gob.bo/index.php/s/b7HpKbYxxKyTSt2/download,False
,"BOLIVIA: INDICADORES DE MIGRACIÓN INTERNA RECIENTE PARA LA POBLACIÓN DE 5 A 17 AÑOS DE EDAD, SEGÚN DEPARTAMENTO, PROVINCIA, MUNICIPIO O TERRITORIO INDÍGENA ORIGINARIO CAMPESINO (TIOC) Y SEXO, PERÍODOS 1996 – 2001, 2007 – 2012 Y 2019 – 2024, CENSOS 2001, 2012 Y 2024",Migración Interna,,,https://nimbus.ine.gob.bo/index.php/s/bJ2yZCsamXYbTfe/download,False
,"BOLIVIA: PROYECCIÓN DE LA POBLACIÓN TOTAL E INDICADORES DEMOGRÁFICOS, POR DEPARTAMENTO 2024-2034",Población y Hechos Vitales,,,https://nimbus.ine.gob.bo/index.php/s/bJm5kKqLRCaxZAX/download,True
,"BOLIVIA: POBLACIÓN QUE DECLARA AUTOIDENTIFICACIÓN SEGÚN LISTADO REFERENCIAL DE NACIÓN PUEBLO INDÍGENA ORIGINARIO CAMPESINO Y AFROBOLIVIANO, SEGÚN DEPARTAMENTO, PROVINCIA, MUNICIPIO O TERRITORIO INDÍGENA ORIGINARIO CAMPESINO (TIOC) Y GRUPO DE EDAD, CENSO 2024",Autoidentificación,,,https://nimbus.ine.gob.bo/index.php/s/bNmtR8iZ6kYo77a/download,False
,MATRIZ DE PRODUCCION (EN MILES DE BOLIVIANOS DE 1990) ( 2003),Matrices de Producción,,,https://nimbus.ine.gob.bo/index.php/s/bTJbDyf9dHHNdp2/download,False
,BOLETÍN ESTADÍSTICO COMEX COMERCIO EXTERIOR ENERO A MAYO 2018 Y 2019,Saldo Comercial,,,https://nimbus.ine.gob.bo/index.php/s/bbnS7amtHnrszjY/download,True
,MATRIZ DE PRODUCCION (EN MILES DE BOLIVIANOS DE 1990) ( 2010),Matrices de Producción,,,https://nimbus.ine.gob.bo/index.php/s/bgTGByabaS6Wd5A/download,False
,"BOLIVIA: VIVIENDAS PARTICULARES OCUPADAS CON PERSONAS PRESENTES POR CALIDAD DE LA VIVIENDA, SEGÚN DEPARTAMENTO, PROVINCIA, MUNICIPIO O TERRITORIO INDÍGENA ORIGINARIO CAMPESINO (TIOC) Y ÁREA, CENSOS 2001, 2012 Y 2024",Vivienda y Hogar,,,https://nimbus.ine.gob.bo/index.php/s/bqGeojkGTrd2w7g/download,False
,"BOLIVIA: DEFLACTOR IMPLÍCITO DEL PRODUCTO INTERNO BRUTO POR TIPO DE GASTO, 1988 – 2024",Introducción,,,https://nimbus.ine.gob.bo/index.php/s/cE7gM7xQtxWJZzx/download,False
,"BOLIVIA: FORMACIÓN BRUTA DE CAPITAL FIJO A PRECIOS CONSTANTES SEGÚN PRODUCTO, 1988 – 2024",Formación Bruta de Capital Fijo,,,https://nimbus.ine.gob.bo/index.php/s/cLHcn4ss7YB55dC/download,True
,"BOLIVIA: MUJERES DE 15 A 49 AÑOS DE EDAD QUE TUVIERON HIJAS(OS) EN LOS ÚLTIMOS CINCO AÑOS Y SU PARTO FUE ATENDIDO POR PERSONAL DE SALUD CALIFICADO(1),SEGÚN DEPARTAMENTO, PROVINCIA, MUNICIPIO O TERRITORIO INDÍGENA ORIGINARIO CAMPESINO (TIOC) Y GRUPO DE EDAD, CENSOS 2001 Y 2024",Salud,,,https://nimbus.ine.gob.bo/index.php/s/cSxryDospYicRK4/download,False
,"BOLIVIA: TENENCIA DE TECNOLOGÍAS DE INFORMACIÓN Y COMUNICACIÓN (TIC) EN EL HOGAR, SEGÚN DEPARTAMENTO, PROVINCIA, MUNICIPIO O TERRITORIO INDÍGENA ORIGINARIO CAMPESINO (TIOC) Y ÁREA, CENSOS 2001, 2012 Y 2024",Censos,,,https://nimbus.ine.gob.bo/index.php/s/cXdE2zsWkofQkmG/download,False
,BOLETÍN ESTADÍSTICO COMEX ENERO A ABRIL 2020,Saldo Comercial,,,https://nimbus.ine.gob.bo/index.php/s/ciiBGaA7ow58xGF/download,True
,"BOLIVIA: NACIMIENTOS INSCRITOS EN EL REGISTRO CIVIL POR SEXO, SEGÚN DEPARTAMENTO, PROVINCIA, MUNICIPIO O TERRITORIO INDÍGENA ORIGINARIO CAMPESINO (TIOC) Y ÁREA, CENSOS 2001, 2012 Y 2024",Ciudadanía,,,https://nimbus.ine.gob.bo/index.php/s/cqAfqSnamw4WJze/download,False
,"BOLIVIA: INCIDENCIA EN EL PRODUCTO INTERNO BRUTO A PRECIOS CONSTANTES SEGÚN ACTIVIDAD ECONÓMICA, 1989 – 2024",Introducción,,,https://nimbus.ine.gob.bo/index.php/s/csybLGzMxipdLTN/download,False
,"BOLIVIA VARIACIÓN CON RELACIÓN A SIMILAR PERIODO DE LA OFERTA Y DEMANDA FINAL A PRECIOS CONSTANTES POR COMPONENTE SEGÚN TRIMESTRE, 1991 – 2024",Producto Interno Bruto Trimestral,,,https://nimbus.ine.gob.bo/index.php/s/d7zEks4F74sDmXF/download,False
,MATRIZ DE PRODUCCION A PRECIOS CORRIENTES 2003,Matrices de Producción,,,https://nimbus.ine.gob.bo/index.php/s/dEaHBaXBycWteay/download,False
,GLOSARIO Y FICHA TÉCNICA,Estado Civil o Situación Conyugal,,,https://nimbus.ine.gob.bo/index.php/s/dFEYwLaHGGxqz7s/download,False
,"BOLIVIA: POBLACIÓN DE 6 O MÁS AÑOS DE EDAD POR NIVEL DE MULTILINGÜISMO Y SEXO, SEGÚN DEPARTAMENTO, PROVINCIA, MUNICIPIO O TERRITORIO INDÍGENA ORIGINARIO CAMPESINO (TIOC) Y GRUPO DE EDAD, CENSOS 2012 Y 2024",Idiomas,,,https://nimbus.ine.gob.bo/index.php/s/dRmjKFXAFdzqoCt/download,False
,GLOSARIO Y FICHA TÉCNICA,Servicios Básicos,,,https://nimbus.ine.gob.bo/index.php/s/disCGPP2sFPQ5d3/download,False
,"BOLIVIA: POBLACIÓN DE 14 O MÁS AÑOS DE EDAD, POR CONDICIÓN DE ACTIVIDAD Y SEXO, SEGÚN DEPARTAMENTO, PROVINCIA, MUNICIPIO O TERRITORIO INDÍGENA ORIGINARIO CAMPESINO (TIOC), ÁREA Y GRUPO DE EDAD, CENSOS 2001, 2012 Y 2024",Censos de Población y Vivienda,,,https://nimbus.ine.gob.bo/index.php/s/eXCdLCjNCgggxT2/download,False
,BOLETÍN ESTADÍSTICO COMEX ENERO A AGOSTO 2018 Y 2019 CIFRAS PRELIMINARES,Saldo Comercial,,,https://nimbus.ine.gob.bo/index.php/s/eb9odQnL5t5KB5c/download,True
,BOLETÍN ESTADÍSTICO PARQUE AUTOMOTOR 2023,Parque Automotor,,,https://nimbus.ine.gob.bo/index.php/s/en5d6NnTifkwdJR/download,True
,MATRIZ DE PRODUCCION (EN MILES DE BOLIVIANOS DE 1990) ( 2004),Matrices de Producción,,,https://nimbus.ine.gob.bo/index.php/s/ew7iYsKfatXbo5s/download,False
,"BOLIVIA: EMIGRANTES DECLARADOS POR SEXO, SEGÚN DEPARTAMENTO, PROVINCIA, MUNICIPIO O TERRITORIO INDÍGENA ORIGINARIO CAMPESINO (TIOC), ÁREA Y GRUPO DE EDAD, CENSOS 2012 Y 2024",Emigración Internacional,,,https://nimbus.ine.gob.bo/index.php/s/eyfBReordRM5X9y/download,False
,"BOLIVIA: PERSONAS FALLECIDAS DE COVID-19 DECLARADAS POR SEXO, SEGÚN DEPARTAMENTO, PROVINCIA, MUNICIPIO O TERRITORIO INDÍGENA ORIGINARIO CAMPESINO (TIOC), ÁREA Y GRUPO DE EDAD, CENSO 2024(1)",Mortalidad,,,https://nimbus.ine.gob.bo/index.php/s/fKnLBfbgmaLWX7K/download,False
,"BOLIVIA: MUJERES DE 20 A 24 AÑOS Y PORCENTAJE DE MUJERES QUE HAN TENIDO HIJAS E HIJOS ANTES DE CIERTAS EDADES EXACTAS, SEGÚN DEPARTAMENTO, PROVINCIA, MUNICIPIO O TERRITORIO INDÍGENA ORIGINARIO CAMPESINO (TIOC) Y ÁREA, CENSO 2024",Censos,,,https://nimbus.ine.gob.bo/index.php/s/fPZEtw4KT9xtKrD/download,False
,BOLETÍN ESTADÍSTICO PRECIOS INTERNACIONALES AGOSTO 2020,Precios Internacionales,,,https://nimbus.ine.gob.bo/index.php/s/fSnk5etZP2tGGnq/download,True
,GLOSARIO Y FICHA TÉCNICA,Autoidentificación,,,https://nimbus.ine.gob.bo/index.php/s/fgngjbT37qWWtro/download,False
,MATRIZ DE PRODUCCION A PRECIOS CORRIENTES 1996,Matrices de Producción,,,https://nimbus.ine.gob.bo/index.php/s/fi4qSqCEWn33QEH/download,False
,BOLETÍN ESTADÍSTICO COMEX OCTUBRE 2021,Saldo Comercial,,,https://nimbus.ine.gob.bo/index.php/s/fk6Xg4PaEG4cJ8w/download,True
,"BOLIVIA: MUJERES DE 15 A 49 AÑOS DE EDAD QUE TUVIERON HIJAS(OS) EN LOS ÚLTIMOS CINCO AÑOS, POR PERSONAL QUE ATENDIÓ EL ÚLTIMO PARTO, SEGÚN DEPARTAMENTO, PROVINCIA, MUNICIPIO O TERRITORIO INDÍGENA ORIGINARIO CAMPESINO (TIOC) Y ÁREA, CENSOS 2001 Y 2024",Salud,,,https://nimbus.ine.gob.bo/index.php/s/fprpkwMm6JHQ4mw/download,False
,"BOLIVIA: PROYECCIONES DE POBLACIÓN POR SEXO, SEGÚN EDAD, 2024-2034",Población y Hechos Vitales,,,https://nimbus.ine.gob.bo/index.php/s/g3QPXLGSLmXPEsF/download,True
,BOLETÍN ESTADÍSTICO PARQUE AUTOMOTOR 2024,Parque Automotor,,,https://nimbus.ine.gob.bo/index.php/s/g9Qr89CqAQFmxgj/download,True
,"BOLIVIA: POBLACIÓN POR SEXO, SEGÚN DEPARTAMENTO, PROVINCIA, MUNICIPIO O TERRITORIO INDÍGENA ORIGINARIO CAMPESINO (TIOC), ÁREA Y GRANDES GRUPOS DE EDAD, CENSOS 2001, 2012 Y 2024",Población,,,https://nimbus.ine.gob.bo/index.php/s/gC6RT2Ma8baQ3wW/download,False
,"BOLIVIA: EDAD MEDIANA DE LA POBLACIÓN POR SEXO, SEGÚN DEPARTAMENTO, PROVINCIA, MUNICIPIO O TERRITORIO INDÍGENA ORIGINARIO CAMPESINO (TIOC) Y ÁREA, CENSOS 2001, 2012 Y 2024",Población,,,https://nimbus.ine.gob.bo/index.php/s/gQYrAcxWoQHfkaz/download,False
,"BOLIVIA: VIVIENDAS PARTICULARES OCUPADAS CON PERSONAS PRESENTES POR DISPONIBILIDAD Y USO DEL BAÑO O SERVICIO SANITARIO, SEGÚN DEPARTAMENTO, PROVINCIA, MUNICIPIO O TERRITORIO INDÍGENA ORIGINARIO CAMPESINO (TIOC) Y ÁREA, CENSOS 2001, 2012 Y 2024",Servicios Básicos,,,https://nimbus.ine.gob.bo/index.php/s/gXdDJ2bPACmMo6W/download,False
,"BOLIVIA: PRODUCTO INTERNO BRUTO A PRECIOS CONSTANTES POR TIPO DE GASTO, 1988 – 2024",Introducción,,,https://nimbus.ine.gob.bo/index.php/s/gZakEoKWeGg8WQF/download,False
,"BOLIVIA: VIVIENDAS PARTICULARES OCUPADAS CON PERSONAS PRESENTES POR FORMAS DE ELIMINACIÓN DE LA BASURA, SEGÚN DEPARTAMENTO, PROVINCIA, MUNICIPIO O TERRITORIO INDÍGENA ORIGINARIO CAMPESINO (TIOC) Y ÁREA, CENSOS 2012 Y 2024",Servicios Básicos,,,https://nimbus.ine.gob.bo/index.php/s/gbCszzPHmnzgL4E/download,False
,"BOLIVIA: POBLACIÓN DE 6 O MÁS AÑOS DE EDAD QUE HABLA AL MENOS UN IDIOMA ORIGINARIO POR SEXO, SEGÚN DEPARTAMENTO, PROVINCIA, MUNICIPIO O TERRITORIO INDÍGENA ORIGINARIO CAMPESINO (TIOC) Y ÁREA, CENSOS 2012 Y 2024",Idiomas,,,https://nimbus.ine.gob.bo/index.php/s/geWPm8bqjZJoyWC/download,False
,"BOLIVIA: POBLACIÓN OCUPADA DE 14 O MÁS AÑOS DE EDAD Y PORCENTAJE DE POBLACIÓN OCUPADA EN INDUSTRIA MANUFACTURERA POR CATEGORÍAS SELECCIONADAS, SEGÚN DEPARTAMENTO, PROVINCIA, MUNICIPIO O TERRITORIO INDÍGENA ORIGINARIO CAMPESINO (TIOC) Y ÁREA, CENSOS 2012 Y 2024",Censos,,,https://nimbus.ine.gob.bo/index.php/s/gfP3WBHYTzXM5bm/download,False
,GLOSARIO Y FICHA TÉCNICA,Censos,,,https://nimbus.ine.gob.bo/index.php/s/ggfS6kMoCYXQ2Hn/download,False
,"BOLIVIA:  MUJERES DE 15 A 19 AÑOS DE EDAD, TOTAL HIJAS E HIJOS NACIDOS VIVOS Y PARIDEZ MEDIA POR CATEGORÍAS SELECCIONADAS, SEGÚN DEPARTAMENTO, PROVINCIA, MUNICIPIO O TERRITORIO INDÍGENA ORIGINARIO CAMPESINO (TIOC) Y ÁREA, CENSOS 2012 Y 2024",Censos,,,https://nimbus.ine.gob.bo/index.php/s/i23XNZ4PQ89LRRE/download,False
,BOLETÍN ESTADÍSTICO COMEX ENERO A SEPTIEMBRE 2018 Y 2019 CIFRAS PRELIMINARES,Saldo Comercial,,,https://nimbus.ine.gob.bo/index.php/s/i6g4XYLNPAA4EJ6/download,True
,BOLETÍN ESTADÍSTICO PARQUE AUTOMOTOR 2022,Parque Automotor,,,https://nimbus.ine.gob.bo/index.php/s/iDsfb3rc52yFHjA/download,True
,BOLETÍN ESTADÍSTICO COMEX MARZO 2026,Saldo Comercial,,,https://nimbus.ine.gob.bo/index.php/s/iF4NBte8tpJi9cA/download,True
,GLOSARIO Y FICHA TÉCNICA,Idiomas,,,https://nimbus.ine.gob.bo/index.php/s/iJcR2643StEe32W/download,False
,"BOLIVIA: INDICADORES DE MIGRACIÓN INTERNA RECIENTE PARA LA POBLACIÓN DE 18 A 29 AÑOS DE EDAD, SEGÚN DEPARTAMENTO, PROVINCIA, MUNICIPIO O TERRITORIO INDÍGENA ORIGINARIO CAMPESINO (TIOC) Y SEXO, PERÍODOS 1996 – 2001, 2007 – 2012 Y 2019 – 2024, CENSOS 2001, 2012 Y 2024",Migración Interna,,,https://nimbus.ine.gob.bo/index.php/s/iSLbnQ7H2SoNGbe/download,False
,"BOLIVIA: POBLACIÓN POR TIPO DE VIVIENDA COLECTIVA, SEGÚN DEPARTAMENTO, PROVINCIA, MUNICIPIO O TERRITORIO INDÍGENA ORIGINARIO CAMPESINO (TIOC) Y ÁREA, CENSO 2024",Vivienda y Hogar,,,https://nimbus.ine.gob.bo/index.php/s/iissmQ5Zq9Dcmiy/download,False
,"BOLIVIA: VIVIENDAS PARTICULARES OCUPADAS CON PERSONAS PRESENTES POR DISTRIBUCIÓN DEL AGUA, SEGÚN DEPARTAMENTO, PROVINCIA, MUNICIPIO O TERRITORIO INDÍGENA ORIGINARIO CAMPESINO (TIOC) Y ÁREA, CENSOS 2001, 2012 Y 2024",Servicios Básicos,,,https://nimbus.ine.gob.bo/index.php/s/ipW6rmbXA4kteoT/download,False
,BOLETÍN ESTADÍSTICO PRECIOS INTERNACIONALES CUARTO TRIMESTRE DE 2019,Precios Internacionales,,,https://nimbus.ine.gob.bo/index.php/s/izrjyN9izBrSYT6/download,True
,GLOSARIO Y FICHA TÉCNICA,Ciudadanía,,,https://nimbus.ine.gob.bo/index.php/s/jAWmpD39xWBXxZc/download,False
,"BOLIVIA: POBLACIÓN POR AUTOIDENTIFICACIÓN Y SEXO, SEGÚN DEPARTAMENTO, PROVINCIA, MUNICIPIO O TERRITORIO INDÍGENA ORIGINARIO CAMPESINO (TIOC) Y ÁREA, CENSO 2024",Autoidentificación,,,https://nimbus.ine.gob.bo/index.php/s/jPdGBH8J9eDkngi/download,False
,"BOLIVIA: VIVIENDAS PARTICULARES OCUPADAS CON PERSONAS PRESENTES POR TIPO DE TENENCIA DE LA VIVIENDA, SEGÚN DEPARTAMENTO, PROVINCIA, MUNICIPIO O TERRITORIO INDÍGENA ORIGINARIO CAMPESINO (TIOC) Y ÁREA, CENSOS 2001, 2012 Y 2024",Vivienda y Hogar,,,https://nimbus.ine.gob.bo/index.php/s/jTwCStZRscKHWAM/download,False
,BOLETÍN ESTADÍSTICO COMEX ENERO A SEPTIEMBRE 2020,Saldo Comercial,,,https://nimbus.ine.gob.bo/index.php/s/jek4NwtDni2pLFH/download,True
,"BOLIVIA: POBLACIÓN DE 6 O MÁS AÑOS DE EDAD POR NIVEL DE MULTILINGÜISMO Y SEXO, SEGÚN DEPARTAMENTO, PROVINCIA, MUNICIPIO O TERRITORIO INDÍGENA ORIGINARIO CAMPESINO (TIOC) Y ÁREA, CENSOS 2012 Y 2024",Idiomas,,,https://nimbus.ine.gob.bo/index.php/s/jq95Dpms9FKBosE/download,False
,"BOLIVIA: POBLACIÓN OCUPADA DE 14 O MÁS AÑOS DE EDAD POR ACTIVIDAD ECONÓMICA Y SEXO, SEGÚN DEPARTAMENTO, PROVINCIA Y MUNICIPIO O TERRITORIO INDÍGENA ORIGINARIO CAMPESINO (TIOC), ÁREA Y GRUPO DE EDAD, CENSOS 2012 Y 2024",Censos de Población y Vivienda,,,https://nimbus.ine.gob.bo/index.php/s/k3YfdwdMTw2RsjB/download,False
,"BOLIVIA: POBLACIÓN POR CONDICIÓN DE NECESIDADES BÁSICAS INSATISFECHAS, SEGÚN DEPARTAMENTO, PROVINCIA, MUNICIPIO O TERRITORIO INDÍGENA ORIGINARIO CAMPESINO (TIOC) Y ÁREA, CENSOS 2012 Y 2024",Pobreza y Desigualdad,,,https://nimbus.ine.gob.bo/index.php/s/kR5z8qSttyaGTaX/download,False
,"BOLIVIA: VARIACIÓN CON RELACIÓN A SIMILAR PERIODO DEL PRODUCTO INTERNO BRUTO A PRECIOS CONSTANTES POR TIPO DE GASTO SEGÚN TRIMESTRE, 1991 – 2024",Producto Interno Bruto Trimestral,,,https://nimbus.ine.gob.bo/index.php/s/ka3NMfTtHaym54H/download,False
,"BOLIVIA: POBLACIÓN ESTIMADA Y PROYECTADA Y TASA DE CRECIMIENTO SEGÚN AÑOS CALENDARIO, 2000 – 2050",Población y Hechos Vitales,,,https://nimbus.ine.gob.bo/index.php/s/kdz7ktspssFz6C4/download,True
,BOLETÍN ESTADÍSTICO COMEX MAYO 2025,Saldo Comercial,,,https://nimbus.ine.gob.bo/index.php/s/knBcKPKsqDtHmsE/download,True
,BOLETÍN ESTADÍSTICO ENCUESTA CONTINUA DE EMPLEO ECE 3T-2025,Boletines Estadísticos,,,https://nimbus.ine.gob.bo/index.php/s/kp6fTQqbLpg2A7q/download,True
,"BOLIVIA: NIVEL DE INSTRUCCIÓN ALCANZADO POR LA POBLACIÓN DE 19 O MÁS AÑOS DE EDAD POR SEXO, SEGÚN DEPARTAMENTO, PROVINCIA, MUNICIPIO O TERRITORIO INDÍGENA ORIGINARIO CAMPESINO (TIOC) Y ÁREA, CENSOS 2001, 2012 Y 2024",Censos,,,https://nimbus.ine.gob.bo/index.php/s/ktyxddZN6ZC6B37/download,False
,"BOLIVIA: INDICADORES DE CRECIMIENTO DE LA POBLACIÓN POR PERÍODO INTERCENSAL, SEGÚN DEPARTAMENTO, PROVINCIA, MUNICIPIO O TERRITORIO INDÍGENA ORIGINARIO CAMPESINO (TIOC) Y ÁREA, PERÍODOS 2001-2012 Y 2012-2024",Población,,,https://nimbus.ine.gob.bo/index.php/s/mE7r9jz38tiG6zt/download,False
,MATRIZ DE PRODUCCION A PRECIOS CORRIENTES 2002,Matrices de Producción,,,https://nimbus.ine.gob.bo/index.php/s/mKXC84gx3Lm5toJ/download,False
,MATRIZ DE PRODUCCION (EN MILES DE BOLIVIANOS DE 1990) ( 2014),Matrices de Producción,,,https://nimbus.ine.gob.bo/index.php/s/maYCeBcC7B8s46s/download,False
,"BOLIVIA: VIVIENDAS PARTICULARES OCUPADAS CON PERSONAS PRESENTES POR TIPOLOGÍA DE HOGAR, SEGÚN DEPARTAMENTO, PROVINCIA, MUNICIPIO O TERRITORIO INDÍGENA ORIGINARIO CAMPESINO (TIOC) Y SEXO DE LA JEFA O JEFE DEL HOGAR, CENSOS 2001, 2012 Y 2024",Vivienda y Hogar,,,https://nimbus.ine.gob.bo/index.php/s/mgK5sfzNJP5BwfE/download,False
,"BOLIVIA: POBLACIÓN OCUPADA DE 14 O MÁS AÑOS DE EDAD POR ACTIVIDAD ECONÓMICA Y SEXO, SEGÚN DEPARTAMENTO, PROVINCIA, MUNICIPIO O TERRITORIO INDÍGENA ORIGINARIO CAMPESINO (TIOC), ÁREA Y GRUPO DE EDAD, CENSO 2001",Censos de Población y Vivienda,,,https://nimbus.ine.gob.bo/index.php/s/msmqNCz4FDXCFd8/download,False
,BOLETÍN ESTADÍSTICO COMEX COMERCIO EXTERIOR PRIMER SEMESTRE 2018 Y 2019 CIFRAS PRELIMINARES,Saldo Comercial,,,https://nimbus.ine.gob.bo/index.php/s/mzWz7YWGt8wr3MJ/download,True
,"BOLIVIA: POBLACIÓN DE 6 O MÁS AÑOS DE EDAD QUE HABLA AL MENOS UN IDIOMA ORIGINARIO POR SEXO, SEGÚN DEPARTAMENTO, PROVINCIA, MUNICIPIO O TERRITORIO INDÍGENA ORIGINARIO CAMPESINO (TIOC) Y GRUPO DE EDAD, CENSOS 2012 Y 2024",Idiomas,,,https://nimbus.ine.gob.bo/index.php/s/n236Gib3fi3MPwt/download,False
,"BOLIVIA: PROYECCIONES DE POBLACIÓN DE AMBOS SEXOS, SEGÚN EDAD, 2024-2034",Población y Hechos Vitales,,,https://nimbus.ine.gob.bo/index.php/s/nBq9cK6Mn5L2Q4a/download,True
,GLOSARIO Y FICHA TÉCNICA,Equipamiento del Hogar,,,https://nimbus.ine.gob.bo/index.php/s/nCjQNmjBS8yzjd8/download,False
,"BOLIVIA: VIVIENDAS PARTICULARES OCUPADAS CON PERSONAS PRESENTES POR NÚMERO DE CUARTOS O HABITACIONES QUE UTILIZAN SÓLO PARA DORMIR, SEGÚN DEPARTAMENTO, PROVINCIA, MUNICIPIO O TERRITORIO INDÍGENA ORIGINARIO CAMPESINO (TIOC) Y ÁREA, CENSOS 2001, 2012 Y 2024",Vivienda y Hogar,,,https://nimbus.ine.gob.bo/index.php/s/nCxYN2gG88N9xz6/download,False
,MATRIZ DE PRODUCCION A PRECIOS CORRIENTES 2005,Matrices de Producción,,,https://nimbus.ine.gob.bo/index.php/s/nKWkfEEDDDxHfDn/download,False
,"BOLIVIA: TIPO DE VIVIENDA COLECTIVA, SEGÚN DEPARTAMENTO, PROVINCIA, MUNICIPIO O TERRITORIO INDÍGENA ORIGINARIO CAMPESINO (TIOC) Y ÁREA, CENSO 2024",Vivienda y Hogar,,,https://nimbus.ine.gob.bo/index.php/s/nKgWEgzBriKpW3M/download,False
,BOLETÍN ESTADÍSTICO COMEX SEPTIEMBRE 2025,Saldo Comercial,,,https://nimbus.ine.gob.bo/index.php/s/nSnFBr3sH32xwCF/download,True
,"BOLIVIA: MUJERES DE 15 A 49 AÑOS DE EDAD QUE TUVIERON HIJAS(OS) EN LOS ÚLTIMOS CINCO AÑOS Y SU PARTO FUE ATENDIDO POR PERSONAL DE SALUD CALIFICADO(1), SEGÚN DEPARTAMENTO, PROVINCIA, MUNICIPIO O TERRITORIO INDÍGENA ORIGINARIO CAMPESINO (TIOC) Y ÁREA, CENSOS 2001 Y 2024",Salud,,,https://nimbus.ine.gob.bo/index.php/s/nWZ5A8N8yJ8JotL/download,False
,MATRIZ DE PRODUCCION (EN MILES DE BOLIVIANOS DE 1990) ( 2000),Matrices de Producción,,,https://nimbus.ine.gob.bo/index.php/s/nrLpiPRR45Q4EeM/download,False
,"BOLIVIA: INDICADORES DE MIGRACIÓN INTERNA ABSOLUTA, SEGÚN DEPARTAMENTO, PROVINCIA, MUNICIPIO O TERRITORIO INDÍGENA ORIGINARIO CAMPESINO (TIOC) Y SEXO, CENSOS 2001, 2012 Y 2024",Migración Interna,,,https://nimbus.ine.gob.bo/index.php/s/nzSK4a3D7kWkPpq/download,False
,"BOLIVIA: POBLACIÓN DE 4 A 17 AÑOS DE EDAD Y TASA DE ASISTENCIA POR SEXO, SEGÚN DEPARTAMENTO, PROVINCIA, MUNICIPIO O TERRITORIO INDÍGENA ORIGINARIO CAMPESINO (TIOC), ÁREA Y GRUPO DE EDAD, CENSOS 2001, 2012 Y 2024",Censos,,,https://nimbus.ine.gob.bo/index.php/s/o4WnYQoR38Zecyk/download,False
,"BOLIVIA: RELACIÓN DE DEPENDENCIA DEMOGRÁFICA POR SEXO, SEGÚN DEPARTAMENTO, PROVINCIA, MUNICIPIO O TERRITORIO INDÍGENA ORIGINARIO CAMPESINO (TIOC) Y ÁREA, CENSOS 2001, 2012 Y 2024",Población,,,https://nimbus.ine.gob.bo/index.php/s/o9fBymydbQ46CNJ/download,False
,"BOLIVIA: ESTRUCTURA DE LA POBLACIÓN POR SEXO, SEGÚN DEPARTAMENTO, PROVINCIA, MUNICIPIO O TERRITORIO INDÍGENA ORIGINARIO CAMPESINO (TIOC), ÁREA Y GRUPO DE EDAD QUINQUENAL, CENSOS 2001, 2012 Y 2024",Población,,,https://nimbus.ine.gob.bo/index.php/s/oC2ixKqNFXgwFxG/download,False
,"BOLIVIA: POBLACIÓN POR DECLARACIÓN DE AUTOIDENTIFICACIÓN, SEGÚN DEPARTAMENTO, PROVINCIA, MUNICIPIO O TERRITORIO INDÍGENA ORIGINARIO CAMPESINO (TIOC) Y ÁREA, CENSO 2024",Autoidentificación,,,https://nimbus.ine.gob.bo/index.php/s/oRbbi4g3tt482Kr/download,False
,GLOSARIO Y FICHA TÉCNICA,Vivienda y Hogar,,,https://nimbus.ine.gob.bo/index.php/s/omQpWeKPY2ebAQY/download,False
,"BOLIVIA: POBLACIÓN POR DECLARACIÓN DE AUTOIDENTIFICACIÓN, SEGÚN DEPARTAMENTO, PROVINCIA, MUNICIPIO O TERRITORIO INDÍGENA ORIGINARIO CAMPESINO (TIOC) Y SEXO, CENSO 2024",Autoidentificación,,,https://nimbus.ine.gob.bo/index.php/s/oso9tKgBApbpL6M/download,False
,BOLETÍN ESTADÍSTICO PRECIOS INTERNACIONALES ENERO 2021,Precios Internacionales,,,https://nimbus.ine.gob.bo/index.php/s/owogLWcakFwCWbM/download,True
,"BOLIVIA: AÑOS PROMEDIO DE ESTUDIO DE LA POBLACIÓN DE 19 O MÁS AÑOS DE EDAD POR SEXO, SEGÚN DEPARTAMENTO, PROVINCIA, MUNICIPIO O TERRITORIO INDÍGENA ORIGINARIO CAMPESINO (TIOC), ÁREA Y GRUPO DE EDAD, CENSOS 2001, 2012 Y 2024",Censos,,,https://nimbus.ine.gob.bo/index.php/s/p2wBM2H6oTajytF/download,False
,GLOSARIO Y FICHA TÉCNICA,Censos_,,,https://nimbus.ine.gob.bo/index.php/s/pFjcMDP6jmcxmwt/download,False
,GLOSARIO Y FICHA TÉCNICA,Migración Internacional,,,https://nimbus.ine.gob.bo/index.php/s/pLcRnWjdjS2xt6j/download,False
,"BOLIVIA: VIVIENDAS PARTICULARES OCUPADAS CON PERSONAS PRESENTES POR MATERIAL MÁS UTILIZADO EN PISOS, SEGÚN DEPARTAMENTO, PROVINCIA, MUNICIPIO O TERRITORIO INDÍGENA ORIGINARIO CAMPESINO (TIOC) Y ÁREA, CENSOS 2001, 2012 Y 2024",Vivienda y Hogar,,,https://nimbus.ine.gob.bo/index.php/s/pb2GWosFtHiMK4p/download,False
,"BOLIVIA: VIVIENDAS PARTICULARES OCUPADAS CON PERSONAS PRESENTES POR NÚMERO DE CUARTOS O HABITACIONES MULTIUSO, SEGÚN DEPARTAMENTO, PROVINCIA, MUNICIPIO O TERRITORIO INDÍGENA ORIGINARIO CAMPESINO (TIOC) Y ÁREA, CENSOS 2001, 2012 Y 2024",Vivienda y Hogar,,,https://nimbus.ine.gob.bo/index.php/s/pkpS4RswifmmY5D/download,False
,"BOLIVIA: POBLACIÓN OCUPADA DE 14 O MÁS AÑOS DE EDAD POR GRUPO OCUPACIONAL Y SEXO, SEGÚN DEPARTAMENTO, PROVINCIA, MUNICIPIO O TERRITORIO INDÍGENA ORIGINARIO CAMPESINO (TIOC), ÁREA Y GRUPO DE EDAD, CENSOS 2001, 2012 Y 2024",Censos de Población y Vivienda,,,https://nimbus.ine.gob.bo/index.php/s/py5bpG4dJKx8dCT/download,False
,"BOLIVIA: POBLACIÓN DE 6 O MÁS AÑOS DE EDAD POR IDIOMA EN SEGUNDO ORDEN DE USO, SEGÚN DEPARTAMENTO, PROVINCIA, MUNICIPIO O TERRITORIO INDÍGENA ORIGINARIO CAMPESINO (TIOC) Y SEXO, CENSOS 2012 Y 2024",Idiomas,,,https://nimbus.ine.gob.bo/index.php/s/q9g2Wn9ZcPbtE3W/download,False
,DESCARGA DE BASE DE DATOS CSV 413.1 MB (ZIP),Descargas,,,https://nimbus.ine.gob.bo/index.php/s/qEmK9gnkGCZ3K7D/download,True
,MATRIZ DE PRODUCCION A PRECIOS CORRIENTES 1994,Matrices de Producción,,,https://nimbus.ine.gob.bo/index.php/s/qLiG9GQGKDw7pgp/download,False
,MATRIZ DE PRODUCCION (EN MILES DE BOLIVIANOS DE 1990) ( 2005),Matrices de Producción,,,https://nimbus.ine.gob.bo/index.php/s/qNjDxrit8z9WTNc/download,False
,BOLETÍN ESTADÍSTICO COMEX SEPTIEMBRE 2021,Saldo Comercial,,,https://nimbus.ine.gob.bo/index.php/s/qmisRdb7ixjx6ST/download,True
,"BOLIVIA: POBLACIÓN CON ACCESO A ENERGÍA ELÉCTRICA, SEGÚN DEPARTAMENTO, PROVINCIA, MUNICIPIO O TERRITORIO INDÍGENA ORIGINARIO CAMPESINO (TIOC) Y ÁREA, CENSOS 2001, 2012 Y 2024",Servicios Básicos,,,https://nimbus.ine.gob.bo/index.php/s/qwrniG6fKAgMizy/download,False
,"BOLIVIA: POBLACIÓN DE 6 O MÁS AÑOS DE EDAD POR IDIOMA DE MAYOR USO, SEGÚN DEPARTAMENTO, PROVINCIA, MUNICIPIO O TERRITORIO INDÍGENA ORIGINARIO CAMPESINO (TIOC) Y GRUPO DE EDAD, CENSOS 2012 Y 2024",Idiomas,,,https://nimbus.ine.gob.bo/index.php/s/r3DZCfABYZRZKqB/download,False
,GLOSARIO Y FICHA TÉCNICA,Fecundidad,,,https://nimbus.ine.gob.bo/index.php/s/r5cBco4cgTrodTe/download,False
,"BOLIVIA: POBLACIÓN QUE VIVE EN LA CALLE O EN TRÁNSITO, SEGÚN DEPARTAMENTO, PROVINCIA, MUNICIPIO O TERRITORIO INDÍGENA ORIGINARIO CAMPESINO (TIOC) Y ÁREA, CENSO 2024",Vivienda y Hogar,,,https://nimbus.ine.gob.bo/index.php/s/r68nqaBLENwH8jb/download,False
,"BOLIVIA: VARIACIÓN CON RELACIÓN A SIMILAR PERIODO DEL PRODUCTO INTERNO BRUTO A PRECIOS CONSTANTES POR ACTIVIDAD ECONÓMICA SEGÚN TRIMESTRE, 1991 – 2024",Producto Interno Bruto Trimestral,,,https://nimbus.ine.gob.bo/index.php/s/r6rwwCc9LqddEys/download,False
,"BOLIVIA: VIVIENDAS PARTICULARES OCUPADAS CON PERSONAS PRESENTES POR PROMEDIO DE PERSONAS POR DORMITORIO, HABITACIÓN O CUARTO MULTIUSO Y PERSONAS POR HOGAR, SEGÚN DEPARTAMENTO, PROVINCIA, MUNICIPIO O TERRITORIO INDÍGENA ORIGINARIO CAMPESINO (TIOC) Y ÁREA, CENSOS 2001, 2012 Y 2024",Vivienda y Hogar,,,https://nimbus.ine.gob.bo/index.php/s/rG6NdkKDiJrGMA2/download,False
,"SALARIO, REMUNERACIONES Y EMPLEO DEL SECTOR PRIVADO 2009-2016","Salarios, Remuneraciones y Empleo de los Asalariados en el Sector Privado",,,https://nimbus.ine.gob.bo/index.php/s/rKYqee5HQ335rkA/download,False
,"BOLIVIA: INMIGRANTES INTERNACIONALES POR PAÍS DE NACIMIENTO, SEGÚN DEPARTAMENTO, PROVINCIA, MUNICIPIO O TERRITORIO INDÍGENA ORIGINARIO CAMPESINO (TIOC) Y SEXO, CENSOS 2012 Y 2024",Migración Internacional,,,https://nimbus.ine.gob.bo/index.php/s/rQA66m42yr9mQmR/download,False
,BOLETÍN ESTADÍSTICO COMEX ABRIL 2025,Saldo Comercial,,,https://nimbus.ine.gob.bo/index.php/s/rSYdDEYfNEbPmxC/download,True
,"Ley Nº 548: Código Niña, Niño y Adolescente.",Información Técnica,,,https://nimbus.ine.gob.bo/index.php/s/rb5mxC6Mr3Agj9s/download,False
,BOLETÍN ESTADÍSTICO COMEX ENERO 2021,Saldo Comercial,,,https://nimbus.ine.gob.bo/index.php/s/s5jkyPKfJwgYgkA/download,True
,MATRIZ DE PRODUCCION (EN MILES DE BOLIVIANOS DE 1990) ( 1998),Matrices de Producción,,,https://nimbus.ine.gob.bo/index.php/s/sHSwbx9Rek5aknn/download,False
,"BOLIVIA: INDICADORES DE MIGRACIÓN INTERNA RECIENTE DE 60 O MÁS AÑOS DE EDAD, SEGÚN DEPARTAMENTO, PROVINCIA, MUNICIPIO O TERRITORIO INDÍGENA ORIGINARIO CAMPESINO (TIOC) Y SEXO, PERÍODOS 1996 – 2001, 2007 – 2012 Y 2019 – 2024, CENSOS 2001, 2012 Y 2024",Migración Interna,,,https://nimbus.ine.gob.bo/index.php/s/sT9PfZCzzmGWjD2/download,False
,MATRIZ DE PRODUCCION A PRECIOS CORRIENTES 1999,Matrices de Producción,,,https://nimbus.ine.gob.bo/index.php/s/sazNLJJ2oyWg3wo/download,False
,MATRIZ DE PRODUCCION (EN MILES DE BOLIVIANOS DE 1990) ( 1989),Matrices de Producción,,,https://nimbus.ine.gob.bo/index.php/s/scnBY9J9nqnFjoe/download,False
,"BOLIVIA: PROYECCIÓN DE LA POBLACIÓN TOTAL E INDICADORES DEMOGRÁFICOS,  2024-2034",Población y Hechos Vitales,,,https://nimbus.ine.gob.bo/index.php/s/si4iZ9NSq3QMH6B/download,True
,"BOLIVIA: IDIOMAS HABLADOS(1) POR LA POBLACIÓN DE 6 O MÁS AÑOS DE EDAD INDEPENDIENTEMENTE DEL ORDEN DE SU USO, SEGÚN DEPARTAMENTO, PROVINCIA, MUNICIPIO O TERRITORIO INDÍGENA ORIGINARIO CAMPESINO (TIOC) Y GRUPO DE EDAD, CENSOS 2012 Y 2024",Idiomas,,,https://nimbus.ine.gob.bo/index.php/s/skcgcXL57jzEscH/download,False
,"BOLIVIA: VIVIENDAS PARTICULARES OCUPADAS CON PERSONAS PRESENTES POR HACINAMIENTO POR DORMITORIO, SEGÚN DEPARTAMENTO, PROVINCIA, MUNICIPIO O TERRITORIO INDÍGENA ORIGINARIO CAMPESINO (TIOC) Y ÁREA, CENSOS 2001, 2012 Y 2024",Vivienda y Hogar,,,https://nimbus.ine.gob.bo/index.php/s/spkB6xy8mfzDQ68/download,False
,"BOLIVIA: POBLACIÓN EN VIVIENDAS PARTICULARES Y PORCENTAJE DE POBLACIÓN CON ACCESO A FUENTE MEJORADA DE AGUA POR CATEGORÍAS SELECCIONADAS, SEGÚN DEPARTAMENTO, PROVINCIA, MUNICIPIO O TERRITORIO INDÍGENA ORIGINARIO CAMPESINO (TIOC) Y ÁREA, CENSOS 2012 Y 2024",Censos,,,https://nimbus.ine.gob.bo/index.php/s/sw8xwg2X7XcR6L3/download,False
,"BOLIVIA: PARTICIPACIÓN EN EL PRODUCTO INTERNO BRUTO A PRECIOS CORRIENTES POR TIPO DE GASTO SEGÚN TRIMESTRE, 1990 – 2024",Producto Interno Bruto Trimestral,,,https://nimbus.ine.gob.bo/index.php/s/tNdcHKLmwBoeBWo/download,False
,"BOLIVIA: FORMACIÓN BRUTA DE CAPITAL FIJO A PRECIOS CORRIENTES SEGÚN PRODUCTO, 1988 – 2024",Formación Bruta de Capital Fijo,,,https://nimbus.ine.gob.bo/index.php/s/tWBAK3jbzappZZD/download,True
,"SALARIO, REMUNERACIÓN, EMPLEO Y PROMEDIOS SALARIALES SECTOR PÚBLICO 2007-2016","Salarios, Remuneraciones y Empleo Sector Público",,,https://nimbus.ine.gob.bo/index.php/s/tanHF3xRRd3q5ML/download,False
,MATRIZ DE PRODUCCION A PRECIOS CORRIENTES 1995,Matrices de Producción,,,https://nimbus.ine.gob.bo/index.php/s/tgRZAHNAKMzbA9r/download,False
,BOLETÍN ESTADÍSTICO COMEX AGOSTO 2025,Saldo Comercial,,,https://nimbus.ine.gob.bo/index.php/s/w7koL7PQSBREYfP/download,True
,BOLETÍN ESTADÍSTICO PRECIOS INTERNACIONALES ABRIL DE 2025,Precios Internacionales,,,https://nimbus.ine.gob.bo/index.php/s/w9d7b7xDPgDTiAr/download,True
,"BOLIVIA: POBLACIÓN POR SEXO REGISTRADA AL SISTEMA ÚNICO DE SALUD O AFILIADA A SEGUROS DE SALUD, SEGÚN DEPARTAMENTO, PROVINCIA , MUNICIPIO O TERRITORIO INDÍGENA ORIGINARIO CAMPESINO (TIOC) Y ÁREA, CENSO 2024",Salud,,,https://nimbus.ine.gob.bo/index.php/s/wATgkAD6CGQfSQ5/download,False
,MATRIZ DE PRODUCCION (EN MILES DE BOLIVIANOS DE 1990) ( 2013),Matrices de Producción,,,https://nimbus.ine.gob.bo/index.php/s/wE4nQXACRGAZMGL/download,False
,"BOLIVIA: INCIDENCIA EN EL PRODUCTO INTERNO BRUTO A PRECIOS CONSTANTES POR TIPO DE GASTO SEGÚN TRIMESTRE, 1991 – 2024",Producto Interno Bruto Trimestral,,,https://nimbus.ine.gob.bo/index.php/s/wHHA8RzSG9RXAXB/download,False
,MATRIZ DE PRODUCCION A PRECIOS CORRIENTES 2004,Matrices de Producción,,,https://nimbus.ine.gob.bo/index.php/s/wcEbnzHaQBniLwT/download,False
,"BOLIVIA: POBLACIÓN OCUPADA DE 14 O MÁS AÑOS DE EDAD POR CATEGORÍA OCUPACIONAL Y SEXO, SEGÚN DEPARTAMENTO, PROVINCIA, MUNICIPIO O TERRITORIO INDÍGENA ORIGINARIO CAMPESINO (TIOC), ÁREA Y GRUPO DE EDAD, CENSOS 2001, 2012 Y 2024",Censos de Población y Vivienda,,,https://nimbus.ine.gob.bo/index.php/s/wjDHFDifdxASmDX/download,False
,"BOLIVIA: MUJERES DE 15 A 49 AÑOS DE EDAD QUE TUVIERON HIJAS(OS) EN LOS ÚLTIMOS CINCO AÑOS Y PORCENTAJE DE PARTOS QUE FUERON ATENDIDOS POR PERSONAL DE SALUD CALIFICADO(1) POR CATEGORÍAS SELECCIONADAS, SEGÚN DEPARTAMENTO, PROVINCIA, MUNICIPIO O TERRITORIO INDÍGENA ORIGINARIO CAMPESINO (TIOC) Y ÁREA, CENSOS 2001 Y 2024",Censos,,,https://nimbus.ine.gob.bo/index.php/s/wjFD3ZqkBK2sA8r/download,False
,"BOLIVIA: INCIDENCIA DE LA FORMACIÓN BRUTA DE CAPITAL FIJO A PRECIOS CONSTANTES SEGÚN PRODUCTO, 1989 – 2024",Formación Bruta de Capital Fijo,,,https://nimbus.ine.gob.bo/index.php/s/wpWQwSeKsYCTsHH/download,True
,MATRIZ DE PRODUCCION (EN MILES DE BOLIVIANOS DE 1990) ( 1996),Matrices de Producción,,,https://nimbus.ine.gob.bo/index.php/s/x8asXzwtkHi3iWB/download,False
,MATRIZ DE PRODUCCION (EN MILES DE BOLIVIANOS DE 1990) ( 1993),Matrices de Producción,,,https://nimbus.ine.gob.bo/index.php/s/xJYcLw9PDowssiA/download,False
,"BOLIVIA: INMIGRANTES INTERNACIONALES POR PAÍS DE NACIMIENTO, SEGÚN DEPARTAMENTO, PROVINCIA, MUNICIPIO O TERRITORIO INDÍGENA ORIGINARIO CAMPESINO (TIOC), ÁREA Y GRUPO DE EDAD, CENSOS 2012 Y 2024",Migración Internacional,,,https://nimbus.ine.gob.bo/index.php/s/xMeYZqppGPyt7Y5/download,False
,"BOLIVIA: POBLACIÓN Y DISTRIBUCIÓN PORCENTUAL POR SEXO, SEGÚN DEPARTAMENTO, PROVINCIA, MUNICIPIO O TERRITORIO INDÍGENA ORIGINARIO CAMPESINO (TIOC) Y ÁREA, CENSOS 2001, 2012 Y 2024",Población,,,https://nimbus.ine.gob.bo/index.php/s/xPJBjGDNP6Yyg7D/download,False
,"BOLIVIA: POBLACIÓN DE 6 O MÁS AÑOS DE EDAD POR IDIOMA EN SEGUNDO ORDEN DE USO, SEGÚN DEPARTAMENTO, PROVINCIA, MUNICIPIO O TERRITORIO INDÍGENA ORIGINARIO CAMPESINO (TIOC) Y GRUPO DE EDAD, CENSOS 2012 Y 2024",Idiomas,,,https://nimbus.ine.gob.bo/index.php/s/xmjf8NLPiMrXoiQ/download,False
,"BOLIVIA: VIVIENDAS PARTICULARES OCUPADAS CON PERSONAS PRESENTES POR DISPONIBILIDAD DE ENERGÍA ELÉCTRICA, SEGÚN DEPARTAMENTO, PROVINCIA, MUNICIPIO O TERRITORIO INDÍGENA ORIGINARIO CAMPESINO (TIOC) Y ÁREA, CENSOS 2001, 2012 Y 2024",Servicios Básicos,,,https://nimbus.ine.gob.bo/index.php/s/xy3YBCFcBJRBfB9/download,False
,"BOLIVIA: PROYECCIONES DE POBLACIÓN POR SEXO, SEGÚN DEPARTAMENTO Y EDAD, 2024-2034",Población y Hechos Vitales,,,https://nimbus.ine.gob.bo/index.php/s/yH5aDcLtLZY73HG/download,True
,FICHA TECNICA – MYPES,Mypes,,,https://nimbus.ine.gob.bo/index.php/s/yJEoLJjfdweTNJ4/download,False
,"BOLIVIA: VARIACIÓN ACUMULADA DEL PRODUCTO INTERNO BRUTO A PRECIOS CONSTANTES POR ACTIVIDAD ECONÓMICA SEGÚN TRIMESTRE, 1991 – 2024",Producto Interno Bruto Trimestral,,,https://nimbus.ine.gob.bo/index.php/s/yc7bbWKyM48Tz9L/download,False
,"BOLIVIA: POBLACIÓN QUE DECLARA AUTOIDENTIFICACION SEGÚN LISTADO REFERENCIAL DE NACIÓN PUEBLO INDÍGENA ORIGINARIO CAMPESINO Y AFROBOLIVIANO, SEGÚN DEPARTAMENTO, PROVINCIA, MUNICIPIO O TERRITORIO INDÍGENA ORIGINARIO CAMPESINO (TIOC) Y SEXO, CENSO 2024",Autoidentificación,,,https://nimbus.ine.gob.bo/index.php/s/yoEHJXKFFHC4FpL/download,False
,BOLETÍN ESTADÍSTICO COMEX ENERO A JULIO 2018 Y 2019 CIFRAS PRELIMINARES AGOSTO 2019,Saldo Comercial,,,https://nimbus.ine.gob.bo/index.php/s/yqNcaCsReCaJzcA/download,True
,"BOLIVIA: ÍNDICE DE ENVEJECIMIENTO DE LA POBLACIÓN DE 60 O MÁS AÑOS DE EDAD POR SEXO, SEGÚN DEPARTAMENTO, PROVINCIA Y MUNICIPIO O TERRITORIO INDÍGENA ORIGINARIO CAMPESINO (TIOC) Y ÁREA, CENSOS 2001, 2012 Y 2024",Población,,,https://nimbus.ine.gob.bo/index.php/s/ywMyG5ydEg2HFfZ/download,False
,"BOLIVIA: DEFLACTOR IMPLÍCITO DEL PRODUCTO INTERNO BRUTO POR TIPO DE GASTO SEGÚN TRIMESTRE, 1990 – 2024",Producto Interno Bruto Trimestral,,,https://nimbus.ine.gob.bo/index.php/s/ywkE2RRMsKLxqmH/download,False
,BOLETÍN ESTADÍSTICO PRECIOS INTERNACIONALES FEBRERO 2021,Precios Internacionales,,,https://nimbus.ine.gob.bo/index.php/s/z9zW55rHrneN7zz/download,True
,"BOLIVIA: POBLACIÓN QUE POR PROBLEMAS DE SALUD ACUDE A ESTABLECIMIENTOS DE SALUD O ATIENDE SU SALUD CON REMEDIOS CASEROS O AUTOMEDICACIÓN, SEGÚN DEPARTAMENTO, PROVINCIA, MUNICIPIO O TERRITORIO INDÍGENA ORIGINARIO CAMPESINO (TIOC) Y SEXO, CENSO 2012 Y 2024",Salud,,,https://nimbus.ine.gob.bo/index.php/s/zLc2Ts6rmz839Dn/download,False
,MATRIZ DE PRODUCCION A PRECIOS CORRIENTES 2012,Matrices de Producción,,,https://nimbus.ine.gob.bo/index.php/s/zXNX5X6j4fycReQ/download,False
,"BOLIVIA: POBLACIÓN POR TENENCIA DE CÉDULA DE IDENTIDAD POR SEXO, SEGÚN DEPARTAMENTO, PROVINCIA, MUNICIPIO O TERRITORIO INDÍGENA ORIGINARIO CAMPESINO (TIOC) Y ÁREA, CENSOS 2012 Y 2024",Ciudadanía,,,https://nimbus.ine.gob.bo/index.php/s/zXtpoEX3MW6QJSq/download,False
,"BOLIVIA: NIÑAS Y NIÑOS DE 4 Y 5 AÑOS DE EDAD Y TASA DE ASISTENCIA A UN ESTABLECIMIENTO EDUCATIVO DE NIÑAS Y NIÑOS DE 4 A 5 AÑOS POR CATEGORÍAS SELECCIONADAS E ÍNDICES DE PARIDAD, SEGÚN DEPARTAMENTO, PROVINCIA, MUNICIPIO O TERRITORIO INDÍGENA ORIGINARIO CAMPESINO (TIOC) Y ÁREA, CENSOS 2012 Y 2024",Censos,,,https://nimbus.ine.gob.bo/index.php/s/zeZt7seJeK2FwYm/download,False
,"BOLIVIA: PARTICIPACIÓN EN EL PRODUCTO INTERNO BRUTO A PRECIOS CORRIENTES POR TIPO DE GASTO, 1988 – 2024",Introducción,,,https://nimbus.ine.gob.bo/index.php/s/zf59YZ8kLcDkdmj/download,False
,MATRIZ DE PRODUCCION (EN MILES DE BOLIVIANOS DE 1990) ( 2012),Matrices de Producción,,,https://nimbus.ine.gob.bo/index.php/s/zkftEH68DyADfBT/download,False
,"BOLIVIA: ÍNDICE DE JUVENTUD POR SEXO, SEGÚN DEPARTAMENTO, PROVINCIA, MUNICIPIO O TERRITORIO INDÍGENA ORIGINARIO CAMPESINO (TIOC) Y ÁREA, CENSOS 2001, 2012 Y 2024",Población,,,https://nimbus.ine.gob.bo/index.php/s/znbHo4gML2dDw9m/download,False
,BOLETÍN ESTADÍSTICO PRECIOS INTERNACIONALES JULIO 2021,Precios Internacionales,,,https://nube.ine.gob.bo/index.php/s/2GwuYZhyvxBhQ2x/download,True
,BOLETÍN ESTADÍSTICO COMEX AGOSTO 2021,Saldo Comercial,,,https://nube.ine.gob.bo/index.php/s/33VfWg5IngvtTPn/download,True
,BOLETÍN ESTADÍSTICO PRECIOS INTERNACIONALES JUNIO DE 2020,Precios Internacionales,,,https://nube.ine.gob.bo/index.php/s/7XqCHF4wMRUN0Dm/download,True
,SALARIOS Y REMUNERACIONES DEL SECTOR PRIVADO – SEPTIEMBRE 2020,"Salarios, Remuneraciones y Empleo de los Asalariados en el Sector Privado",,,https://nube.ine.gob.bo/index.php/s/CfV10Fhrrq2zF0i/download,False
,Presentación Taller,Instituto Abierto,,,https://nube.ine.gob.bo/index.php/s/EQWHKoe6PwALOLX/download,True
,BOLETÍN ESTADÍSTICO PRECIOS INTERNACIONALES AGOSTO 2021,Precios Internacionales,,,https://nube.ine.gob.bo/index.php/s/Ej4oEklHokG3B7g/download,True
,SALARIOS Y REMUNERACIONES DEL SECTOR PRIVADO – JUNIO 2020,"Salarios, Remuneraciones y Empleo de los Asalariados en el Sector Privado",,,https://nube.ine.gob.bo/index.php/s/F9Xbom8qyEExm4U/download,False
,Agenda,Instituto Abierto,,,https://nube.ine.gob.bo/index.php/s/FMdUmBaUn2g8dXI/download,True
,BOLETÍN ESTADÍSTICO PRECIOS INTERNACIONALES NOVIEMBRE 2020,Precios Internacionales,,,https://nube.ine.gob.bo/index.php/s/QCSxYgFLwfAmLYQ/download,True
,BOLETÍN ESTADÍSTICO ENCUESTA CONTINUA DE EMPLEO ECE 3T 2021 RESULTADOS PRELIMINARES,Boletines Estadísticos,,,https://nube.ine.gob.bo/index.php/s/UQXLwUQacaTzxmN/download,True
,Cuestionarios preliminares EDSA 2021 (para consulta),Instituto Abierto,,,https://nube.ine.gob.bo/index.php/s/XDdRbfyaBCfiTSV/download,True
,BOLETÍN ESTADÍSTICO PRECIOS INTERNACIONALES OCTUBRE 2021,Precios Internacionales,,,https://nube.ine.gob.bo/index.php/s/btEHH7qYAVcXKXc/download,True
,BOLETÍN ESTADÍSTICO PRECIOS INTERNACIONALES MAYO 2021,Precios Internacionales,,,https://nube.ine.gob.bo/index.php/s/cneYxEfNB4SDiA0/download,True
,BOLETÍN ESTADÍSTICO ENCUESTA CONTINUA DE EMPLEO ECE 2T 2021 RESULTADOS PRELIMINARES,Boletines Estadísticos,,,https://nube.ine.gob.bo/index.php/s/crWvZ2vCBDazztQ/download,True
,BOLETÍN ESTADÍSTICO COMEX ABRIL 2021,Saldo Comercial,,,https://nube.ine.gob.bo/index.php/s/f3HIgngNFt8knR4/download,True
,SALARIOS Y REMUNERACIONES DEL SECTOR PRIVADO IV TRIMESTRE 2020,"Salarios, Remuneraciones y Empleo de los Asalariados en el Sector Privado",,,https://nube.ine.gob.bo/index.php/s/gCHhRbeBPiJbTpD/download,False
,BOLETÍN ESTADÍSTICO PRECIOS INTERNACIONALES SEPTIEMBRE 2021,Precios Internacionales,,,https://nube.ine.gob.bo/index.php/s/hTwtnRg9Tpzl8zs/download,True
,Censo 1992,Cuestionarios censales,,,https://nube.ine.gob.bo/index.php/s/jTXjay5dHm8KYKO/download,True
,BOLETÍN ESTADÍSTICO PRECIOS INTERNACIONALES ABRIL 2021,Precios Internacionales,,,https://nube.ine.gob.bo/index.php/s/kVFwHBl1tyYK8bm/download,True
,BOLETÍN ESTADÍSTICO PRECIOS INTERNACIONALES MARZO 2021,Precios Internacionales,,,https://nube.ine.gob.bo/index.php/s/l9QCtiGegQwR6MK/download,True
,BOLETÍN ESTADÍSTICO ENCUESTA CONTINUA DE EMPLEO ECE 4T 2019 RESULTADOS PRELIMINARES,Boletines Estadísticos,,,https://nube.ine.gob.bo/index.php/s/rvV2wez4riGXRma/download,True
2013-11-14 15:42:20-04:00,Censo 1976,Cuestionarios censales,pdf,107.41,https://nube.ine.gob.bo/index.php/s/W40r4gZSa1RQaXX/download,True
2015-10-12 14:55:46-04:00,MATRIZ DE TRANSFERENCIAS CORRIENTES ( 2001),Matrices de Transacciones,pdf,55.78,https://nube.ine.gob.bo/index.php/s/McRmPmOuGRGHu0v/download,True
2015-10-12 14:56:12-04:00,MATRIZ DE TRANSFERENCIAS CORRIENTES ( 2002),Matrices de Transacciones,pdf,57.04,https://nube.ine.gob.bo/index.php/s/TfkroVpSLDjO0Iq/download,True
2015-10-12 14:56:40-04:00,MATRIZ DE TRANSFERENCIAS DE CAPITAL ( 2000),Matrices de Transacciones,pdf,55.99,https://nube.ine.gob.bo/index.php/s/qn8vt0fjFB0ztbK/download,True
2015-10-12 14:57:28-04:00,MATRIZ DE TRANSFERENCIAS DE CAPITAL ( 1999),Matrices de Transacciones,pdf,54.42,https://nube.ine.gob.bo/index.php/s/nLQ8bjGCpM5HAdz/download,True
2015-10-12 14:58:36-04:00,MATRIZ DE TRANSFERENCIAS DE CAPITAL ( 2001),Matrices de Transacciones,pdf,54.54,https://nube.ine.gob.bo/index.php/s/mMAra1o7qe7CaSX/download,True
2015-10-12 14:58:56-04:00,MATRIZ DE TRANSFERENCIAS CORRIENTES ( 1999),Matrices de Transacciones,pdf,56.18,https://nube.ine.gob.bo/index.php/s/q4apjR55rvmH31p/download,True
2015-10-12 14:59:10-04:00,MATRIZ DE TRANSFERENCIAS DE CAPITAL ( 1998),Matrices de Transacciones,pdf,54.58,https://nube.ine.gob.bo/index.php/s/E3wtHUCEGZl9139/download,True
2015-10-12 14:59:54-04:00,MATRIZ DE TRANSFERENCIAS CORRIENTES ( 2000),Matrices de Transacciones,pdf,66.4,https://nube.ine.gob.bo/index.php/s/tGQe9aTEitSCADf/download,True
2015-10-12 14:59:58-04:00,MATRIZ DE TRANSFERENCIAS DE CAPITAL ( 2002),Matrices de Transacciones,pdf,55.82,https://nube.ine.gob.bo/index.php/s/PvnTaM9goNE3nKb/download,True
2017-03-13 16:16:10-04:00,MATRIZ DE ENCLAVE (EN MILES DE BOLIVIANOS DE 1990) ( 1996),Matrices de Enclave,pdf,23.32,https://nube.ine.gob.bo/index.php/s/0cYNDCD14sxQzpA/download,True
2017-03-13 16:16:10-04:00,MATRIZ DE ENCLAVE (EN MILES DE BOLIVIANOS DE 1990) ( 1999),Matrices de Enclave,pdf,73.61,https://nube.ine.gob.bo/index.php/s/2swfjecR5aFmnjF/download,True
2017-03-13 16:16:10-04:00,MATRIZ DE TRANSFERENCIAS DE CAPITAL ( 1996),Matrices de Transacciones,pdf,5.32,https://nube.ine.gob.bo/index.php/s/7Kn4eJnmRKiRgtj/download,True
2017-03-13 16:16:10-04:00,MATRIZ DE ENCLAVE (EN MILES DE BOLIVIANOS DE 1990) ( 2000),Matrices de Enclave,pdf,73.38,https://nube.ine.gob.bo/index.php/s/7LiUU0aUzEUBCNk/download,True
2017-03-13 16:16:10-04:00,MATRIZ DE ENCLAVE (EN MILES DE BOLIVIANOS DE 1990) ( 1988),Matrices de Enclave,pdf,13.09,https://nube.ine.gob.bo/index.php/s/C69bOhQkIu8dfm8/download,True
2017-03-13 16:16:10-04:00,MATRIZ DE ENCLAVE (EN MILES DE BOLIVIANOS DE 1990) ( 1993),Matrices de Enclave,pdf,13.12,https://nube.ine.gob.bo/index.php/s/CvYduglY4aqjkDK/download,True
2017-03-13 16:16:10-04:00,MATRIZ DE TRANSFERENCIAS DE CAPITAL ( 1993),Matrices de Transacciones,pdf,5.86,https://nube.ine.gob.bo/index.php/s/Dq9BbWsDrS4r5Zq/download,True
2017-03-13 16:16:10-04:00,MATRIZ DE ENCLAVE (EN MILES DE BOLIVIANOS) ( 1990),Matrices de Enclave,pdf,13.12,https://nube.ine.gob.bo/index.php/s/IC6pwdtYLOUkqDs/download,True
2017-03-13 16:16:10-04:00,MATRIZ DE ENCLAVE (EN MILES DE BOLIVIANOS) ( 1989),Matrices de Enclave,pdf,51.47,https://nube.ine.gob.bo/index.php/s/Lx0D9HIxvSPLZRZ/download,True
2017-03-13 16:16:10-04:00,MATRIZ DE TRANSFERENCIAS CORRIENTES ( 1988),Matrices de Transacciones,pdf,6.47,https://nube.ine.gob.bo/index.php/s/PMvRUUnlSKWI0vd/download,True
2017-03-13 16:16:10-04:00,MATRIZ DE ENCLAVE (EN MILES DE BOLIVIANOS DE 1990) ( 1989),Matrices de Enclave,pdf,13.19,https://nube.ine.gob.bo/index.php/s/PSEGsX09pxwUMzx/download,True
2017-03-13 16:16:10-04:00,MATRIZ DE TRANSFERENCIAS DE CAPITAL ( 1988),Matrices de Transacciones,pdf,57.85,https://nube.ine.gob.bo/index.php/s/TIWmj6hhCbuJvnp/download,True
2017-03-13 16:16:10-04:00,MATRIZ DE ENCLAVE (EN MILES DE BOLIVIANOS) ( 1997),Matrices de Enclave,pdf,9.16,https://nube.ine.gob.bo/index.php/s/TqXnFHDVDMZuKGJ/download,True
2017-03-13 16:16:10-04:00,MATRIZ DE TRANSFERENCIAS CORRIENTES ( 1994),Matrices de Transacciones,pdf,59.75,https://nube.ine.gob.bo/index.php/s/UcRcgvnBvZVpSw8/download,True
2017-03-13 16:16:10-04:00,MATRIZ DE TRANSFERENCIAS CORRIENTES ( 1991),Matrices de Transacciones,pdf,60.21,https://nube.ine.gob.bo/index.php/s/bvNd6E9P2X8X0av/download,True
2017-03-13 16:16:10-04:00,MATRIZ DE TRANSFERENCIAS CORRIENTES ( 1993),Matrices de Transacciones,pdf,59.62,https://nube.ine.gob.bo/index.php/s/gtrMgUIbuXwOOdS/download,True
2017-03-13 16:16:10-04:00,MATRIZ DE ENCLAVE (EN MILES DE BOLIVIANOS DE 1990) ( 1991),Matrices de Enclave,pdf,13.12,https://nube.ine.gob.bo/index.php/s/iEMa7Yj16f5uI6i/download,True
2017-03-13 16:16:10-04:00,MATRIZ DE TRANSFERENCIAS DE CAPITAL ( 1992),Matrices de Transacciones,pdf,6.11,https://nube.ine.gob.bo/index.php/s/mxjj7s0bC7Fjt7U/download,True
2017-03-13 16:16:10-04:00,MATRIZ DE TRANSFERENCIAS CORRIENTES ( 1989),Matrices de Transacciones,pdf,6.23,https://nube.ine.gob.bo/index.php/s/q11w76mChtyqFxi/download,True
2017-03-13 16:16:10-04:00,MATRIZ DE TRANSFERENCIAS DE CAPITAL ( 1991),Matrices de Transacciones,pdf,5.93,https://nube.ine.gob.bo/index.php/s/qaNzVPjO0yGilAT/download,True
2017-03-13 16:16:10-04:00,MATRIZ DE ENCLAVE (EN MILES DE BOLIVIANOS) ( 1988),Matrices de Enclave,pdf,13.09,https://nube.ine.gob.bo/index.php/s/vK6D0jvzZxG1BdS/download,True
2017-03-13 16:16:12-04:00,MATRIZ DE ENCLAVE (EN MILES DE BOLIVIANOS) ( 1999),Matrices de Enclave,pdf,74.65,https://nube.ine.gob.bo/index.php/s/2IYziTWsnvSAop1/download,True
2017-03-13 16:16:12-04:00,MATRIZ DE TRANSFERENCIAS DE CAPITAL ( 1997),Matrices de Transacciones,pdf,5.46,https://nube.ine.gob.bo/index.php/s/4MVgcNQjvppQS4S/download,True
2017-03-13 16:16:12-04:00,MATRIZ DE TRANSFERENCIAS CORRIENTES ( 1990),Matrices de Transacciones,pdf,60.37,https://nube.ine.gob.bo/index.php/s/4OA1ETdxupDwAZ0/download,True
2017-03-13 16:16:12-04:00,MATRIZ DE TRANSFERENCIAS CORRIENTES ( 1995),Matrices de Transacciones,pdf,56.97,https://nube.ine.gob.bo/index.php/s/AIoSUQ8M3UtjWYL/download,True
2017-03-13 16:16:12-04:00,MATRIZ DE TRANSFERENCIAS DE CAPITAL ( 1989),Matrices de Transacciones,pdf,58.19,https://nube.ine.gob.bo/index.php/s/B4ncYcwR8T2kgZJ/download,True
2017-03-13 16:16:12-04:00,MATRIZ DE ENCLAVE (EN MILES DE BOLIVIANOS DE 1990) ( 1997),Matrices de Enclave,pdf,9.15,https://nube.ine.gob.bo/index.php/s/FequIIc0BZEeAgb/download,True
2017-03-13 16:16:12-04:00,MATRIZ DE ENCLAVE (EN MILES DE BOLIVIANOS) ( 1994),Matrices de Enclave,pdf,13.03,https://nube.ine.gob.bo/index.php/s/FkiAGWvjvR8Lzcc/download,True
2017-03-13 16:16:12-04:00,MATRIZ DE TRANSFERENCIAS CORRIENTES ( 1992),Matrices de Transacciones,pdf,60.24,https://nube.ine.gob.bo/index.php/s/GwUnk61aF306iyj/download,True
2017-03-13 16:16:12-04:00,MATRIZ DE TRANSFERENCIAS DE CAPITAL ( 1995),Matrices de Transacciones,pdf,5.34,https://nube.ine.gob.bo/index.php/s/LK5CR7p3Kg34YAj/download,True
2017-03-13 16:16:12-04:00,MATRIZ DE TRANSFERENCIAS DE CAPITAL ( 1990),Matrices de Transacciones,pdf,58.55,https://nube.ine.gob.bo/index.php/s/SqlVZIvWM0qobpM/download,True
2017-03-13 16:16:12-04:00,MATRIZ DE ENCLAVE (EN MILES DE BOLIVIANOS DE 1990) ( 1995),Matrices de Enclave,pdf,13.06,https://nube.ine.gob.bo/index.php/s/beo4sRXaWylNZkI/download,True
2017-03-13 16:16:12-04:00,MATRIZ DE ENCLAVE (EN MILES DE BOLIVIANOS) ( 2000),Matrices de Enclave,pdf,74.88,https://nube.ine.gob.bo/index.php/s/fvOr9PMyydafdzB/download,True
2017-03-13 16:16:12-04:00,MATRIZ DE ENCLAVE (EN MILES DE BOLIVIANOS DE 1990) ( 1998),Matrices de Enclave,pdf,74.58,https://nube.ine.gob.bo/index.php/s/joueKnJfgiWdHlI/download,True
2017-03-13 16:16:12-04:00,MATRIZ DE ENCLAVE (EN MILES DE BOLIVIANOS) ( 1992),Matrices de Enclave,pdf,13.11,https://nube.ine.gob.bo/index.php/s/lWZsgbjvQUi2UBC/download,True
2017-03-13 16:16:12-04:00,MATRIZ DE ENCLAVE (EN MILES DE BOLIVIANOS) ( 1991),Matrices de Enclave,pdf,9.33,https://nube.ine.gob.bo/index.php/s/sAL30AMKJsFxWTr/download,True
2017-03-13 16:16:12-04:00,MATRIZ DE ENCLAVE (EN MILES DE BOLIVIANOS) ( 1996),Matrices de Enclave,pdf,23.27,https://nube.ine.gob.bo/index.php/s/uDtS78jVKIWvcRl/download,True
2017-03-13 16:16:12-04:00,MATRIZ DE ENCLAVE (EN MILES DE BOLIVIANOS DE 1990) ( 1992),Matrices de Enclave,pdf,13.17,https://nube.ine.gob.bo/index.php/s/wWlag3cSc35jdRC/download,True
2017-03-13 16:16:14-04:00,MATRIZ DE ENCLAVE (EN MILES DE BOLIVIANOS DE 1990) ( 1994),Matrices de Enclave,pdf,13.08,https://nube.ine.gob.bo/index.php/s/1yLTp6Pjc6VzhOf/download,True
2017-03-13 16:16:14-04:00,MATRIZ DE TRANSFERENCIAS DE CAPITAL ( 1994),Matrices de Transacciones,pdf,5.85,https://nube.ine.gob.bo/index.php/s/6f5lEDOc0V7SoRR/download,True
2017-03-13 16:16:14-04:00,MATRIZ DE ENCLAVE (EN MILES DE BOLIVIANOS) ( 1993),Matrices de Enclave,pdf,12.99,https://nube.ine.gob.bo/index.php/s/F69kSUF0JLRNWqj/download,True
2017-03-13 16:16:14-04:00,MATRIZ DE ENCLAVE (EN MILES DE BOLIVIANOS) ( 1995),Matrices de Enclave,pdf,13.17,https://nube.ine.gob.bo/index.php/s/Sivu7BE8vsewrnZ/download,True
2017-03-13 16:16:14-04:00,MATRIZ DE TRANSFERENCIAS CORRIENTES ( 1996),Matrices de Transacciones,pdf,55.23,https://nube.ine.gob.bo/index.php/s/VfkzcPrZrf5ofPg/download,True
2017-03-13 16:16:14-04:00,MATRIZ DE ENCLAVE (EN MILES DE BOLIVIANOS) ( 1998),Matrices de Enclave,pdf,74.93,https://nube.ine.gob.bo/index.php/s/mlEjMyBLY7KFaqo/download,True
2019-09-23 12:01:01-04:00,BOLETÍN ESTADÍSTICO PRECIOS INTERNACIONALES SEGUNDO TRIMESTRE DE 2019,Precios Internacionales,pdf,3688.36,https://nube.ine.gob.bo/index.php/s/MyqIFTaGfJQOpWP/download,True
2019-11-25 13:13:13-04:00,BOLETÍN ESTADÍSTICO COMEX ENERO A OCTUBRE 2018 Y 2019 CIFRAS PRELIMINARES,Saldo Comercial,pdf,3031.96,https://nimbus.ine.gob.bo/index.php/s/BXT6CHp7QBoD5Hb/download,True
2019-12-06 13:13:13-04:00,BOLETÍN ESTADÍSTICO PRECIOS INTERNACIONALES TERCER TRIMESTRE DE 2019,Precios Internacionales,pdf,3598.53,https://nimbus.ine.gob.bo/index.php/s/5y2nADbE437Bx9N/download,True
2020-05-11 13:13:13-04:00,BOLETÍN ESTADÍSTICO PRECIOS INTERNACIONALES PRIMER TRIMESTRE 2020,Precios Internacionales,pdf,5052.52,https://nimbus.ine.gob.bo/index.php/s/DjMAa9GfGHew45Q/download,True
2020-06-10 10:36:57-04:00,EXPORTACIONES RITEX 2018,Exportaciones,spreadsheet,72.66,https://nube.ine.gob.bo/index.php/s/eToYy9t9J7MvHM8/download,True
2020-06-10 10:37:03-04:00,EXPORTACIONES RITEX 2017,Exportaciones,spreadsheet,82.74,https://nube.ine.gob.bo/index.php/s/ktaDMBHxMYUMDgp/download,True
2020-06-10 10:37:10-04:00,EXPORTACIONES RITEX 2016,Exportaciones,spreadsheet,83.33,https://nube.ine.gob.bo/index.php/s/fLn7wtDwWNLKSWY/download,True
2020-06-10 10:37:16-04:00,EXPORTACIONES RITEX 2015,Exportaciones,spreadsheet,88.01,https://nube.ine.gob.bo/index.php/s/9QwRcA7mtH5arzr/download,True
2020-06-10 10:37:24-04:00,EXPORTACIONES RITEX 2014,Exportaciones,spreadsheet,95.56,https://nube.ine.gob.bo/index.php/s/eG1Yog0XVDkpwZo/download,True
2020-06-10 10:37:31-04:00,EXPORTACIONES RITEX 2013,Exportaciones,spreadsheet,96.73,https://nube.ine.gob.bo/index.php/s/O9q9GnbXcU3Fdsw/download,True
2020-06-10 10:37:37-04:00,EXPORTACIONES RITEX 2012,Exportaciones,spreadsheet,115.59,https://nube.ine.gob.bo/index.php/s/gK8Fuy8DhfKGo29/download,True
2020-06-10 10:37:43-04:00,EXPORTACIONES RITEX 2011,Exportaciones,spreadsheet,150.49,https://nube.ine.gob.bo/index.php/s/i3Ut224ReqXNljv/download,True
2020-06-10 10:37:49-04:00,EXPORTACIONES RITEX 2010,Exportaciones,spreadsheet,168.1,https://nube.ine.gob.bo/index.php/s/xAgvZlsVDu18BpF/download,True
2020-06-10 10:37:55-04:00,EXPORTACIONES RITEX 2009,Exportaciones,spreadsheet,168.58,https://nube.ine.gob.bo/index.php/s/jlQM3Wh63jmvw3Y/download,True
2020-06-10 10:38:02-04:00,EXPORTACIONES RITEX 2008,Exportaciones,spreadsheet,151.51,https://nube.ine.gob.bo/index.php/s/egeeAZRyaPY5MwC/download,True
2020-06-10 10:38:08-04:00,EXPORTACIONES RITEX 2007,Exportaciones,spreadsheet,132.83,https://nube.ine.gob.bo/index.php/s/8cnHKS4QIAKYAgt/download,True
2020-06-10 10:38:15-04:00,EXPORTACIONES RITEX 2006,Exportaciones,spreadsheet,107.54,https://nube.ine.gob.bo/index.php/s/Dk7nFN3iTs9xPWD/download,True
2020-06-10 10:38:21-04:00,EXPORTACIONES RITEX 2005,Exportaciones,spreadsheet,104.46,https://nube.ine.gob.bo/index.php/s/qjWnZud6wcSocN9/download,True
2020-06-10 10:38:27-04:00,EXPORTACIONES RITEX 2004,Exportaciones,spreadsheet,106.02,https://nube.ine.gob.bo/index.php/s/oKEWiVUj59q80QF/download,True
2020-06-10 10:38:36-04:00,EXPORTACIONES RITEX 2003,Exportaciones,spreadsheet,77.05,https://nube.ine.gob.bo/index.php/s/BpGGThLu2cf33zN/download,True
2020-06-10 10:38:42-04:00,EXPORTACIONES RITEX 2002,Exportaciones,spreadsheet,58.38,https://nube.ine.gob.bo/index.php/s/TggzFcz7OkmHxoK/download,True
2020-06-10 10:38:48-04:00,EXPORTACIONES RITEX 2001,Exportaciones,spreadsheet,54.49,https://nube.ine.gob.bo/index.php/s/ADa87TViYG74BN4/download,True
2020-06-10 10:38:54-04:00,EXPORTACIONES RITEX 2000,Exportaciones,spreadsheet,45.07,https://nube.ine.gob.bo/index.php/s/hSMWlnHYrRPtSjC/download,True
2020-06-11 18:50:29-04:00,EXPORTACIONES 1996,Exportaciones,spreadsheet,1755.52,https://nube.ine.gob.bo/index.php/s/vuP5coqXwzhCt7b/download,True
2020-06-11 19:53:05-04:00,EXPORTACIONES 1992,Exportaciones,spreadsheet,1053.68,https://nube.ine.gob.bo/index.php/s/Ut6sdEkDdQDe7cK/download,True
2020-06-11 19:53:18-04:00,EXPORTACIONES 1993,Exportaciones,spreadsheet,1156.11,https://nube.ine.gob.bo/index.php/s/a0ALCXWZ2BiHVCG/download,True
2020-06-11 19:53:32-04:00,EXPORTACIONES 1994,Exportaciones,spreadsheet,1309.98,https://nube.ine.gob.bo/index.php/s/yRuk5RlZXjtdyRp/download,True
2020-06-11 19:53:48-04:00,EXPORTACIONES 1995,Exportaciones,spreadsheet,1475.24,https://nube.ine.gob.bo/index.php/s/q1mDAyDxct3k5Hw/download,True
2020-06-11 19:54:03-04:00,EXPORTACIONES 1997,Exportaciones,spreadsheet,1881.0,https://nube.ine.gob.bo/index.php/s/5Tq286VhouIjedN/download,True
2020-06-11 19:54:23-04:00,EXPORTACIONES 1998,Exportaciones,spreadsheet,1959.85,https://nube.ine.gob.bo/index.php/s/6LGbB1oeorph7rf/download,True
2020-06-11 19:54:36-04:00,EXPORTACIONES 1999,Exportaciones,spreadsheet,2103.36,https://nube.ine.gob.bo/index.php/s/MrpAmiy74w6qIDf/download,True
2020-06-11 19:55:45-04:00,EXPORTACIONES 2010,Exportaciones,spreadsheet,3809.55,https://nube.ine.gob.bo/index.php/s/e57xVJPXHDNN0xD/download,True
2020-06-11 19:55:55-04:00,EXPORTACIONES 2009,Exportaciones,spreadsheet,3369.41,https://nube.ine.gob.bo/index.php/s/ZPGcj0Asa7Aupuj/download,True
2020-06-11 19:56:04-04:00,EXPORTACIONES 2008,Exportaciones,spreadsheet,3831.66,https://nube.ine.gob.bo/index.php/s/I1f3ccAobtmKl46/download,True
2020-06-11 19:56:14-04:00,EXPORTACIONES 2007,Exportaciones,spreadsheet,3828.25,https://nube.ine.gob.bo/index.php/s/UbNWawG3yDGHM8i/download,True
2020-06-11 19:56:21-04:00,EXPORTACIONES 2006,Exportaciones,spreadsheet,3816.43,https://nube.ine.gob.bo/index.php/s/IU5k9SDbDDwkEnh/download,True
2020-06-11 19:56:33-04:00,EXPORTACIONES 2005,Exportaciones,spreadsheet,3718.4,https://nube.ine.gob.bo/index.php/s/eyh7xIlt2j3ZwNt/download,True
2020-06-11 19:56:42-04:00,EXPORTACIONES 2004,Exportaciones,spreadsheet,3286.61,https://nube.ine.gob.bo/index.php/s/liVwBxOHGV56EML/download,True
2020-06-11 19:56:52-04:00,EXPORTACIONES 2003,Exportaciones,spreadsheet,2814.58,https://nube.ine.gob.bo/index.php/s/KACkFPi22psY8JA/download,True
2020-06-11 19:56:59-04:00,EXPORTACIONES 2002,Exportaciones,spreadsheet,2507.06,https://nube.ine.gob.bo/index.php/s/slNqZSwZ5VixvFZ/download,True
2020-06-11 19:57:07-04:00,EXPORTACIONES 2001,Exportaciones,spreadsheet,2657.35,https://nube.ine.gob.bo/index.php/s/BqUZbFjmVhvGaHz/download,True
2020-06-11 19:57:13-04:00,EXPORTACIONES 2000,Exportaciones,spreadsheet,2498.62,https://nube.ine.gob.bo/index.php/s/KqReNCWxwjR35ka/download,True
2020-06-11 19:58:58-04:00,EXPORTACIONES 2017,Exportaciones,spreadsheet,12470.28,https://nube.ine.gob.bo/index.php/s/EdZNWPiAyaUpcYF/download,True
2020-06-11 19:59:06-04:00,EXPORTACIONES 2016,Exportaciones,spreadsheet,3118.33,https://nube.ine.gob.bo/index.php/s/KNrVnu47Sn8DuId/download,True
2020-06-11 19:59:20-04:00,EXPORTACIONES 2015,Exportaciones,spreadsheet,3406.07,https://nube.ine.gob.bo/index.php/s/5uwd1HLAGsJ7Bnm/download,True
2020-06-11 19:59:29-04:00,EXPORTACIONES 2014,Exportaciones,spreadsheet,3531.83,https://nube.ine.gob.bo/index.php/s/nZPh8u69bWU5c2F/download,True
2020-06-11 19:59:39-04:00,EXPORTACIONES 2013,Exportaciones,spreadsheet,3489.0,https://nube.ine.gob.bo/index.php/s/u3bLnoGMdFjUeyq/download,True
2020-06-11 19:59:51-04:00,EXPORTACIONES 2012,Exportaciones,spreadsheet,3634.3,https://nube.ine.gob.bo/index.php/s/HrZ2fbpq29lJGaT/download,True
2020-06-11 20:00:00-04:00,EXPORTACIONES 2011,Exportaciones,spreadsheet,3585.75,https://nube.ine.gob.bo/index.php/s/IY5oaX2f4Mxx6OE/download,True
2020-08-14 08:52:35-04:00,BOLETÍN ESTADÍSTICO PRECIOS INTERNACIONALES JULIO 2020,Precios Internacionales,pdf,5394.41,https://nube.ine.gob.bo/index.php/s/ClGR8A5qCeBfIiL/download,True
2020-08-29 14:53:36-04:00,BOLETÍN ESTADÍSTICO ENCUESTA CONTINUA DE EMPLEO 2T 2020 RESULTADOS PRELIMINARES,Boletines Estadísticos,pdf,3560.52,https://nube.ine.gob.bo/index.php/s/i289DqPLgXwGAWW/download,True
2020-10-19 12:01:25-04:00,Censo Nacional de Población y Vivienda 1976,Censos,rar,53743.32,https://nube.ine.gob.bo/index.php/s/aBWS4YxlY0EKWIY/download,True
2020-10-19 12:01:41-04:00,Censo Nacional de Población y Vivienda 1992,Censos,rar,327857.26,https://nube.ine.gob.bo/index.php/s/enxTtfLJo2qSzrE/download,True
2020-10-19 12:01:48-04:00,Censo Nacional de Población y Vivienda 2001,Censos,rar,264093.53,https://nube.ine.gob.bo/index.php/s/zqqfpuNQpNsdO6Q/download,True
2020-10-19 12:01:49-04:00,Censo Nacional de Población y Vivienda 2012,Censos,rar,181399.98,https://nube.ine.gob.bo/index.php/s/bROAGTD7pFvBP1f/download,True
2020-10-19 12:02:10-04:00,Censo Nacional Agropecuario 2013,Censos,rar,673434.16,https://nube.ine.gob.bo/index.php/s/mG9uBrzCrFBh3Eu/download,True
2020-10-22 14:14:04-04:00,SALARIO Y REMUNERACIÓN SECTOR PRIVADO – MARZO Y JUNIO 2019 CIFRAS PRELIMINARES,"Salarios, Remuneraciones y Empleo de los Asalariados en el Sector Privado",pdf,1594.07,https://nube.ine.gob.bo/index.php/s/W9z9LfoUj1V9le6/download,False
2020-10-22 14:33:52-04:00,SALARIO Y REMUNERACIÓN SECTOR PRIVADO – DICIEMBRE 2018 Y MARZO 2019,"Salarios, Remuneraciones y Empleo de los Asalariados en el Sector Privado",pdf,1753.19,https://nube.ine.gob.bo/index.php/s/1Xddv7M4VUIUkI1/download,False
2020-12-18 11:27:21-04:00,Fichas técnicas de indicadores pobreza monetaria,Pobreza y Desigualdad,rar,3586.18,https://nube.ine.gob.bo/index.php/s/16vkjHhuMZ6tVjt/download,True
2020-12-18 11:27:28-04:00,Sintaxis para cálculo de variables de pobreza monetaria,Pobreza y Desigualdad,stream,2.47,https://nube.ine.gob.bo/index.php/s/sCcAsYbb9DZIx1s/download,True
2020-12-18 11:28:31-04:00,"Nota técnica LP01/2020,",Pobreza y Desigualdad,pdf,246.13,https://nube.ine.gob.bo/index.php/s/9BPKBogjQRY93va/download,True
2020-12-18 11:28:44-04:00,15- 07-2020,Pobreza y Desigualdad,pdf,246.13,https://nube.ine.gob.bo/index.php/s/o93pumr9HfRwlzq/download,True
2020-12-18 11:29:02-04:00,Sintaxis para el cálculo de líneas de pobreza,Pobreza y Desigualdad,rar,747.62,https://nube.ine.gob.bo/index.php/s/D1qudkfX22Bwuob/download,True
2020-12-18 11:29:06-04:00,Bases de datos ajustadas para el cálculo de líneas de pobreza,Pobreza y Desigualdad,rar,30349.12,https://nube.ine.gob.bo/index.php/s/a5Lz0AjTXujR46x/download,True
2020-12-18 11:29:09-04:00,Documento metodológico ejecutivo sobre el cálculo de líneas de pobreza,Pobreza y Desigualdad,pdf,3382.31,https://nube.ine.gob.bo/index.php/s/UvhSpL1bRZ1Tj3o/download,True
2020-12-18 13:13:13-04:00,BOLETÍN ESTADÍSTICO COMEX ENERO A NOVIEMBRE 2020,Saldo Comercial,pdf,5355.89,https://nimbus.ine.gob.bo/index.php/s/3Nsz9brFmJHcs6L/download,True
2020-12-31 12:25:56-04:00,Fichas técnicas indicadores,Información Técnica,pdf,553.98,https://nube.ine.gob.bo/index.php/s/QPJPZcnUFN1lT1f/download,False
2020-12-31 15:06:30-04:00,Metodología Cuentas Nacionales Trimestrales base 1990,Producto Interno Bruto Trimestral,pdf,374.86,https://nube.ine.gob.bo/index.php/s/hMq78rlBaiqEQ0C/download,False
2020-12-31 16:12:53-04:00,Cuestionario ENNA 2019,Información Técnica,pdf,974.74,https://nube.ine.gob.bo/index.php/s/cNfd5uSr7BqBQ3i/download,False
2021-01-12 13:13:13-04:00,BOLETÍN ESTADÍSTICO PRECIOS INTERNACIONALES DICIEMBRE 2020,Precios Internacionales,pdf,5463.06,https://nimbus.ine.gob.bo/index.php/s/GD8M27ZK394emdr/download,True
2021-01-28 08:31:16-04:00,"Índice General, Variación Mensual, Acumulada y a 12 Meses",Nacional,spreadsheet,93.66,https://nube.ine.gob.bo/index.php/s/kVGgyqtobYRsZwv/download,True
2021-01-28 08:31:39-04:00,"Índice General, Variación Mensual, Acumulada y a 12 Meses por División",Nacional,excel,212.0,https://nube.ine.gob.bo/index.php/s/I8YCO542YACIeRM/download,True
2021-01-28 08:32:59-04:00,Índices a Nivel Productos,Nacional,excel,891.5,https://nube.ine.gob.bo/index.php/s/h7GPusgUMmHc8g8/download,True
2021-01-28 08:33:28-04:00,Ponderaciones a Nivel Productos,Nacional,spreadsheet,96.32,https://nube.ine.gob.bo/index.php/s/OhuywO3adSTerX7/download,True
2021-01-28 08:33:58-04:00,"Índice general, variación mensual, acumulada y a 12 meses de Alimentos",Nacional,spreadsheet,667.71,https://nube.ine.gob.bo/index.php/s/QPNh5LIASFAG71G/download,True
2021-01-28 08:34:27-04:00,"Índice general, variación mensual, acumulada y a 12 meses de No Alimentos",Nacional,spreadsheet,666.88,https://nube.ine.gob.bo/index.php/s/3S2xmPJh7NspwWi/download,True
2021-01-28 08:35:30-04:00,Precios Promedio,Ciudades,excel,4879.0,https://nube.ine.gob.bo/index.php/s/Jg1shpJgrhLIACe/download,True
2021-01-28 09:01:54-04:00,"Índice General, Variación Mensual, Acumulada y a 12 Meses",Nacional,excel,313.0,https://nube.ine.gob.bo/index.php/s/LzucAyViXN7ikbL/download,True
2021-01-28 09:02:49-04:00,"Índice General, Variación Mensual, Acumulada y a 12 Meses por División",Nacional,excel,244.0,https://nube.ine.gob.bo/index.php/s/PGiXzEd0Gwyeo07/download,True
2021-01-28 09:03:17-04:00,Índices a Nivel Productos,Nacional,excel,1251.5,https://nube.ine.gob.bo/index.php/s/CbH944zbjFvvvWW/download,True
2021-01-28 09:03:49-04:00,Ponderaciones a Nivel Productos,Nacional,spreadsheet,94.81,https://nube.ine.gob.bo/index.php/s/mpHp6HeN00MVWPs/download,True
2021-01-28 09:04:15-04:00,"Índice general, variación mensual, acumulada y a 12 meses de Alimentos",Nacional,spreadsheet,673.13,https://nube.ine.gob.bo/index.php/s/2q5gIvDnIMfGaP4/download,True
2021-01-28 09:04:45-04:00,"Índice general, variación mensual, acumulada y a 12 meses de No Alimentos",Nacional,spreadsheet,672.71,https://nube.ine.gob.bo/index.php/s/o3t5LQvx2lDV4x1/download,True
2021-01-28 09:05:25-04:00,Precios Promedio,Ciudades,excel,3067.5,https://nube.ine.gob.bo/index.php/s/uD9Zjy5qac68Ggx/download,True
2021-01-28 09:46:20-04:00,METODOLOGÍA DE CUENTAS NACIONALES BASE 1990,Introducción,pdf,887.34,https://nube.ine.gob.bo/index.php/s/4daoCxF4F12DFkT/download,False
2021-01-28 11:34:10-04:00,METODOLOGÍA FBCF BASE 1990,Formación Bruta de Capital Fijo,pdf,390.93,https://nube.ine.gob.bo/index.php/s/qxLwHEhIJXc43oF/download,True
2021-03-22 13:13:13-04:00,BOLETÍN ESTADÍSTICO COMEX FEBRERO 2021,Saldo Comercial,pdf,5175.84,https://nimbus.ine.gob.bo/index.php/s/8kxra9d3FMqi8Qk/download,True
2021-04-27 13:13:13-04:00,BOLETÍN ESTADÍSTICO COMEX MARZO 2021,Saldo Comercial,pdf,5279.82,https://nimbus.ine.gob.bo/index.php/s/79CJS2kZf5QHwHm/download,True
2021-04-28 13:03:22-04:00,"AMÉRICA LATINA Y EL CARIBE: ÍNDICE DE DESARROLLO HUMANO Y SUS COMPONENTES, 2015",Pobreza y Desigualdad,spreadsheet,5090.31,https://nube.ine.gob.bo/index.php/s/28pMxdt6Wh5mXjD/download,True
2021-04-28 13:04:54-04:00,"AMÉRICA LATINA Y EL CARIBE: ÍNDICE DE DESARROLLO HUMANO AJUSTADO POR LA DESIGUALDAD, 2015",Pobreza y Desigualdad,spreadsheet,5155.49,https://nube.ine.gob.bo/index.php/s/JmupvMmKHOLhyx3/download,True
2021-04-28 13:16:15-04:00,"AMÉRICA LATINA Y EL CARIBE: TENDENCIA DEL ÍNDICE DE DESARROLLO HUMANO, 2015",Pobreza y Desigualdad,spreadsheet,5094.96,https://nube.ine.gob.bo/index.php/s/BufpM1MQ1z5KFBs/download,True
2021-04-28 13:17:06-04:00,"AMÉRICA LATINA Y EL CARIBE: ÍNDICE DE DESIGUALDAD DE GÉNERO, 2015",Pobreza y Desigualdad,spreadsheet,5090.88,https://nube.ine.gob.bo/index.php/s/zhOukVdmwulPvus/download,True
2021-04-28 13:17:38-04:00,AMÉRICA LATINA Y EL CARIBE: ÍNDICE DE POBREZA MULTIDIMENSIONAL,Pobreza y Desigualdad,spreadsheet,5066.35,https://nube.ine.gob.bo/index.php/s/mtKtzQSehL9lyDT/download,True
2021-05-07 10:17:28-04:00,Ficha Técnica – Salarios Sector Privado,"Salarios, Remuneraciones y Empleo de los Asalariados en el Sector Privado",pdf,448.24,https://nube.ine.gob.bo/index.php/s/mN1oIqUGZy5uQ4i/download,False
2021-05-25 15:13:03-04:00,"Nota técnica P01/2020, 12- 02-2020",Pobreza y Desigualdad,pdf,987.3,https://nube.ine.gob.bo/index.php/s/qt9Ix1XfCu0Eymp/download,True
2021-06-22 13:13:13-04:00,BOLETÍN ESTADÍSTICO COMEX MAYO 2021,Saldo Comercial,pdf,5381.35,https://nimbus.ine.gob.bo/index.php/s/NPWKjrdYnmHX3c5/download,True
2021-06-28 08:51:02-04:00,PMQeCBMoBSZdFdH,Cuestionarios censales,pdf,963.65,https://nube.ine.gob.bo/index.php/s/PMQeCBMoBSZdFdH/download,True
2021-06-28 08:54:54-04:00,ODzy57urPb8C6dn,Cuestionarios censales,pdf,386.29,https://nube.ine.gob.bo/index.php/s/ODzy57urPb8C6dn/download,True
2021-06-28 08:56:12-04:00,1MclKRhDMJpJuR0,Cuestionarios censales,pdf,1864.84,https://nube.ine.gob.bo/index.php/s/1MclKRhDMJpJuR0/download,True
2021-06-28 08:56:58-04:00,Owcpbk5uvtBfSDT,Cuestionarios censales,pdf,907.33,https://nube.ine.gob.bo/index.php/s/Owcpbk5uvtBfSDT/download,True
2021-06-28 08:57:38-04:00,nwLU7VHrRyuTmDI,Cuestionarios censales,pdf,202.36,https://nube.ine.gob.bo/index.php/s/nwLU7VHrRyuTmDI/download,True
2021-06-28 08:58:36-04:00,KwI3QymAyv2SSm6,Cuestionarios censales,pdf,883.68,https://nube.ine.gob.bo/index.php/s/KwI3QymAyv2SSm6/download,True
2021-06-28 08:58:58-04:00,NvhSNHDytcUA6Nv,Cuestionarios censales,pdf,559.26,https://nube.ine.gob.bo/index.php/s/NvhSNHDytcUA6Nv/download,True
2021-06-28 08:59:38-04:00,T3kYmPF6vlRsbMM,Cuestionarios censales,pdf,2184.6,https://nube.ine.gob.bo/index.php/s/T3kYmPF6vlRsbMM/download,True
2021-07-07 09:32:32-04:00,(Formulario único),Atención al usuario,pdf,893.1,https://nube.ine.gob.bo/index.php/s/kCc8VVyri0yQe4f/download,False
2021-07-12 13:13:13-04:00,BOLETÍN ESTADÍSTICO PRECIOS INTERNACIONALES JUNIO 2021,Precios Internacionales,pdf,7416.62,https://nube.ine.gob.bo/index.php/s/aiopWy5WM809hPS/download,True
2021-07-27 13:13:13-04:00,BOLETÍN ESTADÍSTICO COMEX JUNIO 2021,Saldo Comercial,pdf,5514.01,https://nimbus.ine.gob.bo/index.php/s/McdQH7sbcZNE2wt/download,True
2021-08-24 11:47:49-04:00,Ficha Técnica,Clima y Atmósfera,pdf,703.1,https://nube.ine.gob.bo/index.php/s/6YmS3003K5E2csw/download,False
2021-09-15 14:15:13-04:00,Decreto Supremo N° 4546 (Inicio de actividades censales – 21/07/2021). Descargar,Marco legal,pdf,141.88,https://nube.ine.gob.bo/index.php/s/em1nEX1lOlZlEiU/download,True
2021-09-24 12:09:10-04:00,Censo 1950,Cuestionarios censales,pdf,3643.23,https://nube.ine.gob.bo/index.php/s/bS7yxX2rSkeiwKo/download,True
2021-09-27 12:00:27-04:00,Censo 2012,Cuestionarios censales,pdf,875.17,https://nube.ine.gob.bo/index.php/s/aUoDueIVQlCKvm4/download,True
2021-09-28 09:55:50-04:00,EXPORTACIONES 2019,Exportaciones,spreadsheet,3424.43,https://nube.ine.gob.bo/index.php/s/NynkfVU0xKa1TVZ/download,True
2021-09-28 09:55:50-04:00,EXPORTACIONES RITEX 2019,Exportaciones,spreadsheet,48.33,https://nube.ine.gob.bo/index.php/s/QEv4TNTRnZtHtTJ/download,True
2021-09-28 10:19:58-04:00,IMPORTACIONES 2019,Importaciones,spreadsheet,66627.13,https://nube.ine.gob.bo/index.php/s/vpoXdzn8epcGCob/download,True
2022-01-07 15:50:49-04:00,Ley N° 1405 de Estadísticas Oficiales del Estado Plurinacional de Bolivia (Competencia del INE para realizar censos – 1/11/2021). Descargar,Marco legal,video/mp4,61292.17,https://nube.ine.gob.bo/index.php/s/qz7rkSxD9laSOdH/download,True
2022-01-12 15:38:26-04:00,BOLETÍN ESTADÍSTICO PRECIOS INTERNACIONALES DICIEMBRE DE 2021,Precios Internacionales,pdf,9432.51,https://nube.ine.gob.bo/index.php/s/y7xMxS7iMCBSuJV/download,True
2022-01-26 08:20:22-04:00,BOLETÍN ESTADÍSTICO COMEX NOVIEMBRE 2021,Saldo Comercial,pdf,5986.15,https://nube.ine.gob.bo/index.php/s/w4ubdSFjtGSprVP/download,True
2022-01-28 09:05:42-04:00,BOLETÍN ESTADÍSTICO COMEX DICIEMBRE 2021,Saldo Comercial,pdf,6439.06,https://nube.ine.gob.bo/index.php/s/aPQOVWVBH1ZoScu/download,True
2022-01-31 15:55:31-04:00,Reporte 2021,Atención al usuario,spreadsheet,113.77,https://nube.ine.gob.bo/index.php/s/H75up2HEFeOO6YJ/download,False
2022-01-31 19:44:20-04:00,BOLETÍN ESTADÍSTICO ENCUESTA CONTINUA DE EMPLEO ECE 4T 2021,Boletines Estadísticos,pdf,5335.25,https://nube.ine.gob.bo/index.php/s/r4n8Em8PivAqZXf/download,True
2022-02-10 12:09:08-04:00,IMPORTACIONES 2018,Importaciones,spreadsheet,64284.5,https://nube.ine.gob.bo/index.php/s/fWKOvP08Jz6XIe5/download,True
2022-02-10 12:10:57-04:00,IMPORTACIONES 2017,Importaciones,spreadsheet,73268.1,https://nube.ine.gob.bo/index.php/s/tl8o6SNnZh7SH0C/download,True
2022-02-10 12:11:24-04:00,IMPORTACIONES 2016,Importaciones,spreadsheet,74832.98,https://nube.ine.gob.bo/index.php/s/9s3R8tOtKMVtTvA/download,True
2022-02-10 12:11:55-04:00,IMPORTACIONES 2015,Importaciones,spreadsheet,79765.28,https://nube.ine.gob.bo/index.php/s/gesRgKMaQuYd4qR/download,True
2022-02-10 12:12:22-04:00,IMPORTACIONES 2014,Importaciones,spreadsheet,72789.31,https://nube.ine.gob.bo/index.php/s/iyIjMAndeJgwaa5/download,True
2022-02-10 12:12:22-04:00,IMPORTACIONES 2010,Importaciones,spreadsheet,54825.87,https://nube.ine.gob.bo/index.php/s/om7HD1Bjt5qY3CU/download,True
2022-02-10 12:12:24-04:00,IMPORTACIONES 2009,Importaciones,spreadsheet,49394.13,https://nube.ine.gob.bo/index.php/s/TaiHFzr8o0OvB8D/download,True
2022-02-10 12:12:24-04:00,IMPORTACIONES 2011,Importaciones,spreadsheet,61601.65,https://nube.ine.gob.bo/index.php/s/gEDLwi6NYTS0U86/download,True
2022-02-10 12:12:25-04:00,IMPORTACIONES 2012,Importaciones,spreadsheet,66660.08,https://nube.ine.gob.bo/index.php/s/7UB9aHeVjFIEPGl/download,True
2022-02-10 12:12:25-04:00,IMPORTACIONES 2013,Importaciones,spreadsheet,69973.03,https://nube.ine.gob.bo/index.php/s/jXuPe5Ul5hnETkG/download,True
2022-02-10 12:16:43-04:00,IMPORTACIONES 2008,Importaciones,spreadsheet,48323.89,https://nube.ine.gob.bo/index.php/s/pHTSrpdolOIblJH/download,True
2022-02-10 12:16:51-04:00,IMPORTACIONES 2007,Importaciones,spreadsheet,43844.64,https://nube.ine.gob.bo/index.php/s/TYOwM9DTNJZhowN/download,True
2022-02-10 12:17:00-04:00,IMPORTACIONES 2006,Importaciones,spreadsheet,38726.29,https://nube.ine.gob.bo/index.php/s/H27UGlH6caIEncI/download,True
2022-02-10 12:17:03-04:00,IMPORTACIONES 2004,Importaciones,spreadsheet,33549.84,https://nube.ine.gob.bo/index.php/s/BlVBu4NKw0TWK0C/download,True
2022-02-10 12:17:04-04:00,IMPORTACIONES 2005,Importaciones,spreadsheet,37138.18,https://nube.ine.gob.bo/index.php/s/k7YOorQQSF1rUlx/download,True
2022-02-10 12:17:06-04:00,IMPORTACIONES 2003,Importaciones,spreadsheet,29866.02,https://nube.ine.gob.bo/index.php/s/rZnQDeeCSZ2QyXd/download,True
2022-02-10 12:17:08-04:00,IMPORTACIONES 2001,Importaciones,spreadsheet,26648.74,https://nube.ine.gob.bo/index.php/s/BfI2mmZ9ial2IZU/download,True
2022-02-10 12:17:09-04:00,IMPORTACIONES 2002,Importaciones,spreadsheet,28243.57,https://nube.ine.gob.bo/index.php/s/9TT3R2uYFdjV7bA/download,True
2022-02-10 12:17:09-04:00,IMPORTACIONES 2000,Importaciones,spreadsheet,27549.3,https://nube.ine.gob.bo/index.php/s/SuY2qv2NdC6KNB7/download,True
2022-02-10 12:19:04-04:00,IMPORTACIONES 1999,Importaciones,spreadsheet,16021.25,https://nube.ine.gob.bo/index.php/s/WBVTCmtLRAHGJqw/download,True
2022-02-10 12:19:07-04:00,IMPORTACIONES 1998,Importaciones,spreadsheet,15118.21,https://nube.ine.gob.bo/index.php/s/ycRtFAfpLlOuTyx/download,True
2022-02-10 12:19:09-04:00,IMPORTACIONES 1996,Importaciones,spreadsheet,12423.7,https://nube.ine.gob.bo/index.php/s/UUJvjhrDWXK3Sxr/download,True
2022-02-10 12:19:09-04:00,IMPORTACIONES 1997,Importaciones,spreadsheet,13425.62,https://nube.ine.gob.bo/index.php/s/i6Q3u7PLjelScDs/download,True
2022-02-10 12:19:09-04:00,IMPORTACIONES 1992,Importaciones,spreadsheet,11707.47,https://nube.ine.gob.bo/index.php/s/iQ6fw5LktsPFNwd/download,True
2022-02-10 12:19:11-04:00,IMPORTACIONES 1995,Importaciones,spreadsheet,13655.5,https://nube.ine.gob.bo/index.php/s/F1bmhxkid2QxL6s/download,True
2022-02-10 12:19:11-04:00,IMPORTACIONES 1993,Importaciones,spreadsheet,12446.37,https://nube.ine.gob.bo/index.php/s/oUvq81WCWkbcxzB/download,True
2022-02-10 12:19:11-04:00,IMPORTACIONES 1994,Importaciones,spreadsheet,14448.32,https://nube.ine.gob.bo/index.php/s/uGTgqIqEb7vcqts/download,True
2022-02-11 14:03:43-04:00,BOLETÍN ESTADÍSTICO PRECIOS INTERNACIONALES ENERO 2022,Precios Internacionales,pdf,9605.56,https://nube.ine.gob.bo/index.php/s/oePGJmvXZR0lTok/download,True
2022-02-21 09:31:31-04:00,BASE – 2016 Metodología del Índice de Precios al Consumidor,Información Técnica,pdf,9860.73,https://nube.ine.gob.bo/index.php/s/SmL3Be1jdVedU3P/download,True
2022-02-21 09:32:37-04:00,Clasificación del Consumo Individual por Finalidades CCIF,Información Técnica,pdf,690.71,https://nube.ine.gob.bo/index.php/s/QUFmsUbZz8VH7Ii/download,True
2022-02-21 09:33:12-04:00,Presentación IPC Cambio de Año Base,Información Técnica,pdf,1015.38,https://nube.ine.gob.bo/index.php/s/29WySuhaD2EQgQW/download,True
2022-02-21 09:33:54-04:00,Productos que salen e ingresan al nuevo IPC,Información Técnica,pdf,1698.82,https://nube.ine.gob.bo/index.php/s/jnUGu5jF9o3gHv9/download,True
2022-02-21 09:34:20-04:00,Infografías,Información Técnica,pdf,5692.76,https://nube.ine.gob.bo/index.php/s/RdtN2E2lEbavYQz/download,True
2022-02-21 09:34:44-04:00,Nota Metodológica Consideraciones en la compilación del IPC del mes de marzo de 2020,Información Técnica,pdf,42.12,https://nube.ine.gob.bo/index.php/s/AB47mavSSENzjvV/download,True
2022-02-21 09:35:14-04:00,Nota Metodológica Consideraciones en la compilación del IPC del mes de abril de 2020,Información Técnica,pdf,161.52,https://nube.ine.gob.bo/index.php/s/t1RaqxEC1HtZHoR/download,True
2022-02-21 09:36:34-04:00,BASE – 2007 Metodología del Índice de Precios al Consumidor,Información Técnica,pdf,794.42,https://nube.ine.gob.bo/index.php/s/vXZZorVVkrmkbB6/download,True
2022-02-21 09:37:57-04:00,Productos que salen e ingresan al IPC,Información Técnica,pdf,1546.14,https://nube.ine.gob.bo/index.php/s/5gRz3mcZyNnHAoM/download,True
2022-02-21 09:39:53-04:00,BASE – 1991 Metodología del Índice de Precios al Consumidor,Información Técnica,pdf,18146.87,https://nube.ine.gob.bo/index.php/s/ssl3bewkmqWDmjw/download,True
2022-02-26 16:48:28-04:00,BOLETÍN ESTADÍSTICO COMEX ENERO 2022,Saldo Comercial,pdf,7085.84,https://nube.ine.gob.bo/index.php/s/mjfan2ZsjKM3gS9/download,True
2022-03-08 16:34:03-04:00,Decreto Supremo N° 4664 (Financiamiento para consultorías – 27/01/2022). Descargar,Marco legal,pdf,140.05,https://nube.ine.gob.bo/index.php/s/oorhc3p8MouGMpc/download,True
2022-03-14 23:34:24-04:00,BOLETÍN ESTADÍSTICO PRECIOS INTERNACIONALES FEBRERO DE 2022,Precios Internacionales,pdf,7641.29,https://nube.ine.gob.bo/index.php/s/NgiXdu6Sl6Tg9RG/download,True
2022-03-18 16:13:22-04:00,NNUU Principios y Recomendaciones Censos de Población y Habitación,Lineamientos internacionales,pdf,2295.99,https://nube.ine.gob.bo/index.php/s/6mdXN2AN9YkAIqR/download,True
2022-03-18 16:13:22-04:00,Nota Técnica UNFPA LAC – Documento guía sobre el aseguramiento de la calidad censal-1,Lineamientos internacionales,pdf,667.39,https://nube.ine.gob.bo/index.php/s/8h6Q4VEWvuJCeHv/download,True
2022-03-18 16:13:22-04:00,CEPAL UNFPA Guía calidad datos censales,Lineamientos internacionales,pdf,1602.55,https://nube.ine.gob.bo/index.php/s/Dd4sXCcQ4o7OSK7/download,True
2022-03-21 11:51:13-04:00,Diapositivas sincronizadas para curso de capacitación de Actualizadores – Monitores. Descargar,Manuales,pdf,5540.67,https://nube.ine.gob.bo/index.php/s/1S7g89sRh005QHp/download,True
2022-03-21 11:51:41-04:00,Manual de Capacitación para Capacitadores. Descargar,Manuales,pdf,1817.98,https://nube.ine.gob.bo/index.php/s/oN6EpLkB7hLRzWt/download,True
2022-03-21 11:57:54-04:00,Plan de Curso para Capacitación de Actualizadores y Supervisores. Descargar,Manuales,pdf,844.46,https://nube.ine.gob.bo/index.php/s/x3pha4YbCTrHk2s/download,True
2022-03-21 12:00:17-04:00,Manual para la Actualización Cartográfica Estadística (ACE). Descargar,Manuales,pdf,6807.28,https://nube.ine.gob.bo/index.php/s/FVOThRzqBcqsLT3/download,True
2022-03-22 08:41:20-04:00,Censo 2001,Cuestionarios censales,pdf,422.81,https://nube.ine.gob.bo/index.php/s/JB7MOPowS2HNUji/download,True
2022-03-23 16:43:14-04:00,Descargar – Acta para la conformación de la Comisión Internacional de Alto Nivel Censo de Población y Vivienda 2022,Comisión Internacional,pdf,1189.86,https://nube.ine.gob.bo/index.php/s/sdAUW9ia7Rn969k/download,True
2022-03-29 09:39:49-04:00,Prueba anticipada para todos (previo a la capacitación). Descargar,Manuales,pdf,1150.65,https://nube.ine.gob.bo/index.php/s/Y2wc0E5cOTWiago/download,True
2022-03-29 09:42:37-04:00,Prueba Final actualizadora o actualizador (2do día). Descargar,Manuales,pdf,679.25,https://nube.ine.gob.bo/index.php/s/Eyo5M2i5WZONWxw/download,True
2022-03-29 09:44:32-04:00,Prueba Final supervisora o supervisor de brigada (2do día). Descargar,Manuales,pdf,673.68,https://nube.ine.gob.bo/index.php/s/sxqgh4YOpXSVJTi/download,True
2022-03-29 09:47:33-04:00,Prueba Final Técnicos monitor y supervisor de monitor departamental (2do día). Descargar,Manuales,pdf,590.22,https://nube.ine.gob.bo/index.php/s/Ks8u8cbEZHSvZ2D/download,True
2022-03-30 18:32:12-04:00,BOLETÍN ESTADÍSTICO COMEX FEBRERO 2022,Saldo Comercial,pdf,6370.5,https://nube.ine.gob.bo/index.php/s/g0ayO4ZCFDNtIcd/download,True
2022-03-31 16:45:00-04:00,SALARIOS Y REMUNERACIONES DEL SECTOR PÚBLICO DICIEMBRE DE 2021,"Salarios, Remuneraciones y Empleo Sector Público",pdf,3854.13,https://nube.ine.gob.bo/index.php/s/XZ01uiKn068Ffqw/download,False
2022-03-31 16:45:00-04:00,SALARIOS Y REMUNERACIONES DEL SECTOR PRIVADO IV TRIMESTRE 2021,"Salarios, Remuneraciones y Empleo de los Asalariados en el Sector Privado",pdf,2807.49,https://nube.ine.gob.bo/index.php/s/kzZe4lMQtFI33bc/download,False
2022-04-12 09:13:58-04:00,Nota Metodológica,Información Técnica,pdf,1062.35,https://nube.ine.gob.bo/index.php/s/2oi3vOFBP5uIoGH/download,True
2022-04-12 09:48:28-04:00,Ficha Técnica,Información Técnica,pdf,460.38,https://nube.ine.gob.bo/index.php/s/XcfoNt1ENiLIysB/download,True
2022-04-12 12:05:56-04:00,BOLETÍN ESTADÍSTICO PRECIOS INTERNACIONALES MARZO DE 2022,Precios Internacionales,pdf,7644.62,https://nube.ine.gob.bo/index.php/s/jFSP3VY4ARO1OVc/download,True
2022-04-25 09:37:08-04:00,SUNyiAIjG4jBWmD,Cuestionarios censales,pdf,534.86,https://nube.ine.gob.bo/index.php/s/SUNyiAIjG4jBWmD/download,True
2022-04-26 11:33:09-04:00,IPP Nota Metodológica,Información Técnica,pdf,1485.06,https://nube.ine.gob.bo/index.php/s/vv0cXrnENMUpZys/download,True
2022-04-26 11:34:28-04:00,IPP Ficha Técnica,Información Técnica,pdf,454.92,https://nube.ine.gob.bo/index.php/s/qcuWPUcJiaLRxEe/download,True
2022-04-29 21:21:27-04:00,BOLETÍN ESTADÍSTICO COMEX MARZO 2022,Saldo Comercial,pdf,6076.52,https://nube.ine.gob.bo/index.php/s/To0kIjRbkpCIFTO/download,True
2022-04-29 21:32:12-04:00,BOLETÍN ESTADÍSTICO ENCUESTA CONTINUA DE EMPLEO ECE 1T-2022,Boletines Estadísticos,pdf,3576.61,https://nube.ine.gob.bo/index.php/s/OA0nU66HclPAad5/download,True
2022-05-06 16:39:13-04:00,BOLETÍN ESTADÍSTICO PRODUCTO INTERNO BRUTO (PIB) ANUAL NACIONAL 2021,Introducción,pdf,3251.69,https://nube.ine.gob.bo/index.php/s/YwB4wb1MTzqjmTh/download,False
2022-05-12 10:02:26-04:00,BOLETÍN ESTADÍSTICO PRECIOS INTERNACIONALES ABRIL DE 2022,Precios Internacionales,pdf,7661.82,https://nube.ine.gob.bo/index.php/s/8AJsbafx3AVj6xP/download,True
2022-05-30 10:55:58-04:00,Cuestionario v1,Información técnica,pdf,1094.81,https://nube.ine.gob.bo/index.php/s/pR1Negja4OYwDs3/download,True
2022-05-30 10:56:03-04:00,Cuestionario v2,Información técnica,pdf,1123.94,https://nube.ine.gob.bo/index.php/s/EOPNOCFpA0pMHXA/download,True
2022-05-30 10:56:05-04:00,Cuestionario v3,Información técnica,pdf,910.62,https://nube.ine.gob.bo/index.php/s/9Kih4UJn3uliWWc/download,True
2022-05-30 10:56:06-04:00,Cuestionario v4,Información técnica,pdf,1459.56,https://nube.ine.gob.bo/index.php/s/c4uiUbYkxEKTIpy/download,True
2022-05-30 10:56:08-04:00,Cuestionario v5,Información técnica,pdf,1185.58,https://nube.ine.gob.bo/index.php/s/uNC5ZvfZNQm9561/download,True
2022-05-30 10:56:09-04:00,Cuestionario v6,Información técnica,pdf,734.66,https://nube.ine.gob.bo/index.php/s/StcxpgOzbYleZtr/download,True
2022-05-30 10:56:11-04:00,Cuestionario v7,Información técnica,pdf,579.09,https://nube.ine.gob.bo/index.php/s/BXu6mFUkeTya9i9/download,True
2022-05-30 11:00:23-04:00,Nota técnica 01/2020,Información técnica,pdf,249.42,https://nube.ine.gob.bo/index.php/s/dTnMs28kzDR5j71/download,True
2022-05-30 11:00:24-04:00,Nota técnica 02/2020,Información técnica,pdf,351.54,https://nube.ine.gob.bo/index.php/s/GUemJuG9t2UVHvu/download,True
2022-05-30 11:00:25-04:00,Nota técnica 03/2020,Información técnica,pdf,211.06,https://nube.ine.gob.bo/index.php/s/hhlXc0qrp9OpZoN/download,True
2022-05-30 17:18:59-04:00,BOLETÍN ESTADÍSTICO COMEX ABRIL 2022,Saldo Comercial,pdf,6074.43,https://nube.ine.gob.bo/index.php/s/oCsLvRepyB7EyRj/download,True
2022-06-13 14:36:37-04:00,BOLETÍN ESTADÍSTICO PRECIOS INTERNACIONALES MAYO DE 2022,Precios Internacionales,pdf,7689.94,https://nube.ine.gob.bo/index.php/s/mjRJuGYj7g3TJax/download,True
2022-06-30 09:45:07-04:00,Diseño muestral v3,Información técnica,pdf,1764.14,https://nube.ine.gob.bo/index.php/s/u4InIqsjPVsahrQ/download,True
2022-07-01 10:22:15-04:00,Descarga el Protocolo de inclusión de temáticas y/o preguntas,pre-etapaPrecensal-cuestionario-cuestionarioCensal,pdf,734.6,https://nube.ine.gob.bo/index.php/s/1Qn9BPIUcTFxCnC/download,True
2022-07-02 15:36:56-04:00,BOLETÍN ESTADÍSTICO COMEX MAYO 2022,Saldo Comercial,pdf,6204.8,https://nube.ine.gob.bo/index.php/s/SLfM8OEfs7pQHnT/download,True
2022-07-12 16:17:46-04:00,BOLETÍN ESTADÍSTICO PRECIOS INTERNACIONALES JUNIO DE 2022,Precios Internacionales,pdf,7736.95,https://nube.ine.gob.bo/index.php/s/CobPN7QmudEJhzs/download,True
2022-07-18 11:10:32-04:00,x6mwxB1S99v8Mnu,Cuestionarios censales,pdf,2177.07,https://nube.ine.gob.bo/index.php/s/x6mwxB1S99v8Mnu/download,True
2022-07-18 11:10:58-04:00,pCKb5da4y8bLFFy,Cuestionarios censales,pdf,897.34,https://nube.ine.gob.bo/index.php/s/pCKb5da4y8bLFFy/download,True
2022-07-18 11:14:42-04:00,HRMvx0IqW5nXaWB,Cuestionarios censales,pdf,376.73,https://nube.ine.gob.bo/index.php/s/HRMvx0IqW5nXaWB/download,True
2022-07-29 10:21:12-04:00,BOLETÍN ESTADÍSTICO COMEX JUNIO 2022,Saldo Comercial,pdf,5977.36,https://nube.ine.gob.bo/index.php/s/532NkdUxRrIZYbZ/download,True
2022-07-29 18:31:17-04:00,SALARIOS Y REMUNERACIONES DEL SECTOR PÚBLICO MARZO DE 2022,"Salarios, Remuneraciones y Empleo Sector Público",pdf,3060.39,https://nube.ine.gob.bo/index.php/s/ZQbiptUSRMQqi1h/download,False
2022-08-11 16:38:57-04:00,SALARIOS Y REMUNERACIONES DEL SECTOR PRIVADO I TRIMESTRE 2022,"Salarios, Remuneraciones y Empleo de los Asalariados en el Sector Privado",pdf,4654.76,https://nube.ine.gob.bo/index.php/s/dopg4A5mpg3D9b5/download,False
2022-08-12 15:42:34-04:00,Descarga el acta de conclusiones,Mesas Técnicas del Proceso Censal,pdf,394.19,https://nube.ine.gob.bo/index.php/s/iqAXWQWUXo0lQc5/download,True
2022-08-12 16:51:58-04:00,BOLETÍN ESTADÍSTICO PRECIOS INTERNACIONALES JULIO DE 2022,Precios Internacionales,pdf,7317.21,https://nube.ine.gob.bo/index.php/s/2UkqpgP81twSK8Y/download,True
2022-08-24 13:57:57-04:00,NACIONES UNIDAS – Objetivos de Desarrollo Sostenible (Resolución aprobada),Lineamientos internacionales,pdf,448.54,https://nube.ine.gob.bo/index.php/s/lGIwqEPaSMveYjB/download,True
2022-08-24 13:58:13-04:00,BOLIVIA – Plan de Desarrollo Económico y Social 2021-2025,Lineamientos internacionales,pdf,17895.44,https://nube.ine.gob.bo/index.php/s/GunOtNHxmjK8ceW/download,True
2022-08-25 16:06:24-04:00,CEPAL – Consenso de Montevideo – Indicadores Propuestos,Lineamientos internacionales,pdf,1051.7,https://nube.ine.gob.bo/index.php/s/RApLPwUSjGn1p9N/download,True
2022-08-25 16:06:24-04:00,"CEPAL Los censos de la ronda 2020: desafíos ante la Agenda 2030 para el Desarrollo Sostenible, los Objetivos de Desarrollo Sostenible y el Consenso de Montevideo sobre Población y Desarrollo",Lineamientos internacionales,pdf,1270.58,https://nube.ine.gob.bo/index.php/s/tru0IkbSmIXqVMq/download,True
2022-08-29 20:53:48-04:00,BOLETÍN ESTADÍSTICO COMEX JULIO 2022,Saldo Comercial,pdf,6551.2,https://nube.ine.gob.bo/index.php/s/gs7pgDEANXyCKC3/download,True
2022-08-30 15:10:58-04:00,OIT – Preguntas modelo sobre características económicas para los censos de población (2020),Lineamientos internacionales,pdf,1599.77,https://nube.ine.gob.bo/index.php/s/0vGX9xpoNDdVXkS/download,True
2022-08-30 15:10:58-04:00,OIT – Guía Rápida para la medición de las características económicas en el censo de población (2019),Lineamientos internacionales,pdf,3119.39,https://nube.ine.gob.bo/index.php/s/4cRwHqMnMrzdvxP/download,True
2022-08-30 15:10:58-04:00,OIT – 19° Conferencia Internacional de Estadísticos del Trabajo (2013),Lineamientos internacionales,pdf,1036.33,https://nube.ine.gob.bo/index.php/s/js48yU9Joymx6Hi/download,True
2022-08-31 00:39:34-04:00,Descarga el acta de conclusiones,Mesas Técnicas del Proceso Censal,pdf,270.14,https://nube.ine.gob.bo/index.php/s/wZ0L5Xtk7u2yeHc/download,True
2022-08-31 00:39:36-04:00,Descarga el acta de conclusiones,Mesas Técnicas del Proceso Censal,pdf,556.13,https://nube.ine.gob.bo/index.php/s/8TDAoapyxCpvJIO/download,True
2022-08-31 00:39:38-04:00,Descarga el acta de conclusiones,Mesas Técnicas del Proceso Censal,pdf,331.89,https://nube.ine.gob.bo/index.php/s/HMAHAm6AG7867b6/download,True
2022-08-31 00:39:40-04:00,Descarga el acta de conclusiones,Mesas Técnicas del Proceso Censal,pdf,390.82,https://nube.ine.gob.bo/index.php/s/9v0j3IQIMhTQ5Fj/download,True
2022-08-31 00:39:40-04:00,Descarga el acta de conclusiones,Mesas Técnicas del Proceso Censal,pdf,395.59,https://nube.ine.gob.bo/index.php/s/iBiOotyZXeGlDNJ/download,True
2022-08-31 00:39:42-04:00,Descarga el acta de conclusiones,Mesas Técnicas del Proceso Censal,pdf,320.34,https://nube.ine.gob.bo/index.php/s/QtC27qB79BKIR6g/download,True
2022-08-31 00:39:46-04:00,Descarga el acta de conclusiones,Mesas Técnicas del Proceso Censal,pdf,366.64,https://nube.ine.gob.bo/index.php/s/8dbeanSPy1Pyu8l/download,True
2022-08-31 20:51:21-04:00,Decreto Supremo N° 4760 (13/07/2022). Descargar,Marco legal,pdf,622.66,https://nube.ine.gob.bo/index.php/s/i5KW1HLL5YUSfEd/download,True
2022-09-01 08:36:08-04:00,"Detalle de secciones, variables y categorías por censo, 1900 – 2012 y preguntas del Cuestionario Censal preliminar",Instituto Abierto,pdf,1454.05,https://nube.ine.gob.bo/index.php/s/dr6i0RSBK0ohbdu/download,False
2022-09-01 12:32:50-04:00,hkFvCtDPbelsrDd,Cuestionarios censales,pdf,1806.86,https://nube.ine.gob.bo/index.php/s/hkFvCtDPbelsrDd/download,True
2022-09-12 09:56:28-04:00,BOLETÍN ESTADÍSTICO PRECIOS INTERNACIONALES AGOSTO DE 2022,Precios Internacionales,pdf,7826.21,https://nube.ine.gob.bo/index.php/s/3wembTeVDR1OR7X/download,True
2022-09-30 19:22:02-04:00,SALARIOS Y REMUNERACIONES DEL SECTOR PÚBLICO JUNIO DE 2022,"Salarios, Remuneraciones y Empleo Sector Público",pdf,3474.47,https://nube.ine.gob.bo/index.php/s/oNVNMEXdOUsDGZe/download,False
2022-09-30 21:14:46-04:00,BOLETÍN ESTADÍSTICO COMEX AGOSTO 2022,Saldo Comercial,pdf,6289.89,https://nube.ine.gob.bo/index.php/s/CsV3zxp8fXR2b17/download,True
2022-10-12 12:01:01-04:00,BOLETÍN ESTADÍSTICO PRECIOS INTERNACIONALES SEPTIEMBRE DE 2022,Precios Internacionales,pdf,7848.21,https://nube.ine.gob.bo/index.php/s/kPHKIa6C8a9pByD/download,True
2022-10-19 11:00:14-04:00,"NNUU Principios y Recomendaciones Censos de Población y Habitación (rev3, versión en ingles)",Lineamientos internacionales,pdf,2397.94,https://nube.ine.gob.bo/index.php/s/R0CUte2o0GXJ8YK/download,True
2022-10-19 11:00:14-04:00,UNFPA CEPAL Aspectos conceptuales censos,Lineamientos internacionales,pdf,8433.16,https://nube.ine.gob.bo/index.php/s/zxHw0qCt3pdrnRn/download,True
2022-11-08 16:25:18-04:00,BOLETÍN ESTADÍSTICO ENCUESTA CONTINUA DE EMPLEO ECE 3T-2022,Boletines Estadísticos,pdf,4759.27,https://nube.ine.gob.bo/index.php/s/mhMIWqHoDO7cYoe/download,True
2022-11-08 16:25:34-04:00,BOLETÍN ESTADÍSTICO COMEX SEPTIEMBRE 2022,Saldo Comercial,pdf,6591.98,https://nube.ine.gob.bo/index.php/s/5SHHxbcb9NWVnyi/download,True
2022-11-08 20:01:56-04:00,EXPORTACIONES 2020,Exportaciones,spreadsheet,4156.27,https://nube.ine.gob.bo/index.php/s/LkvusI5cnCIsBtE/download,True
2022-11-08 20:01:56-04:00,EXPORTACIONES RITEX 2020,Exportaciones,spreadsheet,35.82,https://nube.ine.gob.bo/index.php/s/vXSvsGIIMqoA1FY/download,True
2022-11-08 20:02:02-04:00,IMPORTACIONES 2020,Importaciones,spreadsheet,54762.35,https://nube.ine.gob.bo/index.php/s/JuvhMH4gAswGivq/download,True
2022-11-09 08:32:10-04:00,Resultados expresiones de interés,Expresiones de interés,pdf,649.8,https://nube.ine.gob.bo/index.php/s/5vOOsobtRIU5GuX/download,True
2022-11-14 15:59:29-04:00,BOLETÍN ESTADÍSTICO PRECIOS INTERNACIONALES OCTUBRE DE 2022,Precios Internacionales,pdf,7872.53,https://nube.ine.gob.bo/index.php/s/KSWwCH9QPZrUi2w/download,True
2022-11-28 15:31:49-04:00,Resultados expresiones de interés,Expresiones de interés,pdf,107.6,https://nube.ine.gob.bo/index.php/s/1lItI2OFUTDpQNu/download,True
2022-11-30 20:43:44-04:00,IMPORTACIONES RITEX 2018,Importaciones,spreadsheet,66.88,https://nube.ine.gob.bo/index.php/s/ayqstdwpc83uEXp/download,True
2022-11-30 20:43:44-04:00,IMPORTACIONES RITEX 2017,Importaciones,spreadsheet,90.94,https://nube.ine.gob.bo/index.php/s/okLqyzFXFmLk1a6/download,True
2022-11-30 20:43:44-04:00,IMPORTACIONES RITEX 2020,Importaciones,spreadsheet,56.93,https://nube.ine.gob.bo/index.php/s/rzKXtsYeV2ZBXfH/download,True
2022-11-30 20:43:44-04:00,IMPORTACIONES RITEX 2019,Importaciones,spreadsheet,65.64,https://nube.ine.gob.bo/index.php/s/x60Z6gWzbn5A7SO/download,True
2022-12-02 12:10:53-04:00,BOLETÍN ESTADÍSTICO COMEX OCTUBRE 2022,Saldo Comercial,pdf,6636.86,https://nube.ine.gob.bo/index.php/s/mY8jt0lEzzhhafy/download,True
2022-12-06 14:42:37-04:00,Decreto Supremo N° 4824 (12/11/2022). Descargar,Marco legal,pdf,14.91,https://nube.ine.gob.bo/index.php/s/6T58LFvdiWJgnan/download,True
2022-12-14 08:19:24-04:00,BOLETÍN ESTADÍSTICO PRECIOS INTERNACIONALES NOVIEMBRE DE 2022,Precios Internacionales,pdf,7836.91,https://nube.ine.gob.bo/index.php/s/R5Lh0FOUKNzFKBi/download,True
2022-12-28 09:33:04-04:00,SALARIOS Y REMUNERACIONES DEL SECTOR PRIVADO II TRIMESTRE 2022,"Salarios, Remuneraciones y Empleo de los Asalariados en el Sector Privado",pdf,2920.84,https://nube.ine.gob.bo/index.php/s/tlzvURbR8mKjk8s/download,False
2022-12-29 14:04:57-04:00,Indicadores de COMEX – Jose Durán et al,Nota Metodológica,pdf,774.99,https://nube.ine.gob.bo/index.php/s/xPI387HE2y19bP9/download,True
2022-12-29 14:05:14-04:00,Números índices – Federico Dorin et al,Nota Metodológica,pdf,3134.7,https://nube.ine.gob.bo/index.php/s/KhMouwzfb9Jp03k/download,True
2022-12-29 14:05:33-04:00,Export and import price index manual – FMI,Nota Metodológica,pdf,5969.21,https://nube.ine.gob.bo/index.php/s/jquc6rHeV4d5Z8G/download,True
2022-12-29 15:25:28-04:00,SALARIOS Y REMUNERACIONES DEL SECTOR PRIVADO III TRIMESTRE 2022,"Salarios, Remuneraciones y Empleo de los Asalariados en el Sector Privado",pdf,3191.19,https://nube.ine.gob.bo/index.php/s/deLJWV7voCzfy3u/download,False
2023-01-03 17:15:47-04:00,BOLETÍN ESTADÍSTICO COMEX NOVIEMBRE 2022,Saldo Comercial,pdf,6492.45,https://nube.ine.gob.bo/index.php/s/tdpVbxAo7V0QwaF/download,True
2023-01-04 11:42:14-04:00,Reporte 2022,Información estadística,spreadsheet,132.77,https://nube.ine.gob.bo/index.php/s/vm8san2SjGNnnzH/download,True
2023-01-06 17:10:27-04:00,SALARIOS Y REMUNERACIONES DEL SECTOR PÚBLICO SEPTIEMBRE DE 2022,"Salarios, Remuneraciones y Empleo Sector Público",pdf,2470.78,https://nube.ine.gob.bo/index.php/s/17inDGNsNA0j03R/download,False
2023-01-11 15:44:22-04:00,Descargar,pre-alianzas-convenios,pdf,1007.05,https://nube.ine.gob.bo/index.php/s/dpIjhxvUI8LSyY9/download,True
2023-01-12 08:22:58-04:00,BOLETÍN ESTADÍSTICO PRECIOS INTERNACIONALES DICIEMBRE DE 2022,Precios Internacionales,pdf,7309.26,https://nube.ine.gob.bo/index.php/s/3fCTQak5tNMqocy/download,True
2023-01-16 09:15:28-04:00,Descargar,pre-alianzas-convenios,pdf,1036.34,https://nube.ine.gob.bo/index.php/s/Z8G6lpegbT57kHM/download,True
2023-01-20 19:28:36-04:00,Descarga el acta de conclusiones,Mesas Técnicas del Proceso Censal,pdf,358.78,https://nube.ine.gob.bo/index.php/s/h7GyF4oELdNodgp/download,True
2023-01-20 19:28:36-04:00,Descarga el acta de conclusiones,Mesas Técnicas del Proceso Censal,pdf,263.29,https://nube.ine.gob.bo/index.php/s/wIT5eXHXnrsBTzw/download,True
2023-01-20 19:32:50-04:00,Descarga el acta de conclusiones,Mesas Técnicas del Proceso Censal,pdf,335.77,https://nube.ine.gob.bo/index.php/s/rICk8Ums39ZqDoe/download,True
2023-01-26 13:33:14-04:00,Descargar,pre-alianzas-convenios,pdf,1064.19,https://nube.ine.gob.bo/index.php/s/FsJ3nibTrTqurBc/download,True
2023-01-26 13:33:40-04:00,Descargar,pre-alianzas-convenios,pdf,1533.55,https://nube.ine.gob.bo/index.php/s/zKXu3GNufJFlS0r/download,True
2023-01-26 14:26:10-04:00,Descargar,pre-alianzas-convenios,pdf,1059.36,https://nube.ine.gob.bo/index.php/s/GQt8h37q8t4RsXf/download,True
2023-01-26 14:26:30-04:00,Descargar,pre-alianzas-convenios,pdf,1074.65,https://nube.ine.gob.bo/index.php/s/8h8o0cpVzFyQiLH/download,True
2023-01-26 14:26:44-04:00,Descargar,pre-alianzas-convenios,pdf,1539.54,https://nube.ine.gob.bo/index.php/s/YisUqdua8zpodLX/download,True
2023-02-06 09:02:16-04:00,Descargar,pre-alianzas-convenios,pdf,1643.79,https://nube.ine.gob.bo/index.php/s/0E9khcHl5jnVpqB/download,True
2023-02-06 14:30:08-04:00,Descargar,pre-alianzas-convenios,pdf,1417.08,https://nube.ine.gob.bo/index.php/s/ExHhhQILYZMblcb/download,True
2023-02-06 14:33:46-04:00,Descargar,pre-alianzas-convenios,pdf,1288.65,https://nube.ine.gob.bo/index.php/s/1lBiOPUA41HJhhj/download,True
2023-02-06 14:33:58-04:00,Descargar,pre-alianzas-convenios,pdf,1408.36,https://nube.ine.gob.bo/index.php/s/YiNrdKH0PaIxMUn/download,True
2023-02-06 14:34:08-04:00,Descargar,pre-alianzas-convenios,pdf,1291.41,https://nube.ine.gob.bo/index.php/s/3wnYUf7bulUpMLN/download,True
2023-02-06 14:34:56-04:00,Descargar,pre-alianzas-convenios,pdf,1431.22,https://nube.ine.gob.bo/index.php/s/jLOcxSi3iFG3jpl/download,True
2023-02-06 14:35:08-04:00,Descargar,pre-alianzas-convenios,pdf,945.19,https://nube.ine.gob.bo/index.php/s/4kFmwUND1nR4SH5/download,True
2023-02-06 14:35:20-04:00,Descargar,pre-alianzas-convenios,pdf,1317.93,https://nube.ine.gob.bo/index.php/s/N1oVcUPJev35FYn/download,True
2023-02-06 14:35:46-04:00,Descargar,pre-alianzas-convenios,pdf,772.2,https://nube.ine.gob.bo/index.php/s/3S7ejgiD67VzIqU/download,True
2023-02-06 14:36:46-04:00,Descargar,pre-alianzas-convenios,pdf,1357.51,https://nube.ine.gob.bo/index.php/s/5ancLvXyxwmMSh5/download,True
2023-02-06 14:36:56-04:00,Descargar,pre-alianzas-convenios,pdf,1151.1,https://nube.ine.gob.bo/index.php/s/F07DHozVhfZd2vj/download,True
2023-02-06 14:37:18-04:00,Descargar,pre-alianzas-convenios,pdf,1176.38,https://nube.ine.gob.bo/index.php/s/YkYqlnV0CvqMOAz/download,True
2023-02-06 14:37:40-04:00,Descargar,pre-alianzas-convenios,pdf,1175.69,https://nube.ine.gob.bo/index.php/s/QZWGiD1vPBKjl50/download,True
2023-02-06 14:38:58-04:00,Descargar,pre-alianzas-convenios,pdf,1199.25,https://nube.ine.gob.bo/index.php/s/fE57lpRXGeNJMsJ/download,True
2023-02-06 14:39:12-04:00,Descargar,pre-alianzas-convenios,pdf,1058.16,https://nube.ine.gob.bo/index.php/s/U7fcryzes6L01rD/download,True
2023-02-06 14:39:46-04:00,Descargar,pre-alianzas-convenios,pdf,1271.93,https://nube.ine.gob.bo/index.php/s/jDD9xjCZz3sp2oA/download,True
2023-02-06 14:40:02-04:00,Descargar,pre-alianzas-convenios,pdf,1155.63,https://nube.ine.gob.bo/index.php/s/1RdwqQCLEJxIPmc/download,True
2023-02-06 14:42:08-04:00,Descargar,pre-alianzas-convenios,pdf,1167.65,https://nube.ine.gob.bo/index.php/s/TeWyKOFOzzHiJbe/download,True
2023-02-06 14:42:26-04:00,Descargar,pre-alianzas-convenios,pdf,1252.02,https://nube.ine.gob.bo/index.php/s/Nl62bLS8k7anD8T/download,True
2023-02-06 14:42:44-04:00,Descargar,pre-alianzas-convenios,pdf,1233.19,https://nube.ine.gob.bo/index.php/s/zPiD7mPS9wzUNRY/download,True
2023-02-07 11:14:55-04:00,BOLETÍN ESTADÍSTICO COMEX DICIEMBRE 2022,Saldo Comercial,pdf,6468.35,https://nube.ine.gob.bo/index.php/s/OIy6QN5VwW8sL7n/download,True
2023-02-08 15:44:08-04:00,Descargar,pre-alianzas-convenios,pdf,1043.51,https://nube.ine.gob.bo/index.php/s/vxcxyhvGJHJqG2s/download,True
2023-02-09 10:36:46-04:00,Descargar,pre-alianzas-convenios,pdf,791.43,https://nube.ine.gob.bo/index.php/s/kF3HdJzDKA4QNlB/download,True
2023-02-09 12:00:12-04:00,Descargar,pre-alianzas-convenios,pdf,685.56,https://nube.ine.gob.bo/index.php/s/h7NdoLxqjsnCEDs/download,True
2023-02-09 12:01:38-04:00,Descargar,pre-alianzas-convenios,pdf,735.03,https://nube.ine.gob.bo/index.php/s/DdCgkfjXj41wbE7/download,True
2023-02-09 12:02:36-04:00,Descargar,pre-alianzas-convenios,pdf,713.19,https://nube.ine.gob.bo/index.php/s/xWFUGLlxEkMcPBa/download,True
2023-02-09 14:46:11-04:00,BOLETÍN ESTADÍSTICO ENCUESTA CONTINUA DE EMPLEO ECE 4T-2022,Boletines Estadísticos,pdf,3664.14,https://nube.ine.gob.bo/index.php/s/lFTAXH6C98SsFIR/download,True
2023-02-14 15:14:32-04:00,Descargar,pre-alianzas-convenios,pdf,660.13,https://nube.ine.gob.bo/index.php/s/2eop9L6BMcbLscr/download,True
2023-02-16 09:52:00-04:00,Descargar,pre-alianzas-convenios,pdf,1060.12,https://nube.ine.gob.bo/index.php/s/74RvR4fzlADGWeZ/download,True
2023-02-16 10:20:44-04:00,Descargar,pre-alianzas-convenios,pdf,1053.62,https://nube.ine.gob.bo/index.php/s/ToeV9OwMMRSgnoW/download,True
2023-02-16 10:21:02-04:00,Descargar,pre-alianzas-convenios,pdf,1058.02,https://nube.ine.gob.bo/index.php/s/ibwsTTg8WzY1kBf/download,True
2023-02-16 14:00:13-04:00,Resultados expresiones de interés,Expresiones de interés,pdf,85.7,https://nube.ine.gob.bo/index.php/s/mZ9HWq3d1k7jrx6/download,True
2023-02-16 16:13:14-04:00,Descargar,pre-alianzas-convenios,pdf,1206.67,https://nube.ine.gob.bo/index.php/s/2QZTjuv7RdEwHOp/download,True
2023-02-16 16:15:06-04:00,Descargar,pre-alianzas-convenios,pdf,798.71,https://nube.ine.gob.bo/index.php/s/AT5BoLIHOpxK3zC/download,True
2023-02-16 16:16:46-04:00,Descargar,pre-alianzas-convenios,pdf,827.82,https://nube.ine.gob.bo/index.php/s/HU33MRTftQfY2MN/download,True
2023-02-16 16:18:52-04:00,Descargar,pre-alianzas-convenios,pdf,833.03,https://nube.ine.gob.bo/index.php/s/9HhQytqAdySTBHt/download,True
2023-02-16 16:20:44-04:00,Descargar,pre-alianzas-convenios,pdf,862.59,https://nube.ine.gob.bo/index.php/s/5BxLSjmgwdyXqk6/download,True
2023-02-16 16:22:26-04:00,Descargar,pre-alianzas-convenios,pdf,842.21,https://nube.ine.gob.bo/index.php/s/ZfHOjuSWazZJhzs/download,True
2023-02-16 16:23:56-04:00,Descargar,pre-alianzas-convenios,pdf,813.74,https://nube.ine.gob.bo/index.php/s/SieX1raa8W1okcA/download,True
2023-02-16 16:25:26-04:00,Descargar,pre-alianzas-convenios,pdf,1216.42,https://nube.ine.gob.bo/index.php/s/iKbyubaccHB9Vjq/download,True
2023-02-17 08:45:58-04:00,BOLETÍN ESTADÍSTICO PRECIOS INTERNACIONALES ENERO DE 2023,Precios Internacionales,pdf,12090.87,https://nube.ine.gob.bo/index.php/s/pmgPpazAlVeEZTm/download,True
2023-03-01 09:20:34-04:00,Descargar,pre-alianzas-convenios,pdf,371.88,https://nube.ine.gob.bo/index.php/s/GHY1cM5G4a4DPYk/download,True
2023-03-01 10:28:32-04:00,Descargar,pre-alianzas-convenios,pdf,1045.19,https://nube.ine.gob.bo/index.php/s/za7wb41rtODgPZ8/download,True
2023-03-03 10:12:38-04:00,Descargar,pre-alianzas-convenios,pdf,991.95,https://nube.ine.gob.bo/index.php/s/daigIkqQafusfdB/download,True
2023-03-03 13:38:38-04:00,Descargar,pre-alianzas-convenios,pdf,2553.28,https://nube.ine.gob.bo/index.php/s/2SU8cln8DkVEXu7/download,True
2023-03-03 13:48:04-04:00,Descargar,pre-alianzas-convenios,pdf,2243.5,https://nube.ine.gob.bo/index.php/s/hcI47tD0XHHIO01/download,True
2023-03-03 14:02:44-04:00,Descargar,pre-alianzas-convenios,pdf,1117.56,https://nube.ine.gob.bo/index.php/s/5Lm26iNwPYg2HGE/download,True
2023-03-03 14:02:44-04:00,Descargar,pre-alianzas-convenios,pdf,1333.36,https://nube.ine.gob.bo/index.php/s/htz5WFBckPiz6wh/download,True
2023-03-03 14:02:46-04:00,Descargar,pre-alianzas-convenios,pdf,1418.81,https://nube.ine.gob.bo/index.php/s/4drkJEnw3XDzbtO/download,True
2023-03-03 14:02:46-04:00,Descargar,pre-alianzas-convenios,pdf,1218.7,https://nube.ine.gob.bo/index.php/s/kq6UkSGYpYAODIQ/download,True
2023-03-03 14:02:48-04:00,Descargar,pre-alianzas-convenios,pdf,1207.53,https://nube.ine.gob.bo/index.php/s/SgbxYMKNv5mzubU/download,True
2023-03-03 14:02:48-04:00,Descargar,pre-alianzas-convenios,pdf,970.63,https://nube.ine.gob.bo/index.php/s/WRJQSLEmNfIRvXx/download,True
2023-03-03 15:43:06-04:00,Descargar,pre-alianzas-convenios,pdf,845.11,https://nube.ine.gob.bo/index.php/s/qC3r3ISOCVwNPk3/download,True
2023-03-06 13:12:04-04:00,Descargar,pre-alianzas-convenios,pdf,1380.56,https://nube.ine.gob.bo/index.php/s/S9X3F9O3eTv6Pxm/download,True
2023-03-06 13:12:06-04:00,Descargar,pre-alianzas-convenios,pdf,1145.18,https://nube.ine.gob.bo/index.php/s/9iPNe4GVamb4CKT/download,True
2023-03-06 13:12:42-04:00,Descargar,pre-alianzas-convenios,pdf,1169.15,https://nube.ine.gob.bo/index.php/s/DaLPXWNKHZnab3i/download,True
2023-03-06 13:12:42-04:00,Descargar,pre-alianzas-convenios,pdf,1206.33,https://nube.ine.gob.bo/index.php/s/SAdtxOKC5bUbsNP/download,True
2023-03-06 13:12:44-04:00,Descargar,pre-alianzas-convenios,pdf,1218.58,https://nube.ine.gob.bo/index.php/s/eDCDnlDVMOyH9yh/download,True
2023-03-06 13:13:16-04:00,Descargar,pre-alianzas-convenios,pdf,1154.15,https://nube.ine.gob.bo/index.php/s/uGPQ3F2Iu7aZ5O9/download,True
2023-03-06 13:13:18-04:00,Descargar,pre-alianzas-convenios,pdf,945.2,https://nube.ine.gob.bo/index.php/s/3ujqRAEuFtlS81J/download,True
2023-03-06 13:13:18-04:00,Descargar,pre-alianzas-convenios,pdf,1355.64,https://nube.ine.gob.bo/index.php/s/UZUXvdl31QiRd6i/download,True
2023-03-06 13:13:50-04:00,Descargar,pre-alianzas-convenios,pdf,1202.27,https://nube.ine.gob.bo/index.php/s/cEYKXyWRLlOrz1M/download,True
2023-03-06 13:13:52-04:00,Descargar,pre-alianzas-convenios,pdf,1193.18,https://nube.ine.gob.bo/index.php/s/h5ydHPQex9bNe5O/download,True
2023-03-06 13:13:54-04:00,Descargar,pre-alianzas-convenios,pdf,1198.21,https://nube.ine.gob.bo/index.php/s/7MiP1k1vEU9BRWQ/download,True
2023-03-06 13:14:26-04:00,Descargar,pre-alianzas-convenios,pdf,1051.89,https://nube.ine.gob.bo/index.php/s/PEbmyjMUpbcCOyH/download,True
2023-03-06 13:14:28-04:00,Descargar,pre-alianzas-convenios,pdf,1200.86,https://nube.ine.gob.bo/index.php/s/u2FqesCqQ4Y6aQE/download,True
2023-03-06 13:14:28-04:00,Descargar,pre-alianzas-convenios,pdf,1160.27,https://nube.ine.gob.bo/index.php/s/zuoNrU8Rc8hdRV3/download,True
2023-03-06 13:14:58-04:00,Descargar,pre-alianzas-convenios,pdf,1446.4,https://nube.ine.gob.bo/index.php/s/18REzr5nLjMLRPR/download,True
2023-03-07 06:34:16-04:00,Descargar,pre-alianzas-convenios,pdf,2156.84,https://nube.ine.gob.bo/index.php/s/XbBJ3uDE7Pta2dp/download,True
2023-03-07 06:35:14-04:00,Descargar,pre-alianzas-convenios,pdf,2186.93,https://nube.ine.gob.bo/index.php/s/MqSpyWWL8LvMQy6/download,True
2023-03-07 06:36:46-04:00,Descargar,pre-alianzas-convenios,pdf,2112.27,https://nube.ine.gob.bo/index.php/s/UuaKPLhvq0YOR2x/download,True
2023-03-10 07:46:20-04:00,Descargar,pre-alianzas-convenios,pdf,1241.86,https://nube.ine.gob.bo/index.php/s/QNPr196MmmwSN3m/download,True
2023-03-10 16:48:04-04:00,Descargar,pre-alianzas-convenios,pdf,1482.39,https://nube.ine.gob.bo/index.php/s/7V1J4LFPvGrj705/download,True
2023-03-10 20:23:26-04:00,Descargar,pre-alianzas-convenios,pdf,1326.36,https://nube.ine.gob.bo/index.php/s/tImf9WskJbjcMBK/download,True
2023-03-11 16:44:50-04:00,Descargar,pre-alianzas-convenios,pdf,1570.21,https://nube.ine.gob.bo/index.php/s/6VV0gfaTRQ4N9p3/download,True
2023-03-11 18:40:32-04:00,Descargar Formulario,Diseño de formularios,pdf,188.0,https://nube.ine.gob.bo/index.php/s/5ixD0lIjMi6vdOP/download,True
2023-03-11 18:41:34-04:00,Descargar Formulario,Diseño de formularios,pdf,175.43,https://nube.ine.gob.bo/index.php/s/JUvX2nDuVZ6jnM6/download,True
2023-03-11 18:42:16-04:00,Descargar Formulario,Diseño de formularios,pdf,173.57,https://nube.ine.gob.bo/index.php/s/2qEf5r7G17OiZDR/download,True
2023-03-11 18:44:02-04:00,Descargar Formulario,Diseño de formularios,pdf,203.87,https://nube.ine.gob.bo/index.php/s/CjLY1vKDEtEjrX5/download,True
2023-03-13 13:21:54-04:00,Descargar,pre-PIEs,pdf,301.44,https://nube.ine.gob.bo/index.php/s/7p2mH13lrQtg3PZ/download,True
2023-03-13 13:21:54-04:00,Descargar,pre-PIEs,pdf,410.66,https://nube.ine.gob.bo/index.php/s/950ecGtjIYkGS0m/download,True
2023-03-13 13:21:54-04:00,Descargar,pre-PIEs,pdf,199.81,https://nube.ine.gob.bo/index.php/s/Ec3JDjeErdlSUA7/download,True
2023-03-13 13:21:54-04:00,Descargar,pre-PIEs,pdf,204.8,https://nube.ine.gob.bo/index.php/s/NajHpvIvXANd4xn/download,True
2023-03-13 13:21:54-04:00,Descargar,pre-PIEs,pdf,195.06,https://nube.ine.gob.bo/index.php/s/ShIjVLylp1aojPe/download,True
2023-03-13 13:21:54-04:00,Descargar,pre-PIEs,pdf,241.75,https://nube.ine.gob.bo/index.php/s/XQ20FvSdGHa7zQG/download,True
2023-03-13 13:21:54-04:00,Descargar,pre-PIEs,pdf,286.96,https://nube.ine.gob.bo/index.php/s/XkD4BS9QoTnLDAJ/download,True
2023-03-13 13:21:54-04:00,Descargar,pre-PIEs,pdf,493.17,https://nube.ine.gob.bo/index.php/s/bcCxIhqDzaUeZfA/download,True
2023-03-13 13:21:54-04:00,Descargar,pre-PIEs,pdf,402.26,https://nube.ine.gob.bo/index.php/s/ecliflkX6vuW9xb/download,True
2023-03-13 13:21:54-04:00,Descargar,pre-PIEs,pdf,204.92,https://nube.ine.gob.bo/index.php/s/grArk8C2k7hbZvD/download,True
2023-03-13 13:21:54-04:00,Descargar,pre-PIEs,pdf,287.95,https://nube.ine.gob.bo/index.php/s/ibNeAap9dFgWDpf/download,True
2023-03-13 13:21:54-04:00,Descargar,pre-PIEs,pdf,420.87,https://nube.ine.gob.bo/index.php/s/j0Ssi9nTWNOaKXc/download,True
2023-03-13 13:21:54-04:00,Descargar,pre-PIEs,pdf,195.95,https://nube.ine.gob.bo/index.php/s/lFyAjdjToOktj5S/download,True
2023-03-13 13:21:54-04:00,Descargar,pre-PIEs,pdf,410.15,https://nube.ine.gob.bo/index.php/s/rxXHU3TaK7szreP/download,True
2023-03-13 14:39:54-04:00,BOLETÍN ESTADÍSTICO PRECIOS INTERNACIONALES FEBRERO DE 2023,Precios Internacionales,pdf,4200.22,https://nube.ine.gob.bo/index.php/s/UOLdURVofTwXXzB/download,True
2023-03-13 15:08:58-04:00,Descargar,pre-alianzas-convenios,pdf,836.67,https://nube.ine.gob.bo/index.php/s/ceLtUAw4WxYD7pS/download,True
2023-03-13 15:09:00-04:00,Descargar,pre-alianzas-convenios,pdf,435.89,https://nube.ine.gob.bo/index.php/s/IavIHe84ypmo1Nu/download,True
2023-03-13 15:09:00-04:00,Descargar,pre-alianzas-convenios,pdf,859.67,https://nube.ine.gob.bo/index.php/s/dZD7I5NVukAqQAm/download,True
2023-03-13 15:32:56-04:00,Descargar,pre-alianzas-convenios,pdf,995.35,https://nube.ine.gob.bo/index.php/s/cf5upxfRSGoMPhK/download,True
2023-03-13 22:24:36-04:00,Descarga la ley,Financiamiento – 2025,pdf,449.41,https://nube.ine.gob.bo/index.php/s/XeTGsV7GW9gu2SW/download,True
2023-03-13 22:24:36-04:00,Descarga el Decreto Supremo,Financiamiento – 2025,pdf,54.63,https://nube.ine.gob.bo/index.php/s/fV2nXZ0MfTolEjm/download,True
2023-03-13 22:35:54-04:00,Descarga el Decreto Supremo,Financiamiento – 2025,pdf,99.99,https://nube.ine.gob.bo/index.php/s/XmKw3MKgADyoJCV/download,True
2023-03-13 22:35:54-04:00,Descarga la ley,Financiamiento – 2025,pdf,88.19,https://nube.ine.gob.bo/index.php/s/qyBz2rjD0sW9r6K/download,True
2023-03-14 10:29:10-04:00,Descargar,pre-alianzas-convenios,pdf,1265.87,https://nube.ine.gob.bo/index.php/s/rbRYbEUxOJJcRPo/download,True
2023-03-14 10:33:44-04:00,Descargar,pre-alianzas-convenios,pdf,1199.02,https://nube.ine.gob.bo/index.php/s/b5VL3MbhCVXDwGy/download,True
2023-03-14 10:33:58-04:00,Descargar,pre-alianzas-convenios,pdf,1978.36,https://nube.ine.gob.bo/index.php/s/mgkq7NWdI5ux2Mq/download,True
2023-03-14 10:34:08-04:00,Descargar,pre-alianzas-convenios,pdf,1196.05,https://nube.ine.gob.bo/index.php/s/8lYk3OobruOD341/download,True
2023-03-14 10:34:14-04:00,Descargar,pre-alianzas-convenios,pdf,1459.44,https://nube.ine.gob.bo/index.php/s/LTZQi3wxLu2X4hY/download,True
2023-03-14 10:34:22-04:00,Descargar,pre-alianzas-convenios,pdf,1354.78,https://nube.ine.gob.bo/index.php/s/9focvDtCi5L9M1J/download,True
2023-03-14 10:34:32-04:00,Descargar,pre-alianzas-convenios,pdf,1360.22,https://nube.ine.gob.bo/index.php/s/o471TkkFmqPLRXP/download,True
2023-03-14 10:34:42-04:00,Descargar,pre-alianzas-convenios,pdf,1380.36,https://nube.ine.gob.bo/index.php/s/pfjKdNmJIeXBzIA/download,True
2023-03-14 10:34:50-04:00,Descargar,pre-alianzas-convenios,pdf,1447.35,https://nube.ine.gob.bo/index.php/s/GFp3nhdUdc7wz28/download,True
2023-03-14 10:34:56-04:00,Descargar,pre-alianzas-convenios,pdf,1341.96,https://nube.ine.gob.bo/index.php/s/leOVnGEAJpWuxP7/download,True
2023-03-14 10:35:04-04:00,Descargar,pre-alianzas-convenios,pdf,1224.03,https://nube.ine.gob.bo/index.php/s/Oe0aMMqeRHLM4Dz/download,True
2023-03-14 16:38:02-04:00,Descargar,pre-alianzas-convenios,pdf,1226.64,https://nube.ine.gob.bo/index.php/s/4dXjL5UmiTGmQal/download,True
2023-03-14 16:38:08-04:00,Descargar,pre-alianzas-convenios,pdf,1173.93,https://nube.ine.gob.bo/index.php/s/8Lx4BhF1ZhHrvTH/download,True
2023-03-14 16:38:14-04:00,Descargar,pre-alianzas-convenios,pdf,1516.6,https://nube.ine.gob.bo/index.php/s/xZBX00UFzrt5Vpr/download,True
2023-03-14 16:38:16-04:00,Descargar,pre-alianzas-convenios,pdf,1450.35,https://nube.ine.gob.bo/index.php/s/UoM4vf4w1g2WetQ/download,True
2023-03-14 16:38:18-04:00,Descargar,pre-alianzas-convenios,pdf,1290.09,https://nube.ine.gob.bo/index.php/s/j15ZXj3jW4PabSr/download,True
2023-03-14 16:38:22-04:00,Descargar,pre-alianzas-convenios,pdf,1185.03,https://nube.ine.gob.bo/index.php/s/FPLhVisL7tkSMUw/download,True
2023-03-14 16:38:30-04:00,Descargar,pre-alianzas-convenios,pdf,1448.84,https://nube.ine.gob.bo/index.php/s/4tuzFxhM9tkd4OR/download,True
2023-03-15 09:09:56-04:00,Descargar,pre-alianzas-convenios,pdf,741.5,https://nube.ine.gob.bo/index.php/s/MSAEDYHcD47VvsL/download,True
2023-03-15 09:30:34-04:00,Descargar,pre-alianzas-convenios,pdf,707.5,https://nube.ine.gob.bo/index.php/s/TKuo4fRY1OzQYUa/download,True
2023-03-15 09:31:46-04:00,Descargar,pre-alianzas-convenios,pdf,572.77,https://nube.ine.gob.bo/index.php/s/LLeg6DVvLqll9lV/download,True
2023-03-15 09:34:08-04:00,Descargar,pre-alianzas-convenios,pdf,627.15,https://nube.ine.gob.bo/index.php/s/mbpzl4YOg6SsUcr/download,True
2023-03-15 09:35:20-04:00,Descargar,pre-alianzas-convenios,pdf,628.84,https://nube.ine.gob.bo/index.php/s/gm2GE9aZz0aEbWH/download,True
2023-03-15 10:03:30-04:00,Descargar,pre-alianzas-convenios,pdf,694.03,https://nube.ine.gob.bo/index.php/s/yU4vgXKCY2BBRxY/download,True
2023-03-16 14:42:18-04:00,Descargar,pre-alianzas-convenios,pdf,664.08,https://nube.ine.gob.bo/index.php/s/g8RsSCBfj2CN5Ok/download,True
2023-03-16 14:48:30-04:00,Descargar,pre-alianzas-convenios,pdf,684.65,https://nube.ine.gob.bo/index.php/s/9kUrF2e2kALkM8U/download,True
2023-03-16 15:40:40-04:00,Descargar,pre-alianzas-convenios,pdf,980.9,https://nube.ine.gob.bo/index.php/s/dsAUG4qTrhjYapx/download,True
2023-03-16 15:40:40-04:00,Descargar,pre-alianzas-convenios,pdf,987.51,https://nube.ine.gob.bo/index.php/s/yR84cVUml6lC0xi/download,True
2023-03-16 15:47:20-04:00,Descargar,pre-alianzas-convenios,pdf,1323.15,https://nube.ine.gob.bo/index.php/s/3kW0HLy87GLfmzR/download,True
2023-03-16 15:47:20-04:00,Descargar,pre-alianzas-convenios,pdf,1379.32,https://nube.ine.gob.bo/index.php/s/AkpJ7hIVINTAJ6n/download,True
2023-03-16 15:47:22-04:00,Descargar,pre-alianzas-convenios,pdf,1292.72,https://nube.ine.gob.bo/index.php/s/buP4OtlUiretdvH/download,True
2023-03-17 12:09:39-04:00,Descargar,CONFERENCIAS DE PRENSA,pdf,509.29,https://nube.ine.gob.bo/index.php/s/dVBt64GbaSMSnhI/download,True
2023-03-17 12:11:09-04:00,Descargar,CONFERENCIAS DE PRENSA,pdf,405.82,https://nube.ine.gob.bo/index.php/s/z3ZDHQMJwGk9Qb7/download,True
2023-03-17 12:13:33-04:00,Descargar,CONFERENCIAS DE PRENSA,pdf,1075.73,https://nube.ine.gob.bo/index.php/s/UjhSyqdDEKxjYIP/download,True
2023-03-22 19:48:35-04:00,BOLETÍN ESTADÍSTICO COMEX ENERO 2023,Saldo Comercial,pdf,6654.46,https://nube.ine.gob.bo/index.php/s/fJNB8ScbUPGTZyX/download,True
2023-03-29 11:45:48-04:00,Descargar,CONFERENCIAS DE PRENSA,pdf,2751.47,https://nube.ine.gob.bo/index.php/s/NGc7AU1vtQ5T9IS/download,True
2023-03-30 19:10:38-04:00,Descargar,CONFERENCIAS DE PRENSA,pdf,395.67,https://nube.ine.gob.bo/index.php/s/BIGW6lja5NTOySX/download,True
2023-03-30 19:21:45-04:00,Descargar,CONFERENCIAS DE PRENSA,pdf,395.09,https://nube.ine.gob.bo/index.php/s/tyRHvRUM5eahVPC/download,True
2023-03-30 19:22:22-04:00,Descargar,CONFERENCIAS DE PRENSA,pdf,273.21,https://nube.ine.gob.bo/index.php/s/xOHmkFTrK3v4syP/download,True
2023-03-30 19:24:29-04:00,Descargar,CONFERENCIAS DE PRENSA,pdf,389.45,https://nube.ine.gob.bo/index.php/s/lq6tzYTxXqFCrcH/download,True
2023-03-31 14:34:10-04:00,SALARIOS Y REMUNERACIONES DEL SECTOR PRIVADO IV TRIMESTRE 2022,"Salarios, Remuneraciones y Empleo de los Asalariados en el Sector Privado",pdf,2342.3,https://nube.ine.gob.bo/index.php/s/9B2Gk1aLdfFNimE/download,False
2023-03-31 20:42:13-04:00,SALARIOS Y REMUNERACIONES DEL SECTOR PÚBLICO DICIEMBRE DE 2022,"Salarios, Remuneraciones y Empleo Sector Público",pdf,2175.08,https://nube.ine.gob.bo/index.php/s/TRs6ezhZfkmZzI6/download,False
2023-04-03 11:40:24-04:00,Descargar,CONFERENCIAS DE PRENSA,pdf,454.92,https://nube.ine.gob.bo/index.php/s/iZtyfBbS9duMwdV/download,True
2023-04-06 11:52:50-04:00,Descargar,CONFERENCIAS DE PRENSA,pdf,1531.8,https://nube.ine.gob.bo/index.php/s/DBOnf0A8Li9dJkC/download,True
2023-04-11 18:21:17-04:00,Descargar,CONFERENCIAS DE PRENSA,pdf,742.13,https://nube.ine.gob.bo/index.php/s/mOujjqmAY67QAeY/download,True
2023-04-14 10:09:30-04:00,BOLETÍN ESTADÍSTICO PRECIOS INTERNACIONALES MARZO DE 2023,Precios Internacionales,pdf,8193.15,https://nube.ine.gob.bo/index.php/s/lFZ2oZ4ESBj7wnt/download,True
2023-04-17 20:22:28-04:00,Descargar,CONFERENCIAS DE PRENSA,pdf,671.38,https://nube.ine.gob.bo/index.php/s/KjRpVARBuhreoRJ/download,True
2023-04-24 14:26:01-04:00,Descargar,CONFERENCIAS DE PRENSA,pdf,702.29,https://nube.ine.gob.bo/index.php/s/Z7lmsX5jErZbYpR/download,True
2023-04-25 14:19:38-04:00,Descarga el informe de la primera reunión del Comité Técnico,Comité Técnico,pdf,217.17,https://nube.ine.gob.bo/index.php/s/ycN2lbGH4Ll8l0I/download,True
2023-05-02 20:04:35-04:00,Descargar,CONFERENCIAS DE PRENSA,pdf,491.65,https://nube.ine.gob.bo/index.php/s/PrTKlM0nKkCpjpr/download,True
2023-05-03 22:05:03-04:00,Descargar,CONFERENCIAS DE PRENSA,pdf,517.99,https://nube.ine.gob.bo/index.php/s/G6lIhIXsLxozgnG/download,True
2023-05-05 13:10:47-04:00,Descargar,CONFERENCIAS DE PRENSA,pdf,6844.87,https://nube.ine.gob.bo/index.php/s/0ERTWuk13Altfab/download,True
2023-05-09 20:17:14-04:00,Descargar,pre-alianzas-convenios,pdf,1367.52,https://nube.ine.gob.bo/index.php/s/0VUhttE9oafZVfx/download,True
2023-05-09 20:17:14-04:00,Descargar,pre-alianzas-convenios,pdf,1216.14,https://nube.ine.gob.bo/index.php/s/16crfasec42Hjiv/download,True
2023-05-09 20:17:14-04:00,Descargar,pre-alianzas-convenios,pdf,992.79,https://nube.ine.gob.bo/index.php/s/57ErVO6V9JzCmDS/download,True
2023-05-09 20:17:14-04:00,Descargar,pre-alianzas-convenios,pdf,1246.12,https://nube.ine.gob.bo/index.php/s/AqWlO0tTVER0zC7/download,True
2023-05-09 20:17:14-04:00,Descargar,pre-alianzas-convenios,pdf,2319.65,https://nube.ine.gob.bo/index.php/s/B8Deb8OjPyl5nZl/download,True
2023-05-09 20:17:14-04:00,Descargar,pre-alianzas-convenios,pdf,884.45,https://nube.ine.gob.bo/index.php/s/BCOWErFWbCBJGWY/download,True
2023-05-09 20:17:14-04:00,Descargar,pre-alianzas-convenios,pdf,1037.64,https://nube.ine.gob.bo/index.php/s/D4h47gqu6WrfsEc/download,True
2023-05-09 20:17:14-04:00,Descargar,pre-alianzas-convenios,pdf,1371.55,https://nube.ine.gob.bo/index.php/s/E6ti2vYcdStzuz5/download,True
2023-05-09 20:17:14-04:00,Descargar,pre-alianzas-convenios,pdf,1165.16,https://nube.ine.gob.bo/index.php/s/FWUCyhooNSq3JiR/download,True
2023-05-09 20:17:14-04:00,Descargar,pre-alianzas-convenios,pdf,975.08,https://nube.ine.gob.bo/index.php/s/GUPfPEr0mEXxwY3/download,True
2023-05-09 20:17:14-04:00,Descargar,pre-alianzas-convenios,pdf,1271.31,https://nube.ine.gob.bo/index.php/s/KfYUysGw5UIzPGa/download,True
2023-05-09 20:17:14-04:00,Descargar,pre-alianzas-convenios,pdf,1347.39,https://nube.ine.gob.bo/index.php/s/MCENLssCXKpqYO9/download,True
2023-05-09 20:17:14-04:00,Descargar,pre-alianzas-convenios,pdf,1004.68,https://nube.ine.gob.bo/index.php/s/NSd69VrAEHwuk84/download,True
2023-05-09 20:17:14-04:00,Descargar,pre-alianzas-convenios,pdf,1275.37,https://nube.ine.gob.bo/index.php/s/i3cGWtQXtatcQBf/download,True
2023-05-09 20:17:14-04:00,Descargar,pre-alianzas-convenios,pdf,906.94,https://nube.ine.gob.bo/index.php/s/lJboaZfEfwXtSsj/download,True
2023-05-09 20:17:14-04:00,Descargar,pre-alianzas-convenios,pdf,1457.97,https://nube.ine.gob.bo/index.php/s/nONEF5kktqBAQuO/download,True
2023-05-09 20:17:14-04:00,Descargar,pre-alianzas-convenios,pdf,1413.53,https://nube.ine.gob.bo/index.php/s/pHFQM7XDxM7zgpR/download,True
2023-05-09 20:17:14-04:00,Descargar,pre-alianzas-convenios,pdf,975.2,https://nube.ine.gob.bo/index.php/s/pUrELgYXcmBl343/download,True
2023-05-09 20:17:14-04:00,Descargar,pre-alianzas-convenios,pdf,1037.56,https://nube.ine.gob.bo/index.php/s/vuKFF6lOxsa7qrt/download,True
2023-05-09 20:19:10-04:00,Descargar,pre-alianzas-convenios,pdf,2617.45,https://nube.ine.gob.bo/index.php/s/02QLPZHYtimmgEm/download,True
2023-05-09 20:19:10-04:00,Descargar,pre-alianzas-convenios,pdf,1097.85,https://nube.ine.gob.bo/index.php/s/5vKOlPCDScJu0eQ/download,True
2023-05-09 20:19:10-04:00,Descargar,pre-alianzas-convenios,pdf,1305.41,https://nube.ine.gob.bo/index.php/s/91KuYhoQY2ziYzd/download,True
2023-05-09 20:19:10-04:00,Descargar,pre-alianzas-convenios,pdf,1156.4,https://nube.ine.gob.bo/index.php/s/DICYeXZHeq80dnG/download,True
2023-05-09 20:19:10-04:00,Descargar,pre-alianzas-convenios,pdf,1242.68,https://nube.ine.gob.bo/index.php/s/EZAPp2sVmlMHdEE/download,True
2023-05-09 20:19:10-04:00,Descargar,pre-alianzas-convenios,pdf,1219.5,https://nube.ine.gob.bo/index.php/s/LgWEVQZVrfM7rZv/download,True
2023-05-09 20:19:10-04:00,Descargar,pre-alianzas-convenios,pdf,1533.31,https://nube.ine.gob.bo/index.php/s/ktAuOzqGhShHfXB/download,True
2023-05-09 20:19:10-04:00,Descargar,pre-alianzas-convenios,pdf,1134.6,https://nube.ine.gob.bo/index.php/s/ku62qKBzMH6dPXY/download,True
2023-05-09 20:19:10-04:00,Descargar,pre-alianzas-convenios,pdf,1898.98,https://nube.ine.gob.bo/index.php/s/tKhJQ0AuY0YQy2d/download,True
2023-05-09 20:19:10-04:00,Descargar,pre-alianzas-convenios,pdf,1200.7,https://nube.ine.gob.bo/index.php/s/vrv7yQbaEUCTZdJ/download,True
2023-05-09 20:19:10-04:00,Descargar,pre-alianzas-convenios,pdf,1274.72,https://nube.ine.gob.bo/index.php/s/zwcL64AWJTktOH3/download,True
2023-05-09 20:19:42-04:00,Descargar,pre-alianzas-convenios,pdf,1023.75,https://nube.ine.gob.bo/index.php/s/BjsnoSfoqFnebem/download,True
2023-05-09 20:19:42-04:00,Descargar,pre-alianzas-convenios,pdf,1257.39,https://nube.ine.gob.bo/index.php/s/IhsHtOrLQmBatO0/download,True
2023-05-09 20:19:42-04:00,Descargar,pre-alianzas-convenios,pdf,990.61,https://nube.ine.gob.bo/index.php/s/J6CPSB88L8dZ4vR/download,True
2023-05-09 20:19:42-04:00,Descargar,pre-alianzas-convenios,pdf,1248.89,https://nube.ine.gob.bo/index.php/s/OD9ii1aTBSeB6j9/download,True
2023-05-09 20:19:42-04:00,Descargar,pre-alianzas-convenios,pdf,1257.58,https://nube.ine.gob.bo/index.php/s/Pp4OTFgEJsHN3yh/download,True
2023-05-09 20:19:42-04:00,Descargar,pre-alianzas-convenios,pdf,1284.64,https://nube.ine.gob.bo/index.php/s/RCkMPchsuBJXhbX/download,True
2023-05-09 20:19:42-04:00,Descargar,pre-alianzas-convenios,pdf,1075.34,https://nube.ine.gob.bo/index.php/s/VowpQv1YnEDhcHZ/download,True
2023-05-09 20:19:42-04:00,Descargar,pre-alianzas-convenios,pdf,1030.28,https://nube.ine.gob.bo/index.php/s/WMnJWt8arW2ZgZq/download,True
2023-05-09 20:19:42-04:00,Descargar,pre-alianzas-convenios,pdf,1262.2,https://nube.ine.gob.bo/index.php/s/XGpwgTxWVrMYUVx/download,True
2023-05-09 20:19:42-04:00,Descargar,pre-alianzas-convenios,pdf,1244.7,https://nube.ine.gob.bo/index.php/s/XQCu7ZNgUnPEIln/download,True
2023-05-09 20:19:42-04:00,Descargar,pre-alianzas-convenios,pdf,830.58,https://nube.ine.gob.bo/index.php/s/Y5xkj0Zn3gBsYO8/download,True
2023-05-09 20:19:42-04:00,Descargar,pre-alianzas-convenios,pdf,1254.09,https://nube.ine.gob.bo/index.php/s/eBacujJiPnP1Urg/download,True
2023-05-09 20:19:42-04:00,Descargar,pre-alianzas-convenios,pdf,1140.47,https://nube.ine.gob.bo/index.php/s/f9fF7KXqUfNu6s0/download,True
2023-05-09 20:19:42-04:00,Descargar,pre-alianzas-convenios,pdf,1121.86,https://nube.ine.gob.bo/index.php/s/jU1dFwaX99GUroN/download,True
2023-05-09 20:19:42-04:00,Descargar,pre-alianzas-convenios,pdf,1223.44,https://nube.ine.gob.bo/index.php/s/rByc7x9XQILArko/download,True
2023-05-09 20:19:42-04:00,Descargar,pre-alianzas-convenios,pdf,1298.6,https://nube.ine.gob.bo/index.php/s/tBFtVNzPzTzLWUo/download,True
2023-05-09 20:19:42-04:00,Descargar,pre-alianzas-convenios,pdf,1232.22,https://nube.ine.gob.bo/index.php/s/uqzFL9Tk8fKjRuq/download,True
2023-05-09 20:20:24-04:00,Descargar,pre-alianzas-convenios,pdf,1244.72,https://nube.ine.gob.bo/index.php/s/DIlDLtVq7PP4Ptu/download,True
2023-05-09 20:20:24-04:00,Descargar,pre-alianzas-convenios,pdf,655.42,https://nube.ine.gob.bo/index.php/s/NBR3VOABsbMhr66/download,True
2023-05-09 20:20:24-04:00,Descargar,pre-alianzas-convenios,pdf,977.92,https://nube.ine.gob.bo/index.php/s/cD8rECy74S9hT51/download,True
2023-05-09 20:20:24-04:00,Descargar,pre-alianzas-convenios,pdf,1105.63,https://nube.ine.gob.bo/index.php/s/e9aOYo0SbLC4H0b/download,True
2023-05-09 20:20:24-04:00,Descargar,pre-alianzas-convenios,pdf,660.33,https://nube.ine.gob.bo/index.php/s/t9pYMmHQV89CA4C/download,True
2023-05-09 20:20:24-04:00,Descargar,pre-alianzas-convenios,pdf,1481.52,https://nube.ine.gob.bo/index.php/s/tbUv1XuasMSOSu0/download,True
2023-05-09 20:20:24-04:00,Descargar,pre-alianzas-convenios,pdf,1243.08,https://nube.ine.gob.bo/index.php/s/uWmHSmQGBN2q58s/download,True
2023-05-09 20:20:24-04:00,Descargar,pre-alianzas-convenios,pdf,1252.22,https://nube.ine.gob.bo/index.php/s/wy3LLQe5vChIyfE/download,True
2023-05-09 20:21:50-04:00,Descargar,pre-alianzas-convenios,pdf,1364.71,https://nube.ine.gob.bo/index.php/s/8C3Q18oU0w7fELR/download,True
2023-05-09 20:21:50-04:00,Descargar,pre-alianzas-convenios,pdf,764.78,https://nube.ine.gob.bo/index.php/s/Ap14Ak6MUg1cLCl/download,True
2023-05-09 20:21:50-04:00,Descargar,pre-alianzas-convenios,pdf,1578.06,https://nube.ine.gob.bo/index.php/s/EMNv2Fo4UME6aT7/download,True
2023-05-09 20:21:50-04:00,Descargar,pre-alianzas-convenios,pdf,732.98,https://nube.ine.gob.bo/index.php/s/KeYH2mVd8fuTSKu/download,True
2023-05-09 20:21:50-04:00,Descargar,pre-alianzas-convenios,pdf,607.88,https://nube.ine.gob.bo/index.php/s/KmliTwviXvAsywO/download,True
2023-05-09 20:21:50-04:00,Descargar,pre-alianzas-convenios,pdf,1827.62,https://nube.ine.gob.bo/index.php/s/PhXDwzKBfpi80I8/download,True
2023-05-09 20:21:50-04:00,Descargar,pre-alianzas-convenios,pdf,787.05,https://nube.ine.gob.bo/index.php/s/Ru1gv7oesqKiYsv/download,True
2023-05-09 20:21:50-04:00,Descargar,pre-alianzas-convenios,pdf,629.21,https://nube.ine.gob.bo/index.php/s/TiDJsZlDFdoFIlf/download,True
2023-05-09 20:21:50-04:00,Descargar,pre-alianzas-convenios,pdf,697.78,https://nube.ine.gob.bo/index.php/s/WLDWys828xuiONZ/download,True
2023-05-09 20:21:50-04:00,Descargar,pre-alianzas-convenios,pdf,794.64,https://nube.ine.gob.bo/index.php/s/XeIS8M5L4aihJWB/download,True
2023-05-09 20:21:50-04:00,Descargar,pre-alianzas-convenios,pdf,718.14,https://nube.ine.gob.bo/index.php/s/Zh7HZ7vPSoDqH03/download,True
2023-05-09 20:21:50-04:00,Descargar,pre-alianzas-convenios,pdf,811.6,https://nube.ine.gob.bo/index.php/s/cqvrKGliR7FI2Tg/download,True
2023-05-09 20:21:50-04:00,Descargar,pre-alianzas-convenios,pdf,748.41,https://nube.ine.gob.bo/index.php/s/e8S55NPP2wXFKzl/download,True
2023-05-09 20:21:50-04:00,Descargar,pre-alianzas-convenios,pdf,630.19,https://nube.ine.gob.bo/index.php/s/glQZIpqj2G1Kakz/download,True
2023-05-09 20:21:50-04:00,Descargar,pre-alianzas-convenios,pdf,690.8,https://nube.ine.gob.bo/index.php/s/vbpF5DnefZ5ZfrA/download,True
2023-05-09 20:22:40-04:00,Descargar,pre-alianzas-convenios,pdf,1407.2,https://nube.ine.gob.bo/index.php/s/BStiYQoPIa1EEzB/download,True
2023-05-09 20:22:40-04:00,Descargar,pre-alianzas-convenios,pdf,743.14,https://nube.ine.gob.bo/index.php/s/e7uJ1msQbSqGuDi/download,True
2023-05-09 20:22:40-04:00,Descargar,pre-alianzas-convenios,pdf,632.48,https://nube.ine.gob.bo/index.php/s/iKu6Fe9xKPBxSAY/download,True
2023-05-10 12:25:16-04:00,Descargar,pre-alianzas-convenios,pdf,1493.12,https://nube.ine.gob.bo/index.php/s/3txwRBhR1Qzq0jE/download,True
2023-05-10 12:25:16-04:00,Descargar,pre-alianzas-convenios,pdf,1122.24,https://nube.ine.gob.bo/index.php/s/EPTpwjnPnWTWv1p/download,True
2023-05-10 12:25:16-04:00,Descargar,pre-alianzas-convenios,pdf,1622.43,https://nube.ine.gob.bo/index.php/s/LzrUGeKqeaTNInQ/download,True
2023-05-10 12:25:16-04:00,Descargar,pre-alianzas-convenios,pdf,999.86,https://nube.ine.gob.bo/index.php/s/NecTwzjLus0MMLd/download,True
2023-05-10 12:25:16-04:00,Descargar,pre-alianzas-convenios,pdf,1605.3,https://nube.ine.gob.bo/index.php/s/OGiskEOtSZK9WcG/download,True
2023-05-10 12:25:16-04:00,Descargar,pre-alianzas-convenios,pdf,1497.67,https://nube.ine.gob.bo/index.php/s/Q9SPCUt4rEJ8WlN/download,True
2023-05-10 12:25:16-04:00,Descargar,pre-alianzas-convenios,pdf,1333.92,https://nube.ine.gob.bo/index.php/s/Rhi5HhcKjrNUsyN/download,True
2023-05-10 12:25:16-04:00,Descargar,pre-alianzas-convenios,pdf,1070.05,https://nube.ine.gob.bo/index.php/s/U0ogTztDYFvzgb0/download,True
2023-05-10 12:25:16-04:00,Descargar,pre-alianzas-convenios,pdf,1656.04,https://nube.ine.gob.bo/index.php/s/UOaizuSmdfsOJAQ/download,True
2023-05-10 12:25:16-04:00,Descargar,pre-alianzas-convenios,pdf,2988.15,https://nube.ine.gob.bo/index.php/s/ck3XTVoLTqQ5ELn/download,True
2023-05-10 12:25:16-04:00,Descargar,pre-alianzas-convenios,pdf,1499.13,https://nube.ine.gob.bo/index.php/s/ikCcI651jYegkfX/download,True
2023-05-10 12:25:16-04:00,Descargar,pre-alianzas-convenios,pdf,1346.98,https://nube.ine.gob.bo/index.php/s/pVoAslpUblnJoNY/download,True
2023-05-10 12:25:16-04:00,Descargar,pre-alianzas-convenios,pdf,1569.12,https://nube.ine.gob.bo/index.php/s/pZVKTWGriSX8ZNj/download,True
2023-05-10 12:28:44-04:00,Descargar,pre-alianzas-convenios,pdf,1242.85,https://nube.ine.gob.bo/index.php/s/0W2LQJvgV0kDpX4/download,True
2023-05-10 12:28:44-04:00,Descargar,pre-alianzas-convenios,pdf,1533.24,https://nube.ine.gob.bo/index.php/s/23foKUvRyfvXbYI/download,True
2023-05-10 12:28:44-04:00,Descargar,pre-alianzas-convenios,pdf,1534.37,https://nube.ine.gob.bo/index.php/s/EpRahbwNbogvnwa/download,True
2023-05-10 12:28:44-04:00,Descargar,pre-alianzas-convenios,pdf,1293.77,https://nube.ine.gob.bo/index.php/s/Hcss7Iqg9dV5gJ2/download,True
2023-05-10 12:28:44-04:00,Descargar,pre-alianzas-convenios,pdf,1395.28,https://nube.ine.gob.bo/index.php/s/L1NrCgfY9ZpLUPu/download,True
2023-05-10 12:28:44-04:00,Descargar,pre-alianzas-convenios,pdf,1254.16,https://nube.ine.gob.bo/index.php/s/OaBpx6L3RKHq1w4/download,True
2023-05-10 12:28:44-04:00,Descargar,pre-alianzas-convenios,pdf,1142.57,https://nube.ine.gob.bo/index.php/s/RLZ2sQKwEfLUBYU/download,True
2023-05-10 12:28:44-04:00,Descargar,pre-alianzas-convenios,pdf,1354.48,https://nube.ine.gob.bo/index.php/s/TQJ96Z7bJTdeBMU/download,True
2023-05-10 12:28:44-04:00,Descargar,pre-alianzas-convenios,pdf,1309.22,https://nube.ine.gob.bo/index.php/s/bqMDfMalOQGm5qQ/download,True
2023-05-10 12:28:44-04:00,Descargar,pre-alianzas-convenios,pdf,1089.52,https://nube.ine.gob.bo/index.php/s/ezPXhtj91PK1lrq/download,True
2023-05-10 12:28:44-04:00,Descargar,pre-alianzas-convenios,pdf,2055.25,https://nube.ine.gob.bo/index.php/s/fWBGn7FiT6ZvLhL/download,True
2023-05-10 12:28:44-04:00,Descargar,pre-alianzas-convenios,pdf,1209.65,https://nube.ine.gob.bo/index.php/s/iYs3TO71VhLao8D/download,True
2023-05-10 12:28:44-04:00,Descargar,pre-alianzas-convenios,pdf,1194.4,https://nube.ine.gob.bo/index.php/s/nK3v8nGXgqIxAAc/download,True
2023-05-10 12:28:44-04:00,Descargar,pre-alianzas-convenios,pdf,1613.75,https://nube.ine.gob.bo/index.php/s/qBEY0IRWlHMVPXc/download,True
2023-05-10 12:28:44-04:00,Descargar,pre-alianzas-convenios,pdf,1235.67,https://nube.ine.gob.bo/index.php/s/ujyJM8S1FRlvRgo/download,True
2023-05-10 12:28:44-04:00,Descargar,pre-alianzas-convenios,pdf,1111.36,https://nube.ine.gob.bo/index.php/s/xM7n9LLPkGCzMWS/download,True
2023-05-10 12:32:36-04:00,Descargar,pre-alianzas-convenios,pdf,1650.98,https://nube.ine.gob.bo/index.php/s/8ut9ERhgEw3mHjr/download,True
2023-05-10 12:32:36-04:00,Descargar,pre-alianzas-convenios,pdf,1500.73,https://nube.ine.gob.bo/index.php/s/DCPEmnCaoacfCig/download,True
2023-05-10 12:32:36-04:00,Descargar,pre-alianzas-convenios,pdf,1086.86,https://nube.ine.gob.bo/index.php/s/DdKoXhEMzB3tgKZ/download,True
2023-05-10 12:32:36-04:00,Descargar,pre-alianzas-convenios,pdf,1240.95,https://nube.ine.gob.bo/index.php/s/IEFknLJiME8Z4FD/download,True
2023-05-10 12:32:36-04:00,Descargar,pre-alianzas-convenios,pdf,1506.5,https://nube.ine.gob.bo/index.php/s/LdEuKfu5qgIEYN4/download,True
2023-05-10 12:32:36-04:00,Descargar,pre-alianzas-convenios,pdf,1757.27,https://nube.ine.gob.bo/index.php/s/OXDCDQKSjDIuJvO/download,True
2023-05-10 12:32:36-04:00,Descargar,pre-alianzas-convenios,pdf,7111.74,https://nube.ine.gob.bo/index.php/s/XQWWQj62kMtKHDA/download,True
2023-05-10 12:32:36-04:00,Descargar,pre-alianzas-convenios,pdf,1324.13,https://nube.ine.gob.bo/index.php/s/ZpsDsbuvaoCH1QD/download,True
2023-05-10 12:32:36-04:00,Descargar,pre-alianzas-convenios,pdf,1468.13,https://nube.ine.gob.bo/index.php/s/cYUJkUhxnrw2vhD/download,True
2023-05-10 12:32:36-04:00,Descargar,pre-alianzas-convenios,pdf,1300.59,https://nube.ine.gob.bo/index.php/s/yM42tu7xRLgcX8G/download,True
2023-05-10 12:35:04-04:00,Descargar,pre-alianzas-convenios,pdf,1224.75,https://nube.ine.gob.bo/index.php/s/85x8MJYbdaAvyQx/download,True
2023-05-10 12:35:04-04:00,Descargar,pre-alianzas-convenios,pdf,1046.95,https://nube.ine.gob.bo/index.php/s/9LMFDvtDK8E0tXr/download,True
2023-05-10 12:35:04-04:00,Descargar,pre-alianzas-convenios,pdf,1164.96,https://nube.ine.gob.bo/index.php/s/BAhx0nCI5sF1DN7/download,True
2023-05-10 12:35:04-04:00,Descargar,pre-alianzas-convenios,pdf,1211.73,https://nube.ine.gob.bo/index.php/s/CN3l2WANuNOCKxk/download,True
2023-05-10 12:35:04-04:00,Descargar,pre-alianzas-convenios,pdf,1067.15,https://nube.ine.gob.bo/index.php/s/MmhUukPspZXxNqQ/download,True
2023-05-10 12:35:04-04:00,Descargar,pre-alianzas-convenios,pdf,1273.02,https://nube.ine.gob.bo/index.php/s/WMbgMCvFLUTBPrH/download,True
2023-05-10 12:35:04-04:00,Descargar,pre-alianzas-convenios,pdf,1270.95,https://nube.ine.gob.bo/index.php/s/nsP6WMCy5oiAY9a/download,True
2023-05-10 12:35:04-04:00,Descargar,pre-alianzas-convenios,pdf,1268.96,https://nube.ine.gob.bo/index.php/s/ouBRBvXQCLp7gjR/download,True
2023-05-10 12:35:04-04:00,Descargar,pre-alianzas-convenios,pdf,2846.21,https://nube.ine.gob.bo/index.php/s/rrhYqTXt1FHAI0O/download,True
2023-05-10 12:35:04-04:00,Descargar,pre-alianzas-convenios,pdf,1262.96,https://nube.ine.gob.bo/index.php/s/z0S5eaFv9VqYodM/download,True
2023-05-10 12:42:40-04:00,Descargar,pre-alianzas-convenios,pdf,1028.7,https://nube.ine.gob.bo/index.php/s/2cWHgtGUDnmgDMu/download,True
2023-05-10 12:42:40-04:00,Descargar,pre-alianzas-convenios,pdf,579.35,https://nube.ine.gob.bo/index.php/s/4jCHwJmLQdJ29po/download,True
2023-05-10 12:42:40-04:00,Descargar,pre-alianzas-convenios,pdf,675.22,https://nube.ine.gob.bo/index.php/s/9Ih7BI2UqjoF1qs/download,True
2023-05-10 12:42:40-04:00,Descargar,pre-alianzas-convenios,pdf,644.96,https://nube.ine.gob.bo/index.php/s/AabHKfFhmEBP8RC/download,True
2023-05-10 12:42:40-04:00,Descargar,pre-alianzas-convenios,pdf,1488.16,https://nube.ine.gob.bo/index.php/s/NGx2xFeRXoFTnwH/download,True
2023-05-10 12:42:40-04:00,Descargar,pre-alianzas-convenios,pdf,1104.99,https://nube.ine.gob.bo/index.php/s/ORFybcfzN5dUFgP/download,True
2023-05-10 12:42:40-04:00,Descargar,pre-alianzas-convenios,pdf,694.11,https://nube.ine.gob.bo/index.php/s/OqyVbcu59qgkVPL/download,True
2023-05-10 12:42:40-04:00,Descargar,pre-alianzas-convenios,pdf,674.92,https://nube.ine.gob.bo/index.php/s/QuqSRTE2FyIF2qd/download,True
2023-05-10 12:42:40-04:00,Descargar,pre-alianzas-convenios,pdf,1614.97,https://nube.ine.gob.bo/index.php/s/UI6fwMIMec5G2aD/download,True
2023-05-10 12:42:40-04:00,Descargar,pre-alianzas-convenios,pdf,684.55,https://nube.ine.gob.bo/index.php/s/fgBz8CDqYl45Gey/download,True
2023-05-10 12:42:40-04:00,Descargar,pre-alianzas-convenios,pdf,658.97,https://nube.ine.gob.bo/index.php/s/iA4tRHX8J1L0ic2/download,True
2023-05-10 12:42:40-04:00,Descargar,pre-alianzas-convenios,pdf,1252.96,https://nube.ine.gob.bo/index.php/s/qavj18EGSkmCd9n/download,True
2023-05-10 12:42:40-04:00,Descargar,pre-alianzas-convenios,pdf,1258.01,https://nube.ine.gob.bo/index.php/s/tQKYH9OpJNEshVR/download,True
2023-05-10 12:42:40-04:00,Descargar,pre-alianzas-convenios,pdf,634.78,https://nube.ine.gob.bo/index.php/s/uIgVilN1tQI95Gy/download,True
2023-05-10 12:46:04-04:00,Descargar,pre-alianzas-convenios,pdf,1501.69,https://nube.ine.gob.bo/index.php/s/HKzYGNaZoJFI5NA/download,True
2023-05-10 12:46:04-04:00,Descargar,pre-alianzas-convenios,pdf,1050.25,https://nube.ine.gob.bo/index.php/s/c9KS6ykg27cr0vU/download,True
2023-05-10 12:46:04-04:00,Descargar,pre-alianzas-convenios,pdf,1224.07,https://nube.ine.gob.bo/index.php/s/epMUkHVZlWeTOwm/download,True
2023-05-10 12:46:04-04:00,Descargar,pre-alianzas-convenios,pdf,1212.48,https://nube.ine.gob.bo/index.php/s/ubG9Kc62j5mYJAk/download,True
2023-05-10 12:46:04-04:00,Descargar,pre-alianzas-convenios,pdf,1228.41,https://nube.ine.gob.bo/index.php/s/vMermLZd06Yd9iO/download,True
2023-05-10 12:46:04-04:00,Descargar,pre-alianzas-convenios,pdf,1233.28,https://nube.ine.gob.bo/index.php/s/wLolchlbCo0r3ja/download,True
2023-05-10 12:52:30-04:00,Descargar,pre-alianzas-convenios,pdf,1090.61,https://nube.ine.gob.bo/index.php/s/4DpL9kwOgUisQfo/download,True
2023-05-10 12:52:30-04:00,Descargar,pre-alianzas-convenios,pdf,1257.7,https://nube.ine.gob.bo/index.php/s/4wkUm44o6j3U8BZ/download,True
2023-05-10 12:52:30-04:00,Descargar,pre-alianzas-convenios,pdf,1144.74,https://nube.ine.gob.bo/index.php/s/6ScewqcVnxjdSPN/download,True
2023-05-10 12:52:30-04:00,Descargar,pre-alianzas-convenios,pdf,1277.29,https://nube.ine.gob.bo/index.php/s/CUoEwLzb2NPJNgu/download,True
2023-05-10 12:52:30-04:00,Descargar,pre-alianzas-convenios,pdf,1202.94,https://nube.ine.gob.bo/index.php/s/E5CIvIeIzQ6tNTD/download,True
2023-05-10 12:52:30-04:00,Descargar,pre-alianzas-convenios,pdf,1140.98,https://nube.ine.gob.bo/index.php/s/ESyCvQZGr1E99p8/download,True
2023-05-10 12:52:30-04:00,Descargar,pre-alianzas-convenios,pdf,1153.94,https://nube.ine.gob.bo/index.php/s/HKIXNcaw8XszOQ4/download,True
2023-05-10 12:52:30-04:00,Descargar,pre-alianzas-convenios,pdf,1155.3,https://nube.ine.gob.bo/index.php/s/HfDIpBjmzko0UHP/download,True
2023-05-10 12:52:30-04:00,Descargar,pre-alianzas-convenios,pdf,1116.72,https://nube.ine.gob.bo/index.php/s/OmOCwOAfjkZzRoO/download,True
2023-05-10 12:52:30-04:00,Descargar,pre-alianzas-convenios,pdf,1138.75,https://nube.ine.gob.bo/index.php/s/P9SYkvmrvH18nH8/download,True
2023-05-10 12:52:30-04:00,Descargar,pre-alianzas-convenios,pdf,1094.08,https://nube.ine.gob.bo/index.php/s/QOozJsUqpGbA8h8/download,True
2023-05-10 12:52:30-04:00,Descargar,pre-alianzas-convenios,pdf,1103.92,https://nube.ine.gob.bo/index.php/s/Rb3Cdwu5rvVRzji/download,True
2023-05-10 12:52:30-04:00,Descargar,pre-alianzas-convenios,pdf,1121.63,https://nube.ine.gob.bo/index.php/s/X0QRb5jbKvIlOGr/download,True
2023-05-10 12:52:30-04:00,Descargar,pre-alianzas-convenios,pdf,1106.23,https://nube.ine.gob.bo/index.php/s/et6bkwsmf4ZSMGB/download,True
2023-05-10 12:52:30-04:00,Descargar,pre-alianzas-convenios,pdf,650.57,https://nube.ine.gob.bo/index.php/s/fsfgMHMc0oq3HtR/download,True
2023-05-10 12:52:30-04:00,Descargar,pre-alianzas-convenios,pdf,1130.52,https://nube.ine.gob.bo/index.php/s/gLTTm0JJwZuzKyE/download,True
2023-05-10 12:52:30-04:00,Descargar,pre-alianzas-convenios,pdf,440.41,https://nube.ine.gob.bo/index.php/s/hmjAm6LQmYLL92A/download,True
2023-05-10 12:52:30-04:00,Descargar,pre-alianzas-convenios,pdf,484.96,https://nube.ine.gob.bo/index.php/s/lSt43HttNq3rF6J/download,True
2023-05-10 12:52:30-04:00,Descargar,pre-alianzas-convenios,pdf,1191.95,https://nube.ine.gob.bo/index.php/s/ols6hEY5do0hVJ3/download,True
2023-05-10 12:52:30-04:00,Descargar,pre-alianzas-convenios,pdf,1214.21,https://nube.ine.gob.bo/index.php/s/t9f4lllzkJLSLSz/download,True
2023-05-10 12:53:36-04:00,Descargar,pre-alianzas-convenios,pdf,883.16,https://nube.ine.gob.bo/index.php/s/0qcVD69vnWnSquT/download,True
2023-05-10 12:53:36-04:00,Descargar,pre-alianzas-convenios,pdf,868.54,https://nube.ine.gob.bo/index.php/s/0t2fXToPazztcAQ/download,True
2023-05-10 12:53:36-04:00,Descargar,pre-alianzas-convenios,pdf,891.88,https://nube.ine.gob.bo/index.php/s/4qGJcbSkUY2iFT8/download,True
2023-05-10 12:53:36-04:00,Descargar,pre-alianzas-convenios,pdf,887.52,https://nube.ine.gob.bo/index.php/s/Gd51WOqg0641ypd/download,True
2023-05-10 12:53:36-04:00,Descargar,pre-alianzas-convenios,pdf,887.35,https://nube.ine.gob.bo/index.php/s/OXqqleYV90OP50E/download,True
2023-05-10 12:53:36-04:00,Descargar,pre-alianzas-convenios,pdf,872.5,https://nube.ine.gob.bo/index.php/s/THn0DZLSfYsAUtB/download,True
2023-05-10 12:53:36-04:00,Descargar,pre-alianzas-convenios,pdf,867.26,https://nube.ine.gob.bo/index.php/s/UH0Mh165LY5VUPG/download,True
2023-05-10 12:53:36-04:00,Descargar,pre-alianzas-convenios,pdf,911.45,https://nube.ine.gob.bo/index.php/s/Y1rzk2STycJm7Sd/download,True
2023-05-10 12:53:36-04:00,Descargar,pre-alianzas-convenios,pdf,889.28,https://nube.ine.gob.bo/index.php/s/b1vE7Lm9j51WOPX/download,True
2023-05-10 12:53:36-04:00,Descargar,pre-alianzas-convenios,pdf,873.77,https://nube.ine.gob.bo/index.php/s/eUF8FVzqtEfk92z/download,True
2023-05-10 12:53:36-04:00,Descargar,pre-alianzas-convenios,pdf,1091.66,https://nube.ine.gob.bo/index.php/s/jSL1oz6Psp5cLE5/download,True
2023-05-10 12:53:36-04:00,Descargar,pre-alianzas-convenios,pdf,856.03,https://nube.ine.gob.bo/index.php/s/kHRr5fEviSNFFuR/download,True
2023-05-10 12:53:36-04:00,Descargar,pre-alianzas-convenios,pdf,874.87,https://nube.ine.gob.bo/index.php/s/kfvcaKii0krjvNK/download,True
2023-05-10 12:53:36-04:00,Descargar,pre-alianzas-convenios,pdf,862.97,https://nube.ine.gob.bo/index.php/s/pdIN0gh6ENlA5IV/download,True
2023-05-10 12:53:36-04:00,Descargar,pre-alianzas-convenios,pdf,876.06,https://nube.ine.gob.bo/index.php/s/t5izKOeurI8RtdE/download,True
2023-05-10 12:59:46-04:00,Descargar,pre-alianzas-convenios,pdf,758.08,https://nube.ine.gob.bo/index.php/s/0VvQczAKhKtM7Ec/download,True
2023-05-10 12:59:46-04:00,Descargar,pre-alianzas-convenios,pdf,1011.46,https://nube.ine.gob.bo/index.php/s/CMQJXWYCD0tPodM/download,True
2023-05-10 12:59:46-04:00,Descargar,pre-alianzas-convenios,pdf,1719.65,https://nube.ine.gob.bo/index.php/s/CgjasFYxtAuDTt3/download,True
2023-05-10 12:59:46-04:00,Descargar,pre-alianzas-convenios,pdf,1446.4,https://nube.ine.gob.bo/index.php/s/DbEY1ZRcGYjgTzA/download,True
2023-05-10 12:59:46-04:00,Descargar,pre-alianzas-convenios,pdf,1609.89,https://nube.ine.gob.bo/index.php/s/L4XX9pM8C5CoSNI/download,True
2023-05-10 12:59:46-04:00,Descargar,pre-alianzas-convenios,pdf,1048.5,https://nube.ine.gob.bo/index.php/s/Wzs9DvpmRX61yOH/download,True
2023-05-10 12:59:46-04:00,Descargar,pre-alianzas-convenios,pdf,1700.79,https://nube.ine.gob.bo/index.php/s/cMfuKA88DQc7fgW/download,True
2023-05-10 12:59:46-04:00,Descargar,pre-alianzas-convenios,pdf,1075.87,https://nube.ine.gob.bo/index.php/s/cgdfkz7myOSzmlM/download,True
2023-05-10 12:59:46-04:00,Descargar,pre-alianzas-convenios,pdf,1638.55,https://nube.ine.gob.bo/index.php/s/poxoOaEiYgCGf8a/download,True
2023-05-10 12:59:46-04:00,Descargar,pre-alianzas-convenios,pdf,2323.4,https://nube.ine.gob.bo/index.php/s/q700BoaPlnfOVrH/download,True
2023-05-10 12:59:46-04:00,Descargar,pre-alianzas-convenios,pdf,1096.97,https://nube.ine.gob.bo/index.php/s/qGhQLUMEGluCthB/download,True
2023-05-10 12:59:46-04:00,Descargar,pre-alianzas-convenios,pdf,1000.92,https://nube.ine.gob.bo/index.php/s/qmM6dIMjHNcXc6z/download,True
2023-05-10 12:59:46-04:00,Descargar,pre-alianzas-convenios,pdf,1003.5,https://nube.ine.gob.bo/index.php/s/rcirfsYEObinCK8/download,True
2023-05-10 13:01:52-04:00,Descargar,pre-alianzas-convenios,pdf,1187.69,https://nube.ine.gob.bo/index.php/s/KnmVF2OGawYiLXa/download,True
2023-05-10 13:01:52-04:00,Descargar,pre-alianzas-convenios,pdf,1156.26,https://nube.ine.gob.bo/index.php/s/L8umZgvEt7ftfYw/download,True
2023-05-10 13:01:52-04:00,Descargar,pre-alianzas-convenios,pdf,1280.34,https://nube.ine.gob.bo/index.php/s/NqJjGhMqCuGtbg6/download,True
2023-05-10 13:01:52-04:00,Descargar,pre-alianzas-convenios,pdf,760.11,https://nube.ine.gob.bo/index.php/s/a4vP9fEkwNo5o04/download,True
2023-05-10 13:01:52-04:00,Descargar,pre-alianzas-convenios,pdf,1422.65,https://nube.ine.gob.bo/index.php/s/uhdsFNXmP1HKzLA/download,True
2023-05-10 13:03:50-04:00,Descargar,pre-alianzas-convenios,pdf,1172.4,https://nube.ine.gob.bo/index.php/s/2fg3oIBm851UnrS/download,True
2023-05-10 13:03:50-04:00,Descargar,pre-alianzas-convenios,pdf,969.8,https://nube.ine.gob.bo/index.php/s/KcaapYtxCR0t0eH/download,True
2023-05-10 13:03:50-04:00,Descargar,pre-alianzas-convenios,pdf,11174.52,https://nube.ine.gob.bo/index.php/s/QbpnhwiMe40KdZ0/download,True
2023-05-10 13:03:50-04:00,Descargar,pre-alianzas-convenios,pdf,787.65,https://nube.ine.gob.bo/index.php/s/m8lltM97aDauCla/download,True
2023-05-10 13:03:50-04:00,Descargar,pre-alianzas-convenios,pdf,5627.41,https://nube.ine.gob.bo/index.php/s/omq7mVROF823Zi2/download,True
2023-05-10 13:03:50-04:00,Descargar,pre-alianzas-convenios,pdf,2697.32,https://nube.ine.gob.bo/index.php/s/tR2jtgNKixD1R17/download,True
2023-05-10 13:03:50-04:00,Descargar,pre-alianzas-convenios,pdf,1461.76,https://nube.ine.gob.bo/index.php/s/yktX6NaZ9mRF4DZ/download,True
2023-05-10 13:23:16-04:00,Descargar,pre-alianzas-convenios,pdf,184.72,https://nube.ine.gob.bo/index.php/s/0KLB4ZrAF8366MM/download,True
2023-05-10 13:23:16-04:00,Descargar,pre-alianzas-convenios,pdf,213.9,https://nube.ine.gob.bo/index.php/s/DNvFy1K5owxerEU/download,True
2023-05-10 13:23:16-04:00,Descargar,pre-alianzas-convenios,pdf,217.84,https://nube.ine.gob.bo/index.php/s/G6WTr2rRZv5VoSk/download,True
2023-05-10 13:23:16-04:00,Descargar,pre-alianzas-convenios,pdf,171.01,https://nube.ine.gob.bo/index.php/s/Zw7fkIuzK51w8Zf/download,True
2023-05-10 13:23:16-04:00,Descargar,pre-alianzas-convenios,pdf,228.04,https://nube.ine.gob.bo/index.php/s/fZ3oeVFw5gJkCW8/download,True
2023-05-10 13:23:16-04:00,Descargar,pre-alianzas-convenios,pdf,167.13,https://nube.ine.gob.bo/index.php/s/nv9Np8z8yoAtpgG/download,True
2023-05-10 16:38:02-04:00,Descargar,pre-alianzas-convenios,pdf,1328.4,https://nube.ine.gob.bo/index.php/s/1SvpQ91ThyTk8EU/download,True
2023-05-10 16:38:02-04:00,Descargar,pre-alianzas-convenios,pdf,2774.42,https://nube.ine.gob.bo/index.php/s/LEI8NNmrZuqLYqI/download,True
2023-05-10 16:38:02-04:00,Descargar,pre-alianzas-convenios,pdf,229.99,https://nube.ine.gob.bo/index.php/s/OTQ07OnCeqa6T6z/download,True
2023-05-10 16:38:02-04:00,Descargar,pre-alianzas-convenios,pdf,183.01,https://nube.ine.gob.bo/index.php/s/QZlWs8YOrajar8J/download,True
2023-05-10 16:38:02-04:00,Descargar,pre-alianzas-convenios,pdf,172.93,https://nube.ine.gob.bo/index.php/s/WZKOZ9sNqHYPqGu/download,True
2023-05-10 16:38:02-04:00,Descargar,pre-alianzas-convenios,pdf,160.27,https://nube.ine.gob.bo/index.php/s/bC8QEjymah5QE5a/download,True
2023-05-10 16:38:02-04:00,Descargar,pre-alianzas-convenios,pdf,311.55,https://nube.ine.gob.bo/index.php/s/eORutUFAEQwWZ07/download,True
2023-05-10 16:38:02-04:00,Descargar,pre-alianzas-convenios,pdf,1012.74,https://nube.ine.gob.bo/index.php/s/lzG8gmPsqcktcDR/download,True
2023-05-10 16:38:02-04:00,Descargar,pre-alianzas-convenios,pdf,199.81,https://nube.ine.gob.bo/index.php/s/xM1wETnVWKrplgg/download,True
2023-05-10 20:25:25-04:00,Descargar,CONFERENCIAS DE PRENSA,pdf,858.29,https://nube.ine.gob.bo/index.php/s/rIEWkQWtnIlTPgs/download,True
2023-05-11 19:18:19-04:00,BOLETÍN ESTADÍSTICO COMEX MARZO 2023,Saldo Comercial,pdf,5525.18,https://nube.ine.gob.bo/index.php/s/qJ7zsGyyTiR2Zps/download,True
2023-05-12 17:14:23-04:00,Descargar,pre-alianzas-convenios,pdf,2185.96,https://nube.ine.gob.bo/index.php/s/c5QeWJGTPvmn1NV/download,True
2023-05-14 23:50:17-04:00,Descarga el acta de la reunión,Comité Técnico,pdf,135.21,https://nube.ine.gob.bo/index.php/s/QIqgHeL7mq19xDz/download,True
2023-05-14 23:53:18-04:00,Descarga el acta de la reunión,Comité Técnico,pdf,50.51,https://nube.ine.gob.bo/index.php/s/oy8vtal2aoyFlbw/download,True
2023-05-15 15:20:14-04:00,BOLETÍN ESTADÍSTICO PRECIOS INTERNACIONALES ABRIL DE 2023,Precios Internacionales,pdf,7527.68,https://nube.ine.gob.bo/index.php/s/UAX6yWPII7PEI8W/download,True
2023-05-15 20:10:24-04:00,Descargar,CONFERENCIAS DE PRENSA,pdf,4638.79,https://nube.ine.gob.bo/index.php/s/WQwp1vXpa7PUjfb/download,True
2023-05-24 16:43:41-04:00,"Documento metodológico, Revisión 2014",Población y Hechos Vitales,pdf,3567.17,https://nube.ine.gob.bo/index.php/s/B9nJ1YYAxMYim1J/download,True
2023-05-24 17:03:28-04:00,Documento segunda Expresión de Interés,Expresiones de interés,pdf,829.2,https://nube.ine.gob.bo/index.php/s/idD49knYefRnimV/download,True
2023-05-29 19:42:53-04:00,Descargar,CONFERENCIAS DE PRENSA,pdf,1662.84,https://nube.ine.gob.bo/index.php/s/jTrBweZFvaZCRmo/download,True
2023-06-05 19:32:44-04:00,BOLETÍN ESTADÍSTICO COMEX ABRIL 2023,Saldo Comercial,pdf,5125.99,https://nube.ine.gob.bo/index.php/s/FStpBKkl54TNYap/download,True
2023-06-09 09:39:54-04:00,Descargar,CONFERENCIAS DE PRENSA,pdf,2646.61,https://nube.ine.gob.bo/index.php/s/Vi3IsWBzJR9p9xs/download,True
2023-06-15 09:27:12-04:00,BOLETÍN ESTADÍSTICO PRECIOS INTERNACIONALES MAYO DE 2023,Precios Internacionales,pdf,7314.15,https://nube.ine.gob.bo/index.php/s/SnTmNDSkqvibf8c/download,True
2023-06-15 09:30:06-04:00,Descargar,pre-alianzas-convenios,pdf,710.58,https://nube.ine.gob.bo/index.php/s/5RPRB96abQmTDPP/download,True
2023-06-15 09:30:06-04:00,Descargar,pre-alianzas-convenios,pdf,886.31,https://nube.ine.gob.bo/index.php/s/5iEjc2geCwzISmJ/download,True
2023-06-15 09:30:06-04:00,Descargar,pre-alianzas-convenios,pdf,1150.78,https://nube.ine.gob.bo/index.php/s/FGzJkh4FVMITHyN/download,True
2023-06-15 09:30:06-04:00,Descargar,pre-alianzas-convenios,pdf,763.92,https://nube.ine.gob.bo/index.php/s/SjpFoPQ7c8Pvpdh/download,True
2023-06-15 09:30:06-04:00,Descargar,pre-alianzas-convenios,pdf,1601.57,https://nube.ine.gob.bo/index.php/s/ws8ft7LVbTzVHmp/download,True
2023-06-15 09:46:36-04:00,Descargar,pre-alianzas-convenios,pdf,611.49,https://nube.ine.gob.bo/index.php/s/5MnJDY6MeqvZiUz/download,True
2023-06-15 09:46:36-04:00,Descargar,pre-alianzas-convenios,pdf,2185.96,https://nube.ine.gob.bo/index.php/s/Px2VsB7wdR6vhjO/download,True
2023-06-15 09:46:36-04:00,Descargar,pre-alianzas-convenios,pdf,4401.67,https://nube.ine.gob.bo/index.php/s/S3DlZzN5lhVJdd8/download,True
2023-06-15 09:46:36-04:00,Descargar,pre-alianzas-convenios,pdf,859.49,https://nube.ine.gob.bo/index.php/s/WWxaLhSCP5AeNjH/download,True
2023-06-15 09:50:30-04:00,Documento tercera Expresión de Interés,Expresiones de interés,pdf,829.2,https://nube.ine.gob.bo/index.php/s/nxzA88u3ziRcr9B/download,True
2023-06-15 18:11:49-04:00,Descargar,pre-alianzas-convenios,pdf,561.68,https://nube.ine.gob.bo/index.php/s/DrtZPNteba4eTLs/download,True
2023-06-19 18:30:06-04:00,Descargar,CONFERENCIAS DE PRENSA,pdf,2325.43,https://nube.ine.gob.bo/index.php/s/Q090KH5cS6XH4d5/download,True
2023-06-29 17:27:30-04:00,SALARIOS Y REMUNERACIONES DEL SECTOR PÚBLICO MARZO DE 2023,"Salarios, Remuneraciones y Empleo Sector Público",pdf,2305.3,https://nube.ine.gob.bo/index.php/s/WBxZwqDvcdEfIJ3/download,False
2023-07-03 15:16:15-04:00,Descargar,CONFERENCIAS DE PRENSA,pdf,1794.35,https://nube.ine.gob.bo/index.php/s/FGlYJCUCtsnRT8j/download,True
2023-07-10 15:51:43-04:00,Descargar,CONFERENCIAS DE PRENSA,pdf,2264.41,https://nube.ine.gob.bo/index.php/s/HDmuTUVSp5RABuL/download,True
2023-07-13 15:35:32-04:00,Resolución 13,Consejo Nacional de Autonomías,pdf,192.59,https://nube.ine.gob.bo/index.php/s/uAxBHnaosYyvfpt/download,True
2023-07-13 18:07:39-04:00,Resolución 14,Consejo Nacional de Autonomías,pdf,486.35,https://nube.ine.gob.bo/index.php/s/M7pbIWTOwhzPzNc/download,True
2023-07-14 15:32:54-04:00,BOLETÍN ESTADÍSTICO PRECIOS INTERNACIONALES JUNIO DE 2023,Precios Internacionales,pdf,7877.61,https://nube.ine.gob.bo/index.php/s/liNi4Nlm29xbV9O/download,True
2023-07-14 21:34:15-04:00,Descargar,CONFERENCIAS DE PRENSA,pdf,2549.94,https://nube.ine.gob.bo/index.php/s/yugtxipjxbaTJ2G/download,True
2023-07-17 05:29:55-04:00,BOLETÍN ESTADÍSTICO COMEX MAYO 2023,Saldo Comercial,pdf,13646.12,https://nube.ine.gob.bo/index.php/s/J7cpKRU61wmdbiP/download,True
2023-07-21 18:32:23-04:00,SALARIOS Y REMUNERACIONES DEL SECTOR PRIVADO I TRIMESTRE 2023,"Salarios, Remuneraciones y Empleo de los Asalariados en el Sector Privado",pdf,3393.07,https://nube.ine.gob.bo/index.php/s/Zfre2cdRvzrEMml/download,False
2023-07-24 18:44:55-04:00,Descargar,CONFERENCIAS DE PRENSA,pdf,2075.58,https://nube.ine.gob.bo/index.php/s/aYs0ld91MxHBARX/download,True
2023-08-02 14:44:23-04:00,Descargar,CONFERENCIAS DE PRENSA,pdf,1169.68,https://nube.ine.gob.bo/index.php/s/rVqprkhF1Pds2qN/download,True
2023-08-10 17:34:56-04:00,Descargar,CONFERENCIAS DE PRENSA,pdf,3071.8,https://nube.ine.gob.bo/index.php/s/m2JxvhjUVlVB406/download,True
2023-08-10 17:52:52-04:00,Descargar,CONFERENCIAS DE PRENSA,pdf,604.56,https://nube.ine.gob.bo/index.php/s/QrxerQSJIJxqfdx/download,True
2023-08-10 18:04:38-04:00,Descargar,CONFERENCIAS DE PRENSA,pdf,672.45,https://nube.ine.gob.bo/index.php/s/f0L0MCwSr0d11iE/download,True
2023-08-10 18:04:58-04:00,Descargar,CONFERENCIAS DE PRENSA,pdf,3149.68,https://nube.ine.gob.bo/index.php/s/3xeUDk28H1G7yTx/download,True
2023-08-10 18:06:20-04:00,Descargar,CONFERENCIAS DE PRENSA,pdf,2276.7,https://nube.ine.gob.bo/index.php/s/gi7XSWlBmV8BsW1/download,True
2023-08-10 18:07:44-04:00,Descargar,CONFERENCIAS DE PRENSA,pdf,2866.71,https://nube.ine.gob.bo/index.php/s/CMdz9gwQObiarDo/download,True
2023-08-10 18:10:34-04:00,Descargar,CONFERENCIAS DE PRENSA,pdf,2542.03,https://nube.ine.gob.bo/index.php/s/jElgwCOlSIf3w9D/download,True
2023-08-11 08:51:22-04:00,COMUNICACIÓN DE RESULTADOS (ADJUDICADOS Y NO ADJUDICADOS),Expresiones de interés,pdf,1123.61,https://nube.ine.gob.bo/index.php/s/JdAUpScCwXmYdfG/download,True
2023-08-14 15:23:47-04:00,BOLETÍN ESTADÍSTICO PRECIOS INTERNACIONALES JULIO DE 2023,Precios Internacionales,pdf,7896.08,https://nube.ine.gob.bo/index.php/s/260X164o1KZJblE/download,True
2023-08-22 15:35:36-04:00,Descargar,CONFERENCIAS DE PRENSA,pdf,3088.83,https://nube.ine.gob.bo/index.php/s/TdsBnE9OX2XZeym/download,True
2023-08-23 15:56:24-04:00,Descargar,CONFERENCIAS DE PRENSA,pdf,2258.01,https://nube.ine.gob.bo/index.php/s/mGRWv67ZIgPHQ7p/download,True
2023-08-28 09:23:03-04:00,BOLETÍN ESTADÍSTICO COMEX JUNIO 2023,Saldo Comercial,pdf,5261.25,https://nube.ine.gob.bo/index.php/s/ugrmB4pHKxVPG84/download,True
2023-09-14 09:47:28-04:00,BOLETÍN ESTADÍSTICO PRECIOS INTERNACIONALES AGOSTO DE 2023,Precios Internacionales,pdf,8967.14,https://nube.ine.gob.bo/index.php/s/G1Ft0QnaYar5fEJ/download,True
2023-09-14 20:02:36-04:00,Descargar,CONFERENCIAS DE PRENSA,pdf,2299.62,https://nube.ine.gob.bo/index.php/s/TeFVqESfgUIr0Uy/download,True
2023-09-15 21:00:45-04:00,BOLETÍN ESTADÍSTICO COMEX JULIO 2023,Saldo Comercial,pdf,6413.63,https://nube.ine.gob.bo/index.php/s/TUCcwGjtovesZxt/download,True
2023-09-29 18:54:16-04:00,SALARIOS Y REMUNERACIONES DEL SECTOR PÚBLICO JUNIO DE 2023,"Salarios, Remuneraciones y Empleo Sector Público",pdf,4264.62,https://nube.ine.gob.bo/index.php/s/UJfKjP1u4115D3w/download,False
2023-09-29 18:54:16-04:00,SALARIOS Y REMUNERACIONES DEL SECTOR PRIVADO II TRIMESTRE 2023,"Salarios, Remuneraciones y Empleo de los Asalariados en el Sector Privado",pdf,3653.3,https://nube.ine.gob.bo/index.php/s/aB0S5vJkBP9FAiz/download,False
2023-10-02 19:10:36-04:00,EXPORTACIONES 2021,Exportaciones,spreadsheet,3109.27,https://nube.ine.gob.bo/index.php/s/82Noqtb9OyGFuqg/download,True
2023-10-02 19:10:36-04:00,EXPORTACIONES RITEX 2021,Exportaciones,spreadsheet,39.14,https://nube.ine.gob.bo/index.php/s/PUXRQ18rUAs1TG8/download,True
2023-10-02 19:10:38-04:00,IMPORTACIONES RITEX 2021,Importaciones,spreadsheet,59.31,https://nube.ine.gob.bo/index.php/s/wQtYTKJ6bMjMhFw/download,True
2023-10-02 19:10:44-04:00,IMPORTACIONES_2021,Importaciones,spreadsheet,59500.57,https://nube.ine.gob.bo/index.php/s/RVX5d4lxxSIBjnL/download,True
2023-10-12 19:47:49-04:00,Descargar,CONFERENCIAS DE PRENSA,pdf,3717.38,https://nube.ine.gob.bo/index.php/s/BbfGFuGHOhZBcNs/download,True
2023-10-16 12:30:00-04:00,BOLETÍN ESTADÍSTICO PRECIOS INTERNACIONALES SEPTIEMBRE DE 2023,Precios Internacionales,pdf,8857.23,https://nube.ine.gob.bo/index.php/s/pmiEKCYIhLkY2PX/download,True
2023-10-19 10:11:44-04:00,Descargar,CONFERENCIAS DE PRENSA,pdf,1402.24,https://nube.ine.gob.bo/index.php/s/pxetgQEuFK9GE9U/download,True
2023-10-26 21:24:13-04:00,Descargar,CONFERENCIAS DE PRENSA,pdf,2298.9,https://nube.ine.gob.bo/index.php/s/D6S5sIZDpQbTBDd/download,True
2023-10-27 10:46:04-04:00,BOLETÍN ESTADÍSTICO COMEX AGOSTO 2023,Saldo Comercial,pdf,7002.26,https://nube.ine.gob.bo/index.php/s/YRHffyAzUx7oviX/download,True
2023-11-03 17:33:19-04:00,Descargar,CONFERENCIAS DE PRENSA,pdf,1482.25,https://nube.ine.gob.bo/index.php/s/17NT68ex6hfSGbI/download,True
2023-11-14 11:59:06-04:00,Descargar,Convenios Interinstitucionales,pdf,6525.05,https://nube.ine.gob.bo/index.php/s/3jg8hRiojVBAvzW/download,True
2023-11-14 11:59:06-04:00,Descargar,Convenios Interinstitucionales,pdf,4324.11,https://nube.ine.gob.bo/index.php/s/7YbAgVeCklZTZHL/download,True
2023-11-14 11:59:06-04:00,Descargar,Convenios Interinstitucionales,pdf,1981.65,https://nube.ine.gob.bo/index.php/s/aFV61ViEO3Th6e4/download,True
2023-11-14 12:01:18-04:00,Descargar,Convenios Interinstitucionales,pdf,6352.65,https://nube.ine.gob.bo/index.php/s/0QDQfCBrDBEUe81/download,True
2023-11-14 12:01:18-04:00,Descargar,Convenios Interinstitucionales,pdf,11542.08,https://nube.ine.gob.bo/index.php/s/1hGCOoTtFDIaei4/download,True
2023-11-14 12:01:18-04:00,Descargar,Convenios Interinstitucionales,pdf,3739.29,https://nube.ine.gob.bo/index.php/s/mXGHeEDYKNB8HPR/download,True
2023-11-14 12:01:18-04:00,Descargar,Convenios Interinstitucionales,pdf,1964.43,https://nube.ine.gob.bo/index.php/s/qu1Sg1SkM1y2IgJ/download,True
2023-11-16 09:30:17-04:00,BOLETÍN ESTADÍSTICO PRECIOS INTERNACIONALES OCTUBRE DE 2023,Precios Internacionales,pdf,8894.42,https://nube.ine.gob.bo/index.php/s/o6Jl1lazgu5akO4/download,True
2023-11-16 14:50:14-04:00,Descargar,Convenios Interinstitucionales,pdf,7163.02,https://nube.ine.gob.bo/index.php/s/ZHQB9DDZyIlGeex/download,True
2023-11-16 14:50:14-04:00,Descargar,Convenios Interinstitucionales,pdf,4792.82,https://nube.ine.gob.bo/index.php/s/p7YyzieJhR8CrC4/download,True
2023-11-16 21:05:36-04:00,Descargar,CONFERENCIAS DE PRENSA,pdf,1373.84,https://nube.ine.gob.bo/index.php/s/JbhE0q0ebHE57DE/download,True
2023-11-21 16:29:29-04:00,Descargar,CONFERENCIAS DE PRENSA,pdf,1569.27,https://nube.ine.gob.bo/index.php/s/mTAdrJdBJfQ7R4X/download,True
2023-11-24 19:01:56-04:00,BOLETÍN ESTADÍSTICO COMEX SEPTIEMBRE 2023,Saldo Comercial,pdf,6853.63,https://nube.ine.gob.bo/index.php/s/MS26mBdxmovZgao/download,True
2023-11-27 10:56:00-04:00,Estadísticas del Comercio Internacional de Mercancías-Conceptos y Definiciones 2010,Saldo Comercial,pdf,1500.82,https://nube.ine.gob.bo/index.php/s/oOIiHLAOrKTxWQb/download,True
2023-11-27 10:56:52-04:00,Exportaciones – Ficha Técnica,Exportaciones,pdf,522.67,https://nube.ine.gob.bo/index.php/s/9JtUVS9dEHWMVb2/download,True
2023-11-27 11:03:02-04:00,Ficha Técnica,Importaciones,pdf,470.04,https://nube.ine.gob.bo/index.php/s/cuGsLmZUNHOW9fp/download,True
2023-11-27 11:03:11-04:00,Ficha Técnica,Saldo Comercial,pdf,523.65,https://nube.ine.gob.bo/index.php/s/aP9AChjs9TNmUFU/download,True
2023-11-28 08:23:42-04:00,EXPORTACIONES 2018,Exportaciones,spreadsheet,3477.09,https://nube.ine.gob.bo/index.php/s/abQYzKxOFKXkr4X/download,True
2023-11-29 20:18:10-04:00,Descargar,CONFERENCIAS DE PRENSA,pdf,3404.09,https://nube.ine.gob.bo/index.php/s/B2I5Dyz8Ykh9II2/download,True
2023-11-30 17:49:40-04:00,Descargar,CONFERENCIAS DE PRENSA,pdf,1631.29,https://nube.ine.gob.bo/index.php/s/xrUkO4klSjJ30Wi/download,True
2023-12-07 14:31:50-04:00,Descargar,CONFERENCIAS DE PRENSA,pdf,1586.72,https://nube.ine.gob.bo/index.php/s/VEtp0bMf219TsbK/download,True
2023-12-15 18:30:35-04:00,BOLETÍN ESTADÍSTICO PRECIOS INTERNACIONALES NOVIEMBRE DE 2023,Precios Internacionales,pdf,8916.26,https://nube.ine.gob.bo/index.php/s/1MmBdOyzdrHpcMw/download,True
2023-12-15 20:58:29-04:00,BOLETÍN ESTADÍSTICO COMEX OCTUBRE 2023,Saldo Comercial,pdf,7043.55,https://nube.ine.gob.bo/index.php/s/DZumANbrw3Zg76O/download,True
2023-12-15 23:14:40-04:00,Descargar,CONFERENCIAS DE PRENSA,pdf,1552.96,https://nube.ine.gob.bo/index.php/s/bvWecD4geRAsURD/download,True
2023-12-18 11:22:58-04:00,"SALARIOS, REMUNERACIONES Y EMPLEO DEL SECTOR PRIVADO 2004 – 2022","Salarios, Remuneraciones y Empleo de los Asalariados en el Sector Privado",pdf,2297.91,https://nube.ine.gob.bo/index.php/s/kna0ToBVUI2FMIx/download,False
2023-12-29 15:16:46-04:00,Descargar,Convenios Interinstitucionales,pdf,5521.54,https://nube.ine.gob.bo/index.php/s/7XJxfigV7HcaqMi/download,True
2023-12-29 15:16:46-04:00,Descargar,Convenios Interinstitucionales,pdf,5917.75,https://nube.ine.gob.bo/index.php/s/E3HHUWnZkB0LtCb/download,True
2023-12-29 15:16:46-04:00,Descargar,Convenios Interinstitucionales,pdf,6202.12,https://nube.ine.gob.bo/index.php/s/OnE5MPyZF5sj28e/download,True
2023-12-29 15:16:46-04:00,Descargar,Convenios Interinstitucionales,pdf,2174.8,https://nube.ine.gob.bo/index.php/s/gbuzW4nJiEY6duJ/download,True
2023-12-29 15:16:46-04:00,Descargar,Convenios Interinstitucionales,pdf,5644.32,https://nube.ine.gob.bo/index.php/s/rLtkgJD0Y43D0sZ/download,True
2023-12-29 15:17:18-04:00,Descargar,Convenios Interinstitucionales,pdf,2705.04,https://nube.ine.gob.bo/index.php/s/UxrFgPnBu8NzISI/download,True
2023-12-29 15:17:18-04:00,Descargar,Convenios Interinstitucionales,pdf,3277.88,https://nube.ine.gob.bo/index.php/s/cCSNgwM4a7VvLes/download,True
2023-12-29 15:17:18-04:00,Descargar,Convenios Interinstitucionales,pdf,5548.24,https://nube.ine.gob.bo/index.php/s/fRhsUVYeAitO52o/download,True
2023-12-29 15:17:18-04:00,Descargar,Convenios Interinstitucionales,pdf,5555.01,https://nube.ine.gob.bo/index.php/s/hhx3el3yPzjr18s/download,True
2023-12-29 15:17:18-04:00,Descargar,Convenios Interinstitucionales,pdf,3389.36,https://nube.ine.gob.bo/index.php/s/pbREecW6bJ9jvFe/download,True
2023-12-29 15:17:18-04:00,Descargar,Convenios Interinstitucionales,pdf,3658.07,https://nube.ine.gob.bo/index.php/s/yymAse0pjmWXCkw/download,True
2023-12-29 15:17:32-04:00,Descargar,Convenios Interinstitucionales,pdf,6880.59,https://nube.ine.gob.bo/index.php/s/GalH065V91mwYo0/download,True
2023-12-29 15:17:32-04:00,Descargar,Convenios Interinstitucionales,pdf,6372.14,https://nube.ine.gob.bo/index.php/s/mgDDVbZ48QVsVFa/download,True
2023-12-29 15:17:32-04:00,Descargar,Convenios Interinstitucionales,pdf,6896.01,https://nube.ine.gob.bo/index.php/s/tT4y6AHchThJj2Q/download,True
2023-12-29 15:17:42-04:00,Descargar,Convenios Interinstitucionales,pdf,6107.51,https://nube.ine.gob.bo/index.php/s/CfckmXhpH72zdAf/download,True
2023-12-29 15:17:42-04:00,Descargar,Convenios Interinstitucionales,pdf,5735.99,https://nube.ine.gob.bo/index.php/s/RTpgUlSvScc3h0B/download,True
2023-12-29 15:17:42-04:00,Descargar,Convenios Interinstitucionales,pdf,5027.05,https://nube.ine.gob.bo/index.php/s/bXiijEVUx04hcsk/download,True
2023-12-29 15:17:42-04:00,Descargar,Convenios Interinstitucionales,pdf,7134.94,https://nube.ine.gob.bo/index.php/s/pzmRgvfUzdF6h3e/download,True
2023-12-29 18:02:16-04:00,SALARIOS Y REMUNERACIONES DEL SECTOR PÚBLICO SEPTIEMBRE DE 2023,"Salarios, Remuneraciones y Empleo Sector Público",pdf,3693.42,https://nube.ine.gob.bo/index.php/s/ntImLMAMu7dLZBG/download,False
2023-12-29 18:02:41-04:00,SALARIOS Y REMUNERACIONES DEL SECTOR PRIVADO III TRIMESTRE 2023,"Salarios, Remuneraciones y Empleo de los Asalariados en el Sector Privado",pdf,4069.17,https://nube.ine.gob.bo/index.php/s/8dDB4wCLNZrUEjG/download,False
2024-01-02 17:53:00-04:00,PAC DEL INE GESTIÓN 2024,Convocatorias de Bienes y Servicios,pdf,952.74,https://nube.ine.gob.bo/index.php/s/gR6lurcXctWiHGI/download,True
2024-01-12 15:52:36-04:00,BOLETÍN ESTADÍSTICO PRECIOS INTERNACIONALES DICIEMBRE DE 2023,Precios Internacionales,pdf,8734.31,https://nube.ine.gob.bo/index.php/s/2kKiYJbWMNppPYX/download,True
2024-01-15 16:00:00-04:00,Reporte 2023,Información estadística,spreadsheet,93.71,https://nube.ine.gob.bo/index.php/s/Ds1LPkmZstp2z2D/download,True
2024-01-23 22:42:22-04:00,Descargar,Convenios Interinstitucionales,pdf,3389.36,https://nube.ine.gob.bo/index.php/s/aDjKa3mmkCMCDHC/download,True
2024-01-23 22:42:24-04:00,Descargar,Convenios Interinstitucionales,pdf,5250.02,https://nube.ine.gob.bo/index.php/s/5GUB1gYRdpCE074/download,True
2024-01-23 22:42:24-04:00,Descargar,Convenios Interinstitucionales,pdf,6372.14,https://nube.ine.gob.bo/index.php/s/dXLVIKUNFb25Y7b/download,True
2024-01-26 13:41:08-04:00,Descargar,Convenios Interinstitucionales,pdf,5705.0,https://nube.ine.gob.bo/index.php/s/eCx2tVDrIx2kvgK/download,True
2024-01-26 13:42:36-04:00,Descargar,Convenios Interinstitucionales,pdf,6709.26,https://nube.ine.gob.bo/index.php/s/70NBxGjCSmSIBZV/download,True
2024-01-26 14:23:20-04:00,Descargar,Convenios Interinstitucionales,pdf,6102.1,https://nube.ine.gob.bo/index.php/s/HU9wo3QvWTCvkuv/download,True
2024-01-27 14:39:56-04:00,BOLETÍN ESTADÍSTICO COMEX NOVIEMBRE 2023,Saldo Comercial,pdf,7265.64,https://nube.ine.gob.bo/index.php/s/fiGbt4veCVJHxZc/download,True
2024-02-09 17:45:47-04:00,BOLETÍN ESTADÍSTICO COMEX DICIEMBRE 2023,Saldo Comercial,pdf,6839.93,https://nube.ine.gob.bo/index.php/s/CHpwCVCLqqpbo54/download,True
2024-02-14 21:28:16-04:00,Descargar,Convenios Interinstitucionales,pdf,6731.61,https://nube.ine.gob.bo/index.php/s/rQd2QVQlf3E9CWw/download,True
2024-02-14 21:28:50-04:00,Descargar,Convenios Interinstitucionales,pdf,6334.31,https://nube.ine.gob.bo/index.php/s/tonqAWzw5nutUcJ/download,True
2024-02-14 21:29:22-04:00,Descargar,Convenios Interinstitucionales,pdf,5935.79,https://nube.ine.gob.bo/index.php/s/zsYeoBW1AzP517T/download,True
2024-02-14 21:29:52-04:00,Descargar,Convenios Interinstitucionales,pdf,5152.28,https://nube.ine.gob.bo/index.php/s/BkHwnaFRalJRg9g/download,True
2024-02-14 21:30:16-04:00,Descargar,Convenios Interinstitucionales,pdf,4973.65,https://nube.ine.gob.bo/index.php/s/aoCS1z1LEkJSDAg/download,True
2024-02-14 21:31:00-04:00,Descargar,Convenios Interinstitucionales,pdf,4690.93,https://nube.ine.gob.bo/index.php/s/7QabHoXK3UURTeE/download,True
2024-02-14 21:31:32-04:00,Descargar,Convenios Interinstitucionales,pdf,5793.12,https://nube.ine.gob.bo/index.php/s/01C9uODm7pU70Ix/download,True
2024-02-14 21:32:02-04:00,Descargar,Convenios Interinstitucionales,pdf,5760.97,https://nube.ine.gob.bo/index.php/s/xANcLdmZxeS3Xas/download,True
2024-02-15 14:53:41-04:00,BOLETÍN ESTADÍSTICO PRECIOS INTERNACIONALES ENERO DE 2024,Precios Internacionales,pdf,9527.38,https://nube.ine.gob.bo/index.php/s/s79rwQQYUhNpmgv/download,True
2024-02-15 21:24:14-04:00,Descargar,Convenios Interinstitucionales,pdf,5817.67,https://nube.ine.gob.bo/index.php/s/AibG8wLPwFkfXRo/download,True
2024-02-16 13:53:44-04:00,Descargar,Convenios Interinstitucionales,pdf,5291.91,https://nube.ine.gob.bo/index.php/s/Jaob1VpE9yfc6TR/download,True
2024-02-20 22:10:52-04:00,Descargar,Convenios Interinstitucionales,pdf,5737.69,https://nube.ine.gob.bo/index.php/s/NpbAgseVVkDsYlI/download,True
2024-02-24 12:14:06-04:00,https://nube.ine.gob.bo/index.php/s/hAkHycQoosa7x14/download,Cuestionario censal – 2025,pdf,20581.05,https://nube.ine.gob.bo/index.php/s/hAkHycQoosa7x14/download,True
2024-02-26 20:16:18-04:00,Descargar,CONFERENCIAS DE PRENSA,pdf,3294.34,https://nube.ine.gob.bo/index.php/s/lJsJ9jofeoOJFuA/download,True
2024-02-27 01:13:00-04:00,DESCARGA LA TRADUCCIÓN ESCRITA,AFROBOLIVIANO,pdf,2113.48,https://nube.ine.gob.bo/index.php/s/EExOtRgIzqli3zy/download,True
2024-02-27 01:13:02-04:00,DESCARGA LA TRADUCCIÓN ESCRITA,JOAQUINIANO,pdf,7957.63,https://nube.ine.gob.bo/index.php/s/3qMpfYBl9817M7N/download,True
2024-02-27 01:13:04-04:00,DESCARGA LA TRADUCCIÓN ESCRITA,MACHINERI,pdf,2103.87,https://nube.ine.gob.bo/index.php/s/PX2hxjQUj24BPAP/download,True
2024-02-27 01:13:04-04:00,DESCARGA LA TRADUCCIÓN ESCRITA,LECO,pdf,2142.76,https://nube.ine.gob.bo/index.php/s/nbXzGMk7wukNlyh/download,True
2024-02-27 01:13:04-04:00,DESCARGA LA TRADUCCIÓN ESCRITA,KABINEÑA,pdf,7952.64,https://nube.ine.gob.bo/index.php/s/zf2eAKTRHsaAqJJ/download,True
2024-02-27 01:13:06-04:00,DESCARGA LA TRADUCCIÓN ESCRITA,MOJEÑO TRINITARIO,pdf,7968.67,https://nube.ine.gob.bo/index.php/s/RuE9444R2NGj5Lr/download,True
2024-02-27 01:13:08-04:00,DESCARGA LA TRADUCCIÓN ESCRITA,QUECHUA,pdf,2280.83,https://nube.ine.gob.bo/index.php/s/Y1Vp1jEhy1oCeSl/download,True
2024-02-27 01:13:08-04:00,DESCARGA LA TRADUCCIÓN ESCRITA,TACANA,pdf,7971.72,https://nube.ine.gob.bo/index.php/s/m5hyY3ucCDFqEI5/download,True
2024-02-27 01:13:08-04:00,DESCARGA LA TRADUCCIÓN ESCRITA,ARAONA,pdf,7250.19,https://nube.ine.gob.bo/index.php/s/pwoaGlNIWh1fFMs/download,True
2024-02-27 01:13:10-04:00,DESCARGA LA TRADUCCIÓN ESCRITA,TSIMANE’,pdf,1298.34,https://nube.ine.gob.bo/index.php/s/LELwvft2KapRlBH/download,True
2024-02-27 01:13:18-04:00,DESCARGA LA TRADUCCIÓN ESCRITA,YUQUI,pdf,7982.12,https://nube.ine.gob.bo/index.php/s/P5OljiLEGTs2RXt/download,True
2024-02-27 01:13:18-04:00,DESCARGA LA TRADUCCIÓN ESCRITA,TAPIETE,pdf,7979.03,https://nube.ine.gob.bo/index.php/s/h5iI5LT8UViCoG5/download,True
2024-02-27 01:13:20-04:00,DESCARGA LA TRADUCCIÓN ESCRITA,PUQUINA,pdf,8025.9,https://nube.ine.gob.bo/index.php/s/qysNgYVA3J3Jr7o/download,True
2024-02-27 01:13:22-04:00,DESCARGA LA TRADUCCIÓN ESCRITA,BÉSIRO,pdf,7191.94,https://nube.ine.gob.bo/index.php/s/6e5IwtcEB3Qjw8x/download,True
2024-02-27 01:13:22-04:00,DESCARGA LA TRADUCCIÓN ESCRITA,ITONAMA,pdf,7935.82,https://nube.ine.gob.bo/index.php/s/hjRVquaDJen77mH/download,True
2024-02-27 01:13:24-04:00,DESCARGA LA TRADUCCIÓN ESCRITA,CAYUBABA,pdf,7969.71,https://nube.ine.gob.bo/index.php/s/aDVSr0BpxL6skP6/download,True
2024-02-27 01:13:24-04:00,DESCARGA LA TRADUCCIÓN ESCRITA,ESE EJJA,pdf,2160.36,https://nube.ine.gob.bo/index.php/s/btjRG4YRS0mn2eh/download,True
2024-02-27 01:13:24-04:00,DESCARGA LA TRADUCCIÓN ESCRITA,CHÁCOBO,pdf,2224.19,https://nube.ine.gob.bo/index.php/s/pqpn8MzQgLMUBjl/download,True
2024-02-27 01:13:26-04:00,DESCARGA LA TRADUCCIÓN ESCRITA,GUARANI,pdf,7205.59,https://nube.ine.gob.bo/index.php/s/QhlPvcHJPfMbJqB/download,True
2024-02-28 18:42:46-04:00,so0DrqHSH0Wuwxv,AFROBOLIVIANO,rar,97621.93,https://nube.ine.gob.bo/index.php/s/so0DrqHSH0Wuwxv/download,True
2024-02-29 10:27:42-04:00,Descargar,Convenios Interinstitucionales,pdf,5320.15,https://nube.ine.gob.bo/index.php/s/GJzVvw0mA4T8MGl/download,True
2024-02-29 10:27:42-04:00,Descargar,Convenios Interinstitucionales,pdf,5215.63,https://nube.ine.gob.bo/index.php/s/OwsvH9Ed4WyXznp/download,True
2024-03-01 18:09:57-04:00,p1xtT4OC5MReRcq,ARAONA,rar,18328.64,https://nube.ine.gob.bo/index.php/s/p1xtT4OC5MReRcq/download,True
2024-03-01 18:10:39-04:00,f59UBTlWv97slh4,CHÁCOBO,rar,44480.89,https://nube.ine.gob.bo/index.php/s/f59UBTlWv97slh4/download,True
2024-03-01 18:10:42-04:00,mCIq4DQQtHG96li,GUARANI,rar,14120.89,https://nube.ine.gob.bo/index.php/s/mCIq4DQQtHG96li/download,True
2024-03-01 20:43:31-04:00,PEM1pY4uJksZNpi,MOJEÑO IGNACIO,rar,107302.64,https://nube.ine.gob.bo/index.php/s/PEM1pY4uJksZNpi/download,True
2024-03-01 20:53:34-04:00,9fsJjx5IopUazBa,ITONAMA,rar,48480.02,https://nube.ine.gob.bo/index.php/s/9fsJjx5IopUazBa/download,True
2024-03-02 12:35:40-04:00,0zmWDNwUlzImh1C,PUQUINA,rar,16873.6,https://nube.ine.gob.bo/index.php/s/0zmWDNwUlzImh1C/download,True
2024-03-02 12:35:48-04:00,wrepui2lZQO25EB,TACANA,rar,22997.03,https://nube.ine.gob.bo/index.php/s/wrepui2lZQO25EB/download,True
2024-03-02 12:35:50-04:00,3uYRmCfg8QVeZKO,QUECHUA,rar,109276.18,https://nube.ine.gob.bo/index.php/s/3uYRmCfg8QVeZKO/download,True
2024-03-02 12:35:51-04:00,qe5MSTyqFaKQKvM,TAPIETE,rar,24997.67,https://nube.ine.gob.bo/index.php/s/qe5MSTyqFaKQKvM/download,True
2024-03-02 12:35:55-04:00,ioeu3LJ0io8rkYu,WEENHAYEK,rar,17169.11,https://nube.ine.gob.bo/index.php/s/ioeu3LJ0io8rkYu/download,True
2024-03-02 12:36:02-04:00,w5Wyux4ldpEoRXr,MOVIMA,rar,22399.53,https://nube.ine.gob.bo/index.php/s/w5Wyux4ldpEoRXr/download,True
2024-03-02 12:36:23-04:00,lZAivQJ2uAjutGT,MOJEÑO TRINITARIO,rar,29161.22,https://nube.ine.gob.bo/index.php/s/lZAivQJ2uAjutGT/download,True
2024-03-02 12:55:54-04:00,PE4ghwhGvCcZddp,MOSETÉN,rar,83131.33,https://nube.ine.gob.bo/index.php/s/PE4ghwhGvCcZddp/download,True
2024-03-02 13:01:19-04:00,jLOkr5z6LkcxzWW,PACAHUARA,rar,52537.6,https://nube.ine.gob.bo/index.php/s/jLOkr5z6LkcxzWW/download,True
2024-03-02 15:06:05-04:00,HH2THIakVqKxfeA,YUQUI,rar,16458.11,https://nube.ine.gob.bo/index.php/s/HH2THIakVqKxfeA/download,True
2024-03-02 15:32:58-04:00,F8u0ZyBoTLC0Fw2,ESE EJJA,rar,19109.15,https://nube.ine.gob.bo/index.php/s/F8u0ZyBoTLC0Fw2/download,True
2024-03-04 17:16:47-04:00,DESCARGA LA TRADUCCIÓN ESCRITA,URU-CHIPAYA,pdf,2163.92,https://nube.ine.gob.bo/index.php/s/gFnalM9Rd5q07ay/download,True
2024-03-04 18:53:17-04:00,3cifon4WnrBDdSI,BÉSIRO,rar,18208.86,https://nube.ine.gob.bo/index.php/s/3cifon4WnrBDdSI/download,True
2024-03-04 19:33:15-04:00,DESCARGA LA TRADUCCIÓN ESCRITA,BAURE,pdf,2170.39,https://nube.ine.gob.bo/index.php/s/vz4N7OycclbhCUO/download,True
2024-03-04 19:49:17-04:00,Ru9wbIqmuhDKL6G,BAURE,rar,18531.82,https://nube.ine.gob.bo/index.php/s/Ru9wbIqmuhDKL6G/download,True
2024-03-05 11:13:25-04:00,g4VfUlI3QfxxKZD,GWARAYU,rar,17894.91,https://nube.ine.gob.bo/index.php/s/g4VfUlI3QfxxKZD/download,True
2024-03-05 11:48:57-04:00,sp2JnYtUqzsbyBa,JOAQUINIANO,rar,75670.22,https://nube.ine.gob.bo/index.php/s/sp2JnYtUqzsbyBa/download,True
2024-03-05 12:23:47-04:00,DwSHE6EGPlsaYI8,KABINEÑA,rar,42964.57,https://nube.ine.gob.bo/index.php/s/DwSHE6EGPlsaYI8/download,True
2024-03-05 14:07:00-04:00,Descargar,Convenios Interinstitucionales,pdf,6963.69,https://nube.ine.gob.bo/index.php/s/5HLD0uWFewEkGoN/download,True
2024-03-05 14:07:00-04:00,Descargar,Convenios Interinstitucionales,pdf,6578.93,https://nube.ine.gob.bo/index.php/s/TYEW7be6mHd0bfp/download,True
2024-03-05 15:14:37-04:00,4tkjA1ttO2kYfZX,LECO,rar,95630.23,https://nube.ine.gob.bo/index.php/s/4tkjA1ttO2kYfZX/download,True
2024-03-05 17:20:24-04:00,DESCARGA LA TRADUCCIÓN ESCRITA,MORE,pdf,2158.65,https://nube.ine.gob.bo/index.php/s/zwLFQiERmMpknM7/download,True
2024-03-05 17:21:59-04:00,Etz2CSPE0OQG6c5,MORE,rar,54211.21,https://nube.ine.gob.bo/index.php/s/Etz2CSPE0OQG6c5/download,True
2024-03-05 17:48:02-04:00,m4azgL3G83oTikP,YURAKARE,rar,126752.54,https://nube.ine.gob.bo/index.php/s/m4azgL3G83oTikP/download,True
2024-03-06 12:14:37-04:00,DESCARGA LA TRADUCCIÓN ESCRITA,CANICHANA,pdf,2187.71,https://nube.ine.gob.bo/index.php/s/2cMSa1vo78z16Dy/download,True
2024-03-06 19:26:27-04:00,5Xt43ZzPJZIdi1E,TSIMANE’,rar,87186.77,https://nube.ine.gob.bo/index.php/s/5Xt43ZzPJZIdi1E/download,True
2024-03-07 12:21:30-04:00,DESCARGA LA TRADUCCIÓN ESCRITA,MOVIMA,pdf,2240.18,https://nube.ine.gob.bo/index.php/s/6v6dE3Lzg1Qc9j9/download,True
2024-03-07 12:21:30-04:00,DESCARGA LA TRADUCCIÓN ESCRITA,MOSETÉN,pdf,2183.48,https://nube.ine.gob.bo/index.php/s/9fnNDN659Go48MX/download,True
2024-03-07 12:21:30-04:00,DESCARGA LA TRADUCCIÓN ESCRITA,GWARAYU,pdf,2210.2,https://nube.ine.gob.bo/index.php/s/JJQcBbHLthHmr67/download,True
2024-03-07 12:21:30-04:00,DESCARGA LA TRADUCCIÓN ESCRITA,PACAHUARA,pdf,2130.04,https://nube.ine.gob.bo/index.php/s/UuZ2wJcr6Xn3yf2/download,True
2024-03-07 12:21:30-04:00,DESCARGA LA TRADUCCIÓN ESCRITA,MOJEÑO IGNACIO,pdf,2189.25,https://nube.ine.gob.bo/index.php/s/m7lbquZaMQ4TFYB/download,True
2024-03-07 15:34:15-04:00,IOPvcbYUJfvt0aP,MACHINERI,rar,70240.58,https://nube.ine.gob.bo/index.php/s/IOPvcbYUJfvt0aP/download,True
2024-03-07 16:57:46-04:00,Pmdext1yHP9WyRr,SIRIONÓ,rar,78387.46,https://nube.ine.gob.bo/index.php/s/Pmdext1yHP9WyRr/download,True
2024-03-09 10:35:39-04:00,DESCARGA LA TRADUCCIÓN ESCRITA,WEENHAYEK,pdf,2309.37,https://nube.ine.gob.bo/index.php/s/a5IWkFxRe6dECpe/download,True
2024-03-13 11:54:08-04:00,DESCARGA LA TRADUCCIÓN ESCRITA,SIRIONÓ,pdf,2161.52,https://nube.ine.gob.bo/index.php/s/YHQbmywXYKey6k9/download,True
2024-03-14 16:07:16-04:00,DESCARGA LA TRADUCCIÓN ESCRITA,AYMARA,pdf,2165.23,https://nube.ine.gob.bo/index.php/s/AJUXCrcdSCzXvVB/download,True
2024-03-14 17:49:30-04:00,BOLETÍN ESTADÍSTICO PRECIOS INTERNACIONALES FEBRERO DE 2024,Precios Internacionales,pdf,8174.05,https://nube.ine.gob.bo/index.php/s/Qkh31iBdUWdE3n1/download,True
2024-03-14 19:17:48-04:00,Decreto Departamental N° 165/2024. Descargar,Marco legal,pdf,4721.53,https://nube.ine.gob.bo/index.php/s/333h5JBfCvLEbQF/download,True
2024-03-14 19:17:48-04:00,Decreto Departamental CH/N° 040/2024. Descargar,Marco legal,pdf,1658.47,https://nube.ine.gob.bo/index.php/s/4c0St11sLDqCa5o/download,True
2024-03-14 19:17:48-04:00,Decreto Departamental  Santa Cruz N° 445/2024.,MARCO LEGAL – 2025,pdf,230.97,https://nube.ine.gob.bo/index.php/s/8didRAqtNBnoahH/download,True
2024-03-14 19:17:48-04:00,Decreto Departamental N° 128/2024. Descargar,Marco legal,pdf,2332.06,https://nube.ine.gob.bo/index.php/s/DNI9LW0V9vwCBIs/download,True
2024-03-14 19:17:48-04:00,Decreto Departamental N° 05/2024. Descargar,Marco legal,pdf,1637.51,https://nube.ine.gob.bo/index.php/s/J8cFy0TB3524syP/download,True
2024-03-14 19:17:48-04:00,Decreto Departamental N° 146/2024. Descargar,Marco legal,pdf,4872.37,https://nube.ine.gob.bo/index.php/s/Z9Am6TFtfR7Df4L/download,True
2024-03-14 19:17:48-04:00,Decreto Departamental N° 03/2024. Descargar,Marco legal,pdf,819.23,https://nube.ine.gob.bo/index.php/s/irId2BoueHUjE2N/download,True
2024-03-14 19:17:48-04:00,Decreto Departamental  Cochabamba N° 5861/2024.,MARCO LEGAL – 2025,pdf,802.93,https://nube.ine.gob.bo/index.php/s/oUe1DcJukXwWr0b/download,True
2024-03-14 19:17:48-04:00,Decreto Departamental N° 005/2024. Descargar,Marco legal,pdf,4842.43,https://nube.ine.gob.bo/index.php/s/zEohxvQTzk0wj8l/download,True
2024-03-15 19:14:06-04:00,BOLETÍN ESTADÍSTICO COMEX ENERO 2024,Saldo Comercial,pdf,6346.7,https://nube.ine.gob.bo/index.php/s/DEFJN5GYGSmQu0l/download,True
2024-03-16 15:54:24-04:00,DESCARGA LA TRADUCCIÓN ESCRITA,GUARASUWE,pdf,2597.68,https://nube.ine.gob.bo/index.php/s/N8VM6fPMNxYF6jO/download,True
2024-03-20 10:10:43-04:00,BvkHkNYyAMG9F6V,GUARASUWE,rar,68297.81,https://nube.ine.gob.bo/index.php/s/BvkHkNYyAMG9F6V/download,True
2024-04-02 16:10:00-04:00,PAC 2024 – Tercera Reformulación,Convocatorias de Bienes y Servicios,pdf,1695.21,https://nube.ine.gob.bo/index.php/s/hYVvpnlbnKcmRK8/download,True
2024-04-03 15:02:24-04:00,Cuestionario v8,Información técnica,pdf,886.49,https://nube.ine.gob.bo/index.php/s/ZabBM2d6HmbMaCL/download,True
2024-04-15 19:00:54-04:00,BOLETÍN ESTADÍSTICO PRECIOS INTERNACIONALES MARZO DE 2024,Precios Internacionales,pdf,9553.54,https://nube.ine.gob.bo/index.php/s/547zu2zD0EHt51O/download,True
2024-04-16 10:53:03-04:00,Resolución Administrativa INE/DGE/ N° 78/2024. Descargar,Marco legal,pdf,1485.1,https://nube.ine.gob.bo/index.php/s/xOOgWgP4KkHaxDl/download,True
2024-04-16 15:22:44-04:00,Resolución Administrativa INE/DGE/ N° 58/2024. Descargar,Marco legal,pdf,3922.51,https://nube.ine.gob.bo/index.php/s/3EWj04VVfjFqg8y/download,True
2024-04-19 19:03:44-04:00,BOLETÍN ESTADÍSTICO COMEX FEBRERO 2024,Saldo Comercial,pdf,7151.46,https://nube.ine.gob.bo/index.php/s/b0As6oGtQHymOwt/download,True
2024-04-22 15:21:43-04:00,Descargar,Convenios Interinstitucionales,pdf,6085.61,https://nube.ine.gob.bo/index.php/s/8EiDGrxZqeFFpWt/download,True
2024-04-22 15:21:43-04:00,Descargar,Convenios Interinstitucionales,pdf,5027.85,https://nube.ine.gob.bo/index.php/s/AccPzbDHb1W0nsI/download,True
2024-04-22 15:21:43-04:00,Descargar,Convenios Interinstitucionales,pdf,6068.51,https://nube.ine.gob.bo/index.php/s/aA93JL5ZFCAcU3Y/download,True
2024-04-22 15:21:43-04:00,Descargar,Convenios Interinstitucionales,pdf,6173.05,https://nube.ine.gob.bo/index.php/s/fH6cpiG3VDt1i8a/download,True
2024-04-22 15:21:43-04:00,Descargar,Convenios Interinstitucionales,pdf,3867.47,https://nube.ine.gob.bo/index.php/s/yJftRLEtqeoAn56/download,True
2024-04-30 18:00:11-04:00,SALARIOS Y REMUNERACIONES DEL SECTOR PÚBLICO DICIEMBRE DE 2023,"Salarios, Remuneraciones y Empleo Sector Público",pdf,3309.68,https://nube.ine.gob.bo/index.php/s/l6I6583pNpUjrdn/download,False
2024-04-30 18:05:11-04:00,SALARIOS Y REMUNERACIONES DEL SECTOR PRIVADO IV TRIMESTRE 2023,"Salarios, Remuneraciones y Empleo de los Asalariados en el Sector Privado",pdf,3180.0,https://nube.ine.gob.bo/index.php/s/JhiStOSNpxAVO7Q/download,False
2024-05-15 17:06:01-04:00,BOLETÍN ESTADÍSTICO PRECIOS INTERNACIONALES ABRIL DE 2024,Precios Internacionales,pdf,9086.09,https://nube.ine.gob.bo/index.php/s/0Upsouwbajbkh6s/download,True
2024-05-31 18:00:14-04:00,BOLETÍN ESTADÍSTICO COMEX MARZO 2024,Saldo Comercial,pdf,6838.54,https://nube.ine.gob.bo/index.php/s/7MPAgTFaVIAIvBl/download,True
2024-06-14 15:20:23-04:00,BOLETÍN ESTADÍSTICO PRECIOS INTERNACIONALES MAYO DE 2024,Precios Internacionales,pdf,9605.85,https://nube.ine.gob.bo/index.php/s/Di2TjjLZ3dDsWOi/download,True
2024-06-14 21:18:51-04:00,BOLETÍN ESTADÍSTICO COMEX ABRIL 2024,Saldo Comercial,pdf,6025.06,https://nube.ine.gob.bo/index.php/s/jIGyV9RW6iZXvIE/download,True
2024-07-15 15:20:29-04:00,BOLETÍN ESTADÍSTICO COMEX MAYO 2024,Saldo Comercial,pdf,5936.66,https://nube.ine.gob.bo/index.php/s/Ou0ypOwO3E2Jrx1/download,True
2024-07-15 16:30:51-04:00,BOLETÍN ESTADÍSTICO PRECIOS INTERNACIONALES JUNIO DE 2024,Precios Internacionales,pdf,9387.69,https://nube.ine.gob.bo/index.php/s/cKyoWvLrlWBkHOM/download,True
2024-08-05 11:56:28-04:00,BOLETÍN ESTADÍSTICO COMEX JUNIO 2024,Saldo Comercial,pdf,5720.61,https://nube.ine.gob.bo/index.php/s/SC1XuXyHTIGcpqg/download,True
2024-08-15 15:21:49-04:00,BOLETÍN ESTADÍSTICO PRECIOS INTERNACIONALES JULIO DE 2024,Precios Internacionales,pdf,8958.57,https://nube.ine.gob.bo/index.php/s/bI8rsblZXO7HXDV/download,True
2024-09-02 18:47:00-04:00,DICCIONARIO BASE DE DATOS EXPORTACIONES,Exportaciones,spreadsheet,540.82,https://nube.ine.gob.bo/index.php/s/CKdL20Qa170R1Sg/download,True
2024-09-02 18:51:00-04:00,DICCIONARIO BASE DE DATOS RITEX,Exportaciones,spreadsheet,539.27,https://nube.ine.gob.bo/index.php/s/5HLUeTwdMhipHky/download,True
2024-09-02 18:52:00-04:00,DICCIONARIO BASE DE DATOS IMPORTACIONES,Importaciones,spreadsheet,539.8,https://nube.ine.gob.bo/index.php/s/HukvdYl2zGx4nZ6/download,True
2024-09-02 18:53:00-04:00,DICCIONARIO BASE DE DATOS IMPORTACIONES RITEX,Importaciones,spreadsheet,539.1,https://nube.ine.gob.bo/index.php/s/gpDZRL4R1tynMC1/download,True
2024-09-03 11:18:00-04:00,"Documento metodológico, Revisión 2020",Población y Hechos Vitales,pdf,4446.39,https://nube.ine.gob.bo/index.php/s/xQ9FEydoCYqaWOR/download,True
2024-09-28 10:00:10-04:00,BOLETÍN ESTADÍSTICO COMEX AGOSTO 2024,Saldo Comercial,pdf,2559.56,https://nube.ine.gob.bo/index.php/s/stlwNeqcojXvufk/download,True
2024-10-09 18:38:00-04:00,SERVICIO DE MANTENIMIENTO DE TECHOS -BLOQUE TECNICO DEL INSTITUTO NACIONAL DE ESTADISTICA,Convocatorias de Bienes y Servicios,pdf,459.17,https://nube.ine.gob.bo/index.php/s/TDGRqNmgVYkXY4F/download,True
2024-10-16 11:45:00-04:00,Resolución Administrativa INE/DGE/ N° 137/2024. Descargar,Marco legal,pdf,1909.45,https://nube.ine.gob.bo/index.php/s/9DyibQFo14E8KM9/download,True
2024-11-01 12:19:14-04:00,SERVICIO DE LIMPIEZA PARA OFICINAS EN LA CIUDAD DE LA PAZ PARA EL INSTITUTO NACIONAL DE ESTADÍSTICA (GESTIÓN 2025),Convocatorias de Bienes y Servicios,pdf,469.67,https://nube.ine.gob.bo/index.php/s/rSXpph5iBbFwqEl/download,True
2024-11-15 16:34:13-04:00,BOLETÍN ESTADÍSTICO COMEX SEPTIEMBRE 2024,Saldo Comercial,pdf,5540.34,https://nube.ine.gob.bo/index.php/s/6t2rwnGXbB4gHW0/download,True
2024-11-15 18:30:00-04:00,BOLETÍN ESTADÍSTICO PRECIOS INTERNACIONALES OCTUBRE DE 2024,Precios Internacionales,pdf,7657.2,https://nube.ine.gob.bo/index.php/s/ArDUX2RT0vAQnUB/download,True
2024-11-26 10:51:00-04:00,"SERVICIO DE INTERNET ON LINE Y VDSL, MEDIANTE FIBRA ÓPTICA PARA LAS OFICINAS DEL INE LA PAZ (GESTIÓN 2025)",Convocatorias de Bienes y Servicios,pdf,481.19,https://nube.ine.gob.bo/index.php/s/6J3CkYnIebb1jq0/download,True
2024-11-27 08:52:00-04:00,CONTRATACIÓN DEL SERVICIO DE ARRENDAMIENTO DE AMBIENTE PARA EL DEPOSITO DE ACTIVOS FIJOS DEL INE LA PAZ – GESTIÓN 2025,Convocatorias de Bienes y Servicios,pdf,1245.37,https://nube.ine.gob.bo/index.php/s/m8ve88Sc2WacfFY/download,True
2024-12-02 08:51:00-04:00,SERVICIO DE PROVISIÓN DE PASAJES AÉREOS PARA EL INSTITUTO NACIONAL DE ESTADÍSTICA (GESTIÓN 2025),Convocatorias de Bienes y Servicios,pdf,441.23,https://nube.ine.gob.bo/index.php/s/mGypdU9OzAFcuyM/download,True
2024-12-11 10:43:00-04:00,CONTRATACIÓN DEL SERVICIO DE ARRENDAMIENTO DE AMBIENTE PARA EL DEPOSITO DE ACTIVOS FIJOS DEL INE LA PAZ – GESTIÓN 2025 – SEGUNDA CONVOCATORIA,Convocatorias de Bienes y Servicios,pdf,428.45,https://nube.ine.gob.bo/index.php/s/Q8eENcnB5H7uEHu/download,True
2024-12-13 13:34:00-04:00,"“SERVICIO DE PROVISIÓN DE PASAJES AÉREOS PARA EL INSTITUTO NACIONAL DE ESTADÍSTICA (GESTIÓN 2025)”, SEGUNDA CONVOCATORIA",Convocatorias de Bienes y Servicios,pdf,442.04,https://nube.ine.gob.bo/index.php/s/K5Acjrrj5wjBYJ7/download,True
2024-12-16 19:29:22-04:00,ECE_1T_2024,Metadatos y Microdatos,rar,8752.1,https://nube.ine.gob.bo/index.php/s/GIPaOkSZwllIvdt/download,True
2024-12-16 20:00:00-04:00,BOLETÍN ESTADÍSTICO PRECIOS INTERNACIONALES NOVIEMBRE DE 2024,Precios Internacionales,pdf,6818.04,https://nube.ine.gob.bo/index.php/s/sQSX8YuDNhNcpq7/download,True
2024-12-24 11:50:10-04:00,"“ SERVICIO DE PROVISIÓN DE PASAJES AÉREOS PARA EL INSTITUTO NACIONAL DE ESTADÍSTICA (GESTIÓN 2025)” , TERCERA CONVOCATORIA – SEGUNDA PUBLICACIÓN",Convocatorias de Bienes y Servicios,pdf,441.54,https://nube.ine.gob.bo/index.php/s/2updSxjKsx5BGS6/download,True
2024-12-31 22:00:00-04:00,BOLETÍN ESTADÍSTICO COMEX NOVIEMBRE 2024,Saldo Comercial,pdf,5528.55,https://nube.ine.gob.bo/index.php/s/4aEVTqijvHyR0in/download,True
2025-01-07 12:33:00-04:00,Reporte 2024,Información estadística,spreadsheet,92.74,https://nube.ine.gob.bo/index.php/s/3fOhWQmDf8DQlEe/download,True
2025-01-15 20:00:00-04:00,BOLETÍN ESTADÍSTICO PRECIOS INTERNACIONALES DICIEMBRE DE 2024,Precios Internacionales,pdf,7829.29,https://nube.ine.gob.bo/index.php/s/ffkjPfPE5LdCxfL/download,True
2025-02-17 19:56:40-04:00,BOLETÍN ESTADÍSTICO PRECIOS INTERNACIONALES ENERO DE 2025,Precios Internacionales,pdf,3940.49,https://nube.ine.gob.bo/index.php/s/2S1fL0ePDvIExrT/download,True
2025-03-09 07:41:37-04:00,BOLETÍN ESTADÍSTICO COMEX DICIEMBRE 2024,Saldo Comercial,pdf,4332.82,https://nube.ine.gob.bo/index.php/s/yTZGbQw8rBJOAHn/download,True
2025-03-09 07:43:07-04:00,BOLETÍN ESTADÍSTICO COMEX ENERO 2025,Saldo Comercial,pdf,4189.06,https://nube.ine.gob.bo/index.php/s/38kJRSLpk6jGVYS/download,True
2025-03-09 15:36:44-04:00,EXPORTACIONES RITEX 2024p,Exportaciones,spreadsheet,41.99,https://nube.ine.gob.bo/index.php/s/safqMgMMqVWD3Ym/download,True
2025-03-09 15:36:48-04:00,EXPORTACIONES 2022,Exportaciones,spreadsheet,2903.35,https://nube.ine.gob.bo/index.php/s/95MY96hpRVESrUf/download,True
2025-03-09 15:36:48-04:00,IMPORTACIONES RITEX 2024p,Importaciones,spreadsheet,67.71,https://nube.ine.gob.bo/index.php/s/FgNUapoN6H65mHu/download,True
2025-03-09 15:36:48-04:00,IMPORTACIONES RITEX 2022,Importaciones,spreadsheet,91.78,https://nube.ine.gob.bo/index.php/s/IaXq9QgjJIOgioV/download,True
2025-03-09 15:36:48-04:00,EXPORTACIONES RITEX 2022,Exportaciones,spreadsheet,36.97,https://nube.ine.gob.bo/index.php/s/Q1wiQlPp7USjf6e/download,True
2025-03-09 15:37:22-04:00,IMPORTACIONES 2022,Importaciones,spreadsheet,59295.61,https://nube.ine.gob.bo/index.php/s/bKcZ9KDiPxlgD1U/download,True
2025-03-09 15:38:00-04:00,IMPORTACIONES 2024p,Importaciones,spreadsheet,52718.09,https://nube.ine.gob.bo/index.php/s/ZlU0vAllzi2kOvE/download,True
2025-03-12 15:31:29-04:00,BOLETÍN ESTADÍSTICO PRECIOS INTERNACIONALES FEBRERO DE 2025,Precios Internacionales,pdf,7535.71,https://nube.ine.gob.bo/index.php/s/U9upzr3xwY30Hml/download,True
2025-03-17 20:06:00-04:00,ADQUISICIÓN DE PAPEL RECICLADO TAMAÑO CARTA Y OFICIO,Convocatorias de Bienes y Servicios,pdf,518.93,https://nube.ine.gob.bo/index.php/s/qk7G3mX1JiEl0KR/download,True
2025-03-20 11:14:00-04:00,ADQUISICIÓN DE TONERES PARA ACTIVIDADES DEL INE,Convocatorias de Bienes y Servicios,pdf,506.33,https://nube.ine.gob.bo/index.php/s/5nQM6SsZxXGHziI/download,True
2025-04-08 15:08:23-04:00,FICHA TÉCNICA – PERMISOS DE CONSTRUCCIÓN,Permisos de Construcción,pdf,649.43,https://nube.ine.gob.bo/index.php/s/H2aCVrSWcRjoxRD/download,True
2025-04-09 22:19:33-04:00,Bbf8EeWqWzCpw4S,Resultados EDSA,pdf,4825.14,https://nube.ine.gob.bo/index.php/s/Bbf8EeWqWzCpw4S/download,True
2025-04-11 17:27:44-04:00,BOLETÍN ESTADÍSTICO PRECIOS INTERNACIONALES MARZO DE 2025,Precios Internacionales,pdf,7743.26,https://nube.ine.gob.bo/index.php/s/TnN6WiDSDr1QSC1/download,True
2025-04-17 17:08:58-04:00,BOLETÍN ESTADÍSTICO COMEX FEBRERO 2025,Saldo Comercial,pdf,4335.7,https://nube.ine.gob.bo/index.php/s/j79hylAip8QgTHt/download,True
2025-04-30 08:28:36-04:00,SERVICIO DE PROVISIÓN DE PASAJES AÉREOS NACIONALES PARA LA PRESENTACIÓN DE LOS RESULTADOS DE LA ENCUESTA DE DEMOGRAFÍA Y SALUD,Convocatorias de Bienes y Servicios,pdf,461.65,https://nube.ine.gob.bo/index.php/s/SmXPo49AO0P2euS/download,True
2025-04-30 19:00:00-04:00,BOLETÍN ESTADÍSTICO ENCUESTA CONTINUA DE EMPLEO ECE 1T-2025,Boletines Estadísticos,pdf,3404.93,https://nimbus.ine.gob.bo/index.php/s/4PfqonTgpk9287S/download,True
2025-05-19 17:13:29-04:00,BOLETÍN ESTADÍSTICO COMEX MARZO 2025,Saldo Comercial,pdf,7005.81,https://nimbus.ine.gob.bo/index.php/s/7NrmDcbRaTr6HmG/download,True
2025-05-20 14:09:15-04:00,BOLETÍN ESTADÍSTICO ENCUESTA CONTINUA DE EMPLEO ECE 1T-2024,Boletines Estadísticos,pdf,6380.72,https://nimbus.ine.gob.bo/index.php/s/BBRD9cs3BTLTCGk/download,True
2025-05-23 10:24:31-04:00,BOLETÍN ESTADÍSTICO PRECIOS INTERNACIONALES NOVIEMBRE 2021,Precios Internacionales,pdf,20873.83,https://nimbus.ine.gob.bo/index.php/s/N74ZmwjDWp6esWc/download,True
2025-07-01 15:02:57-04:00,CONTRATACIÓN DE SEGUROS PARA EL INSTITUTO NACIONAL DE ESTADÍSTICA,Convocatorias de Bienes y Servicios,pdf,490.17,https://nube.ine.gob.bo/index.php/s/4EnTESQHAOdk1Vy/download,True
2025-07-03 08:48:46-04:00,"BOLIVIA: OFERTA Y DEMANDA FINAL A PRECIOS CONSTANTES POR COMPONENTE, 1988 – 2024",Oferta Final y Demanda Final,spreadsheet,80.3,https://nube.ine.gob.bo/index.php/s/Ei5NQkw6YJdR3cF/download,True
2025-07-03 08:48:59-04:00,"BOLIVIA: VARIACIÓN DE LA OFERTA Y DEMANDA FINAL A PRECIOS CONSTANTES POR COMPONENTE, 1989 – 2024",Oferta Final y Demanda Final,spreadsheet,80.24,https://nube.ine.gob.bo/index.php/s/9EkqxBMAfoJpp2u/download,True
2025-07-03 08:49:13-04:00,"BOLIVIA: INCIDENCIA EN LA OFERTA Y DEMANDA FINAL A PRECIOS CONSTANTES POR COMPONENTE, 1989 – 2024",Oferta Final y Demanda Final,spreadsheet,80.21,https://nube.ine.gob.bo/index.php/s/rB7ROhIKY7siSy3/download,True
2025-07-03 08:49:25-04:00,"BOLIVIA: OFERTA Y DEMANDA FINAL A PRECIOS CORRIENTES POR COMPONENTE, 1988 – 2024",Oferta Final y Demanda Final,spreadsheet,80.27,https://nube.ine.gob.bo/index.php/s/6g752tUqbrymnkR/download,True
2025-07-03 08:49:47-04:00,"BOLIVIA: ESTRUCTURA DE LA OFERTA Y DEMANDA FINAL A PRECIOS CORRIENTES POR COMPONENTE, 1988 – 2024",Oferta Final y Demanda Final,spreadsheet,79.72,https://nube.ine.gob.bo/index.php/s/F8b1c6ZVgtkBffd/download,True
2025-07-03 08:50:01-04:00,"BOLIVIA: DEFLACTOR IMPLÍCITO DE LA OFERTA Y DEMANDA FINAL POR COMPONENTE, 1988 – 2024",Oferta Final y Demanda Final,spreadsheet,80.24,https://nube.ine.gob.bo/index.php/s/avaf18J10MJDZp3/download,True
2025-07-03 08:50:14-04:00,"BOLIVIA: OFERTA Y DEMANDA TOTAL A PRECIOS CONSTANTES POR COMPONENTE, 1988 – 2024",Oferta Total y Demanda Total,spreadsheet,86.67,https://nube.ine.gob.bo/index.php/s/Phx2rtsowB2yPTe/download,True
2025-07-03 08:50:28-04:00,"BOLIVIA: VARIACIÓN DE LA OFERTA Y DEMANDA TOTAL A PRECIOS CONSTANTES POR COMPONENTE, 1989 – 2024",Oferta Total y Demanda Total,spreadsheet,83.46,https://nube.ine.gob.bo/index.php/s/SfxFKrsuLXLa5pC/download,True
2025-07-03 08:51:00-04:00,"BOLIVIA: INCIDENCIA EN LA OFERTA Y DEMANDA TOTAL A PRECIOS CONSTANTES POR COMPONENTE,1989 – 2024",Oferta Total y Demanda Total,spreadsheet,83.87,https://nube.ine.gob.bo/index.php/s/43AlSapfmZ2xQHx/download,True
2025-07-03 08:51:19-04:00,"BOLIVIA: OFERTA Y DEMANDA TOTAL A PRECIOS CORRIENTES POR COMPONENTE, 1988- 2024",Oferta Total y Demanda Total,spreadsheet,80.37,https://nube.ine.gob.bo/index.php/s/XhMonr25z85vFlv/download,True
2025-07-03 08:51:32-04:00,"BOLIVIA: ESTRUCTURA DE LA OFERTA Y DEMANDA TOTAL A PRECIOS CORRIENTES POR COMPONENTE, 1988 – 2024",Oferta Total y Demanda Total,spreadsheet,82.52,https://nube.ine.gob.bo/index.php/s/ylOhGr0DZQExhmF/download,True
2025-07-03 08:51:46-04:00,"BOLIVIA: DEFLACTOR IMPLÍCITO DE LA OFERTA Y DEMANDA TOTAL POR COMPONENTE, 1988 – 2024",Oferta Total y Demanda Total,spreadsheet,83.14,https://nube.ine.gob.bo/index.php/s/TKLzlhzqKWAuDoP/download,True
2025-07-03 08:51:59-04:00,"BOLIVIA: VALOR AGREGADO BRUTO A PRECIOS CONSTANTES SEGÚN ACTIVIDAD ECONÓMICA, 1988 – 2024",Valor Agregado Bruto según Actividad Económica,spreadsheet,94.66,https://nube.ine.gob.bo/index.php/s/v5h4f7DS2MbQcFl/download,True
2025-07-03 08:52:14-04:00,"BOLIVIA: VARIACION DEL VALOR AGREGADO BRUTO A PRECIOS CONSTANTES SEGÚN ACTIVIDAD ECONÓMICA, 1989 – 2024",Valor Agregado Bruto según Actividad Económica,spreadsheet,102.34,https://nube.ine.gob.bo/index.php/s/FOvbAJODHkEPbLE/download,True
2025-07-03 08:52:35-04:00,"BOLIVIA: INCIDENCIA DE LAS ACTIVIDADES ECONÓMICAS EN EL CRECIMIENTO DEL VALOR AGREGADO BRUTO A PRECIOS CONSTANTES, 1989- 2024",Valor Agregado Bruto según Actividad Económica,spreadsheet,101.72,https://nube.ine.gob.bo/index.php/s/4EwMAUfzxESyJFU/download,True
2025-07-03 08:52:48-04:00,"BOLIVIA: VALOR AGREGADO BRUTO A PRECIOS CORRIENTES SEGÚN ACTIVIDAD ECONÓMICA, 1988 – 2024",Valor Agregado Bruto según Actividad Económica,spreadsheet,94.89,https://nube.ine.gob.bo/index.php/s/oee1Le448PGgDlP/download,True
2025-07-03 08:53:53-04:00,"BOLIVIA: PARTICIPACIÓN DE LAS ACTIVIDADES ECONÓMICAS EN EL VALOR AGREGADO BRUTO A PRECIOS CORRIENTES, 1988 – 2024",Valor Agregado Bruto según Actividad Económica,spreadsheet,101.48,https://nube.ine.gob.bo/index.php/s/kPc4C0JddFgkeXg/download,True
2025-07-03 08:54:13-04:00,"BOLIVIA: DEFLACTOR IMPLÍCITO DEL VALOR AGREGADO BRUTO SEGÚN ACTIVIDAD ECONÓMICA, 1988 – 2024",Valor Agregado Bruto según Actividad Económica,spreadsheet,102.18,https://nube.ine.gob.bo/index.php/s/9lboqt6ZfPxxtKR/download,True
2025-07-03 08:54:44-04:00,"BOLIVIA: SERIE HISTORICA DEL PRODUCTO INTERNO BRUTO A PRECIOS CORRIENTES POR AÑO SEGÚN ACTIVIDAD ECONÓMICA, 1980 – 2024",Serie Histórica del Producto Interno Bruto,spreadsheet,97.74,https://nube.ine.gob.bo/index.php/s/Sx5vznBqGGGIuN2/download,True
2025-07-03 08:54:59-04:00,"BOLIVIA: SERIE HISTORICA DEL PRODUCTO INTERNO BRUTO A PRECIOS CONSTANTES POR AÑO SEGÚN TIPO DE GASTO, 1980 – 2024",Serie Histórica del Producto Interno Bruto,spreadsheet,78.88,https://nube.ine.gob.bo/index.php/s/dksqGfnoVsCeeq6/download,True
2025-07-03 08:55:13-04:00,"BOLIVIA: SERIE HISTORICA DEL PRODUCTO INTERNO BRUTO A PRECIOS CORRIENTES POR AÑO SEGÚN TIPO DE GASTO, 1980 – 2024",Serie Histórica del Producto Interno Bruto,spreadsheet,78.83,https://nube.ine.gob.bo/index.php/s/ZAMVtIIgXLVX3pA/download,True
2025-07-04 11:15:42-04:00,"BOLIVIA: SERIE HISTORICA DEL PRODUCTO INTERNO BRUTO A PRECIOS CONSTANTES POR AÑO SEGÚN ACTIVIDAD ECONÓMICA, 1980 – 2024",Serie Histórica del Producto Interno Bruto,spreadsheet,98.27,https://nube.ine.gob.bo/index.php/s/5HukXcuvSj76wKo/download,True
2025-07-04 11:21:01-04:00,"BOLIVIA: INDICE GLOBAL DE LA ACTIVIDAD ECONÓMICA, POR MES 2008-2024",Indice Global de Actividad Económica (IGAE),spreadsheet,117.34,https://nube.ine.gob.bo/index.php/s/6Szm6RmYSBeRnsD/download,True
2025-07-04 11:21:01-04:00,"BOLIVIA: VARIACIÓN A 12 MESES DEL IGAE, POR MES 2008-2024",Indice Global de Actividad Económica (IGAE),spreadsheet,112.8,https://nube.ine.gob.bo/index.php/s/k0bRzzNhBXb7Ae2/download,True
2025-07-04 11:21:01-04:00,"BOLIVIA: INDICE GLOBAL DE LA ACTIVIDAD ECONÓMICA, ENERO-DICIEMBRE, 2023-2024(p)",Indice Global de Actividad Económica (IGAE),spreadsheet,53.42,https://nube.ine.gob.bo/index.php/s/lhzNu4ISQEuXS1M/download,True
2025-07-04 11:21:01-04:00,"BOLIVIA: VARIACIÓN ACUMULADA DEL IGAE, POR MES 2008-2024",Indice Global de Actividad Económica (IGAE),spreadsheet,116.3,https://nube.ine.gob.bo/index.php/s/qNQexpgoZroGCYG/download,True
2025-07-04 11:21:01-04:00,"BOLIVIA: VARIACIÓN A SIMILAR PERIODO DEL IGAE, POR MES 2008-2024",Indice Global de Actividad Económica (IGAE),spreadsheet,117.26,https://nube.ine.gob.bo/index.php/s/vsfGqiIoEXGddwJ/download,True
2025-07-15 18:00:00-04:00,BOLETÍN ESTADÍSTICO PRECIOS INTERNACIONALES JUNIO DE 2025,Precios Internacionales,pdf,7585.82,https://nimbus.ine.gob.bo/index.php/s/CLdaGfgicSoyPxe/download,True
2025-07-31 15:39:38-04:00,CONTRATACIÓN DE CONSULTORÍA INDIVIDUAL POR PRODUCTO PARA GENERAR UN DOCUMENTO DE ANÁLISIS DE DETERMINANTES DEL DESARROLLO INFANTIL A PARTIR DE LA ENCUESTA DE DEMOGRAFÍA DE SALUD 2023,Convocatorias de Bienes y Servicios,pdf,481.2,https://nube.ine.gob.bo/index.php/s/tS5y4NTFdHPaZ9O/download,True
2025-08-04 11:59:42-04:00,5iLdOjvtBAh67wo,Producto Interno Bruto Departamental,spreadsheet,79.53,https://nube.ine.gob.bo/index.php/s/5iLdOjvtBAh67wo/download,True
2025-08-05 10:58:59-04:00,BOLETÍN ESTADÍSTICO COMEX JUNIO 2025,Saldo Comercial,pdf,2291.17,https://nimbus.ine.gob.bo/index.php/s/7TZHDiQDjNmfLM6/download,True
2025-08-12 18:21:47-04:00,BOLETÍN ESTADÍSTICO ENCUESTA CONTINUA DE EMPLEO ECE 2T-2025,Boletines Estadísticos,pdf,2081.74,https://nimbus.ine.gob.bo/index.php/s/M4M8fFCCdFAQzsX/download,True
2025-08-21 19:22:46-04:00,Manual del Capacitador,Capacitación – 2025,pdf,17051.94,https://nube.ine.gob.bo/index.php/s/hLySa0G6DuBrfoh/download,True
2025-08-21 19:24:30-04:00,Manual del Jefe de la Unidad Territorial Censal (UTC),Capacitación – 2025,pdf,65969.74,https://nube.ine.gob.bo/index.php/s/fRzciSGlcmcK4te/download,True
2025-08-21 19:29:18-04:00,Manual del Instructor,Capacitación – 2025,pdf,16128.3,https://nube.ine.gob.bo/index.php/s/PFS4gNgIz4ZW2kR/download,True
2025-08-21 19:31:38-04:00,Manual del Jefe de Área,Capacitación – 2025,pdf,68830.93,https://nube.ine.gob.bo/index.php/s/fNQ9YpGr3yooWc3/download,True
2025-08-21 19:31:50-04:00,Manual del Censista,Capacitación – 2025,pdf,110984.81,https://nube.ine.gob.bo/index.php/s/WsuerPiCAtPi5ET/download,True
2025-08-21 19:31:52-04:00,Manual del Jefe de Zona,Capacitación – 2025,pdf,74493.46,https://nube.ine.gob.bo/index.php/s/wqSBVYuhGHJt0VQ/download,True
2025-08-21 19:38:08-04:00,Manual del Supervisor de sector,Capacitación – 2025,pdf,49997.39,https://nube.ine.gob.bo/index.php/s/Pm2WwAntk2wK8xX/download,True
2025-09-09 09:05:08-04:00,DESCARGA DE BASE DE DATOS EN FORMATO REDATAM X — 366.9 MB (ZIP),Descargas,zip,375729.62,https://nimbus.ine.gob.bo/index.php/s/G6YCKRqzbdt3WAk/download,True
2025-09-09 09:06:42-04:00,Censo de Población y Vivienda 2024,Censos,zip,1413976.51,https://nimbus.ine.gob.bo/index.php/s/HNmazKRppT786ZA/download,True
2025-09-15 22:00:00-04:00,BOLETÍN ESTADÍSTICO PRECIOS INTERNACIONALES AGOSTO DE 2025,Precios Internacionales,pdf,3897.03,https://nimbus.ine.gob.bo/index.php/s/DWp7k89mRtkD5Pf/download,True
2025-09-22 11:06:14-04:00,Mu3eStaUZfi97Vp,TABULADOS,spreadsheet,5233.5,https://nube.ine.gob.bo/index.php/s/Mu3eStaUZfi97Vp/download,True
2025-10-03 09:03:34-04:00,Documento Metodologico Estadísticas e Indicadores de Salarios Remuneraciones y Empleo Sector Privado,Información Técnica,pdf,1963.21,https://nube.ine.gob.bo/index.php/s/3zMnvDNYThWiHUa/download,True
2025-10-06 09:12:59-04:00,Documento metodológico Minería,Información Técnica,pdf,538.86,https://nube.ine.gob.bo/index.php/s/3kFzyhTvddNocMt/download,True
2025-10-06 09:22:39-04:00,Documento metodológico hidrocarburos,Información Técnica,pdf,569.29,https://nube.ine.gob.bo/index.php/s/B2s6jiUBjDLqSEY/download,True
2025-10-08 15:31:17-04:00,Ficha técnica – Índice del consumo de energía eléctrica de la industria manufacturera,Información Técnica,pdf,100.49,https://nube.ine.gob.bo/index.php/s/RTMDMOYy7FPg7Gz/download,True
2025-10-08 15:41:31-04:00,Ficha Técnica – Mineria,Información Técnica,pdf,120.2,https://nube.ine.gob.bo/index.php/s/X1mjcZ2uoxlTN8F/download,True
2025-10-08 15:56:44-04:00,Ficha técnica – Indicadores de opinión empresarial de la industria manufacturera,Información Técnica,rar,180.56,https://nube.ine.gob.bo/index.php/s/SGDRudcLyFLvSwo/download,True
2025-10-09 09:10:18-04:00,Ficha técnica Indicadores de producción y ventas de la industria manufacturera,Información Técnica,pdf,180.4,https://nube.ine.gob.bo/index.php/s/CzPMVtWr8YIUtlY/download,True
2025-10-10 12:09:01-04:00,Documento metodológico índice de consumo de energía eléctrica de la industria manufacturera,Información Técnica,pdf,649.0,https://nube.ine.gob.bo/index.php/s/IHhoV6pCCundpVz/download,True
2025-10-10 12:19:59-04:00,Documento metodológico indicadores de opinión empresarial de la industria manufacturera,Información Técnica,pdf,1091.95,https://nube.ine.gob.bo/index.php/s/cpRgdMbmSGNqeto/download,True
2025-10-13 11:05:27-04:00,Ficha técnica,Información Técnica,rar,563.66,https://nube.ine.gob.bo/index.php/s/zavbIEHef8cfhVx/download,True
2025-10-13 17:26:17-04:00,Documento metodológico de estadísticas e indicadores de telecomunicaciones,Información Técnica,pdf,700.1,https://nube.ine.gob.bo/index.php/s/otHRA6VZW6Q7j3H/download,True
2025-10-13 17:27:27-04:00,Ficha técnica- Índice de telecomunicaciones (IT),Información Técnica,pdf,113.62,https://nube.ine.gob.bo/index.php/s/Sy6aKiM9vGBHfSe/download,True
2025-10-13 17:29:10-04:00,Documento metodológico de estadísticas de transporte,Información Técnica,pdf,889.19,https://nube.ine.gob.bo/index.php/s/iaTvC8sdFgvP18P/download,True
2025-10-13 17:35:11-04:00,Fichas técnicas – Estadísticas e indicadores de transporte,Información Técnica,rar,707.57,https://nube.ine.gob.bo/index.php/s/OF7cazLHoKRuhZ2/download,True
2025-10-13 18:01:00-04:00,Ficha técnica,Información Técnica,rar,336.39,https://nube.ine.gob.bo/index.php/s/fAauVVIML96A53Q/download,True
2025-10-13 19:10:28-04:00,Documento Metodológico de Salarios Remuneraciones y Empleo Sector Público,Información Técnica,pdf,1362.5,https://nube.ine.gob.bo/index.php/s/sZl8TF5th4YYpv9/download,True
2025-10-13 19:19:11-04:00,Ficha técnica,Información Técnica,rar,5130.68,https://nube.ine.gob.bo/index.php/s/pOfEFrsY7a4iiFK/download,True
2025-10-13 19:23:42-04:00,Información técnica,Información Técnica,rar,1918.16,https://nube.ine.gob.bo/index.php/s/YErAmh5E9DoN5Ed/download,True
2025-10-14 13:07:18-04:00,Documento metodológico estadísticas e indicadores de servicios básicos,Información Técnica,pdf,861.59,https://nube.ine.gob.bo/index.php/s/SZrDyPjSzpErlbN/download,True
2025-10-29 10:16:46-04:00,qv6LHox4fYKTUiv,TABULADOS,spreadsheet,1549.45,https://nube.ine.gob.bo/index.php/s/qv6LHox4fYKTUiv/download,True
2025-10-29 10:34:12-04:00,0OrfPjzMB16fATQ,TABULADOS,spreadsheet,6028.63,https://nube.ine.gob.bo/index.php/s/0OrfPjzMB16fATQ/download,True
2025-10-29 11:31:21-04:00,AOldF10m6NcyQTc,TABULADOS,spreadsheet,247.57,https://nube.ine.gob.bo/index.php/s/AOldF10m6NcyQTc/download,True
2025-10-29 12:26:51-04:00,SCGzQtZ8qfryTaM,TABULADOS,spreadsheet,10418.61,https://nube.ine.gob.bo/index.php/s/SCGzQtZ8qfryTaM/download,True
2025-10-29 12:28:17-04:00,BSHb8IVQGA997Pv,TABULADOS,spreadsheet,9698.63,https://nube.ine.gob.bo/index.php/s/BSHb8IVQGA997Pv/download,True
2025-10-29 15:05:57-04:00,PfdV3BJc6Vm8sDj,TABULADOS,spreadsheet,1120.44,https://nube.ine.gob.bo/index.php/s/PfdV3BJc6Vm8sDj/download,True
2025-10-29 15:14:20-04:00,RdGsMfkYGpb7Ebh,TABULADOS,spreadsheet,5269.74,https://nube.ine.gob.bo/index.php/s/RdGsMfkYGpb7Ebh/download,True
2025-10-30 13:27:28-04:00,dEJeTU4j0czYIdG,TABULADOS,spreadsheet,4189.34,https://nube.ine.gob.bo/index.php/s/dEJeTU4j0czYIdG/download,True
2025-10-30 13:28:35-04:00,EfpcaOuXhiHMMUr,TABULADOS,spreadsheet,1094.4,https://nube.ine.gob.bo/index.php/s/EfpcaOuXhiHMMUr/download,True
2025-10-31 09:38:46-04:00,9qnfXerusECUvnJ,TABULADOS,spreadsheet,5472.61,https://nube.ine.gob.bo/index.php/s/9qnfXerusECUvnJ/download,True
2025-10-31 11:10:17-04:00,kp4IEAoiKeTKgAG,TABULADOS,spreadsheet,60455.79,https://nube.ine.gob.bo/index.php/s/kp4IEAoiKeTKgAG/download,True
2025-10-31 11:17:38-04:00,215DY4tKKB5qkFc,TABULADOS,spreadsheet,5869.11,https://nube.ine.gob.bo/index.php/s/215DY4tKKB5qkFc/download,True
2025-10-31 11:40:13-04:00,NiqTDKlDXDcdVOL,TABULADOS,spreadsheet,1258.32,https://nube.ine.gob.bo/index.php/s/NiqTDKlDXDcdVOL/download,True
2025-10-31 11:53:31-04:00,iwQNWYRQsQgs5lG,TABULADOS,spreadsheet,4771.03,https://nube.ine.gob.bo/index.php/s/iwQNWYRQsQgs5lG/download,True
2025-11-07 15:34:51-04:00,KQSoTrfdRQ5jldM,TABULADOS,spreadsheet,979.61,https://nube.ine.gob.bo/index.php/s/KQSoTrfdRQ5jldM/download,True
2025-11-13 11:15:06-04:00,DdjcB07o0QEmB6K,TABULADOS,spreadsheet,6446.56,https://nube.ine.gob.bo/index.php/s/DdjcB07o0QEmB6K/download,True
2025-11-13 15:03:52-04:00,BOLETÍN ESTADÍSTICO PRECIOS INTERNACIONALES OCTUBRE DE 2025,Precios Internacionales,pdf,1366.47,https://nimbus.ine.gob.bo/index.php/s/JTKWcLFZBwnY4Kj/download,True
2025-11-17 13:05:39-04:00,6H760RRaNemfydX,TABULADOS,spreadsheet,8906.22,https://nube.ine.gob.bo/index.php/s/6H760RRaNemfydX/download,True
2025-11-24 12:48:35-04:00,"CONTRATACION DE SERVICIO DE COURIER PARA EL INSTITUTO NACIONAL DE ESTADISTICA (GESTION 2026)” , Primera Convocatoria",Convocatorias de Bienes y Servicios,pdf,1272.5,https://nube.ine.gob.bo/index.php/s/z3adYQpiRvatrMv/download,True
2025-11-24 14:49:20-04:00,"SERVICIO DE PROVISIÓN DE PASAJES AÉREOS PARA EL INSTITUTO NACIONAL DE ESTADÍSTICA – (GESTIÓN 2026)” , Primera Convocatoria",Convocatorias de Bienes y Servicios,pdf,487.23,https://nube.ine.gob.bo/index.php/s/MBFhoX1OTmARgfV/download,True
2025-11-25 15:28:41-04:00,DyM0ks8i0zIL1tu,TABULADOS,spreadsheet,12508.25,https://nube.ine.gob.bo/index.php/s/DyM0ks8i0zIL1tu/download,True
2025-11-25 15:30:29-04:00,DESCARGA COMPLETA 140.7 MB (ZIP),TABULADOS,zip,144087.34,https://nube.ine.gob.bo/index.php/s/RqKGYvtj3FbWfVX/download,True
2025-11-29 16:02:31-04:00,BOLETÍN ESTADÍSTICO COMEX OCTUBRE 2025,Saldo Comercial,pdf,951.79,https://nimbus.ine.gob.bo/index.php/s/CFWjpZ7ftx9y5CW/download,True
2025-12-01 12:10:48-04:00,SERVICIO DE LIMPIEZA PARA OFICINAS DEL INSTITUTO NACIONAL DE ESTADÍSTICA – (GESTIÓN 2026),Convocatorias de Bienes y Servicios,pdf,769.63,https://nube.ine.gob.bo/index.php/s/4hRG3M7IMOmHRXj/download,True
2025-12-09 09:14:36-04:00,GLOSARIO Y FICHA TÉCNICA,Censos de Población y Vivienda,spreadsheet,42.28,https://nimbus.ine.gob.bo/index.php/s/64Rdk2f89ttiQMz/download,False
2025-12-09 09:28:07-04:00,"BOLIVIA: POBLACIÓN QUE POR PROBLEMAS DE SALUD ACUDE, NO ACUDE Y SIN ESPECIFICAR, A ESTABLECIMIENTOS DE SALUD O ATIENDE SU SALUD CON REMEDIOS CASEROS O AUTOMEDICACIÓN, SEGÚN DEPARTAMENTO, PROVINCIA, MUNICIPIO O TERRITORIO INDÍGENA ORIGINARIO CAMPESINO (TIOC) Y AREA, CENSOS 2012 Y 2024",Salud,spreadsheet,336.18,https://nimbus.ine.gob.bo/index.php/s/FfZXCLDAAJsjssH/download,False
2025-12-09 09:28:09-04:00,"BOLIVIA: POBLACIÓN QUE POR PROBLEMAS DE SALUD ACUDE A ESTABLECIMIENTOS DE SALUD O ATIENDE SU SALUD CON REMEDIOS CASEROS O AUTOMEDICACIÓN, SEGÚN DEPARTAMENTO, PROVINCIA, MUNICIPIO O TERRITORIO INDÍGENA ORIGINARIO CAMPESINO (TIOC) Y AREA, CENSOS 2012 Y 2024",Salud,spreadsheet,403.12,https://nimbus.ine.gob.bo/index.php/s/9rn3XjoEiSSmLgP/download,False
2025-12-09 09:28:18-04:00,GLOSARIO Y FICHA TÉCNICA,Salud,spreadsheet,39.33,https://nimbus.ine.gob.bo/index.php/s/FfMJWK4jEaAwirz/download,False
2025-12-09 09:31:27-04:00,"BOLIVIA: POBLACIÓN DE 15 O MÁS AÑOS DE EDAD Y TASA DE ALFABETISMO POR SEXO, SEGÚN DEPARTAMENTO, PROVINCIA, MUNICIPIO O TERRITORIO INDÍGENA ORIGINARIO CAMPESINO (TIOC), ÁREA Y GRUPO DE EDAD, CENSOS 2001, 2012 Y 2024",Censos,spreadsheet,1376.92,https://nimbus.ine.gob.bo/index.php/s/5txm8eZ5GtbWCxC/download,False
2025-12-09 09:59:28-04:00,"BOLIVIA : POBLACIÓN DE 5 O MÁS AÑOS DE EDAD, CON DISCAPACIDAD POR DIFICULTAD PERMANENTE Y SEXO, SEGÚN DEPARTAMENTO, PROVINCIA, MUNICIPIO/TIOC O TERRITORIO INDÍGENA ORIGINARIO CAMPESINO (TIOC) Y ÁREA, CENSO 2024",Censos_,spreadsheet,680.46,https://nimbus.ine.gob.bo/index.php/s/7WxxLssBfBQTfWw/download,False
2025-12-09 09:59:30-04:00,"BOLIVIA : POBLACIÓN DE 5 O MÁS DE EDAD CON DISCAPACIDAD POR DIFICULTAD PERMANENTE, SEGÚN DEPARTAMENTO, PROVINCIA, MUNICIPIO/TIOC O TERRITORIO INDÍGENA ORIGINARIO CAMPESINO (TIOC) Y GRUPO DE EDAD, CENSO 2024",Censos_,spreadsheet,364.75,https://nimbus.ine.gob.bo/index.php/s/Gg7TTwAnLEXNrTm/download,False
2025-12-09 10:01:23-04:00,"BOLIVIA: POBLACIÓN CON ACCESO A FUENTE MEJORADA DE AGUA, SEGÚN DEPARTAMENTO, PROVINCIA, MUNICIPIO O TERRITORIO INDÍGENA ORIGINARIO CAMPESINO (TIOC) Y ÁREA, CENSOS 2001, 2012 Y 2024",Servicios Básicos,spreadsheet,190.22,https://nimbus.ine.gob.bo/index.php/s/GsgLSBBWN3QwGyg/download,False
2025-12-09 10:01:26-04:00,"BOLIVIA: VIVIENDAS PARTICULARES OCUPADAS CON PERSONAS PRESENTES POR ACCESO AL SISTEMA DE ALCANTARILLADO, SEGÚN DEPARTAMENTO, PROVINCIA, MUNICIPIO O TERRITORIO INDÍGENA ORIGINARIO CAMPESINO (TIOC) Y ÁREA, CENSOS 2001, 2012 Y 2024",Servicios Básicos,spreadsheet,210.06,https://nimbus.ine.gob.bo/index.php/s/BRLk8WWjaweJxTq/download,False
2025-12-09 10:01:28-04:00,"BOLIVIA: VIVIENDAS PARTICULARES OCUPADAS CON PERSONAS PRESENTES POR TIPO DE DESAGÜE DEL BAÑO O SERVICIO SANITARIO, SEGÚN DEPARTAMENTO, PROVINCIA, MUNICIPIO O TERRITORIO INDÍGENA ORIGINARIO CAMPESINO (TIOC) Y ÁREA, CENSOS 2001, 2012 Y 2024",Servicios Básicos,spreadsheet,409.24,https://nimbus.ine.gob.bo/index.php/s/9f4THpPDb9QiwkE/download,False
2025-12-09 10:01:29-04:00,"BOLIVIA: POBLACIÓN CON ACCESO A SANEAMIENTO MEJORADO, SEGÚN DEPARTAMENTO, PROVINCIA, MUNICIPIO O TERRITORIO INDÍGENA ORIGINARIO CAMPESINO (TIOC) Y ÁREA, CENSOS 2001, 2012 Y 2024",Servicios Básicos,spreadsheet,216.7,https://nimbus.ine.gob.bo/index.php/s/Bn26atjkZXAsgc4/download,False
2025-12-09 10:01:31-04:00,"BOLIVIA: VIVIENDAS PARTICULARES OCUPADAS CON PERSONAS PRESENTES POR COMBUSTIBLE O ENERGÍA UTILIZADA PARA COCINAR, SEGÚN DEPARTAMENTO, PROVINCIA, MUNICIPIO O TERRITORIO INDÍGENA ORIGINARIO CAMPESINO (TIOC) Y ÁREA, CENSOS 2001, 2012 Y 2024",Servicios Básicos,spreadsheet,442.5,https://nimbus.ine.gob.bo/index.php/s/E5aaEbPKaaMMK8W/download,False
2025-12-09 10:02:12-04:00,"BOLIVIA: POBLACIÓN POR TIPO DE VIVIENDA, SEGÚN DEPARTAMENTO, PROVINCIA, MUNICIPIO O TERRITORIO INDÍGENA ORIGINARIO CAMPESINO (TIOC) Y ÁREA, CENSOS 2001, 2012 Y 2024",Vivienda y Hogar,spreadsheet,254.53,https://nimbus.ine.gob.bo/index.php/s/7YLKeoi5R4tgFj3/download,False
2025-12-09 10:02:18-04:00,"BOLIVIA: TIPO DE VIVIENDA PARTICULAR, SEGÚN DEPARTAMENTO, PROVINCIA, MUNICIPIO O TERRITORIO INDÍGENA ORIGINARIO CAMPESINO (TIOC) Y ÁREA, CENSOS 2001, 2012 Y 2024",Vivienda y Hogar,spreadsheet,358.03,https://nimbus.ine.gob.bo/index.php/s/AEdKRnBqfDx2iG3/download,False
2025-12-09 10:02:21-04:00,"BOLIVIA: VIVIENDAS PARTICULARES OCUPADAS CON PERSONAS PRESENTES POR MATERIAL DE CONSTRUCCIÓN MÁS UTILIZADO EN TECHOS, SEGÚN DEPARTAMENTO, PROVINCIA, MUNICIPIO O TERRITORIO INDÍGENA ORIGINARIO CAMPESINO (TIOC) Y ÁREA, CENSOS 2001, 2012 Y 2024",Vivienda y Hogar,spreadsheet,351.98,https://nimbus.ine.gob.bo/index.php/s/BX6HxbJSFiaZotp/download,False
2025-12-09 10:02:28-04:00,"BOLIVIA: VIVIENDAS PARTICULARES OCUPADAS CON PERSONAS PRESENTES POR NÚMERO PROMEDIO DE PERSONAS POR CUARTO O HABITACIÓN MULTIUSO, SEGÚN DEPARTAMENTO, PROVINCIA, MUNICIPIO O TERRITORIO INDÍGENA ORIGINARIO CAMPESINO (TIOC) Y ÁREA, CENSOS 2001, 2012 Y 2024",Vivienda y Hogar,spreadsheet,313.0,https://nimbus.ine.gob.bo/index.php/s/2TCDBxc7RXYTQQP/download,False
2025-12-09 10:02:32-04:00,"BOLIVIA: VIVIENDAS PARTICULARES OCUPADAS CON PERSONAS PRESENTES POR TENENCIA DE CUARTO SÓLO PARA COCINAR, SEGÚN DEPARTAMENTO, PROVINCIA, MUNICIPIO O TERRITORIO INDÍGENA ORIGINARIO CAMPESINO (TIOC) Y ÁREA, CENSOS 2001, 2012 Y 2024",Vivienda y Hogar,spreadsheet,214.67,https://nimbus.ine.gob.bo/index.php/s/3qF7q67skyDgNHg/download,False
2025-12-09 10:02:37-04:00,"BOLIVIA: VIVIENDAS PARTICULARES OCUPADAS CON PERSONAS PRESENTES POR TIPOLOGÍA DE HOGAR, SEGÚN DEPARTAMENTO, PROVINCIA, MUNICIPIO O TERRITORIO INDÍGENA ORIGINARIO CAMPESINO (TIOC) Y ÁREA, CENSOS 2001, 2012 Y 2024",Vivienda y Hogar,spreadsheet,481.77,https://nimbus.ine.gob.bo/index.php/s/CJKxsXeJoC2CRtX/download,False
2025-12-09 10:02:41-04:00,"BOLIVIA: POBLACIÓN POR RELACIÓN DE PARENTESCO CON LA JEFA O JEFE DEL HOGAR, SEGÚN DEPARTAMENTO, PROVINCIA, MUNICIPIO O TERRITORIO INDÍGENA ORIGINARIO CAMPESINO (TIOC) Y ÁREA, CENSOS 2001, 2012 Y 2024",Vivienda y Hogar,spreadsheet,659.13,https://nimbus.ine.gob.bo/index.php/s/GZyQAy6xSpAPnkf/download,False
2025-12-09 10:06:11-04:00,"BOLIVIA: POBLACIÓN DE 15 O MÁS AÑOS DE EDAD POR SEXO Y GRUPOS DE EDAD, SEGÚN DEPARTAMENTO, PROVINCIA, MUNICIPIO O TERRITORIO INDÍGENA ORIGINARIO CAMPESINO (TIOC), ÁREA Y ESTADO CIVIL, CENSOS 2001, 2012 Y 2024",Estado Civil o Situación Conyugal,spreadsheet,2489.36,https://nimbus.ine.gob.bo/index.php/s/8Zycd66js5BWPLf/download,False
2025-12-09 10:06:46-04:00,"BOLIVIA: POBLACIÓN DE 4 O MÁS AÑOS DE EDAD POR IDIOMA EN EL QUE APRENDIÓ A HABLAR, SEGÚN DEPARTAMENTO, PROVINCIA, MUNICIPIO O TERRITORIO INDÍGENA ORIGINARIO CAMPESINO (TIOC) Y SEXO, CENSOS 2012 Y 2024",Idiomas,spreadsheet,689.97,https://nimbus.ine.gob.bo/index.php/s/ERk9fzF7Kf2yJ9W/download,False
2025-12-09 10:06:49-04:00,"BOLIVIA: POBLACIÓN DE 4 O MÁS AÑOS DE EDAD POR IDIOMA EN EL QUE APRENDIÓ A HABLAR, SEGÚN DEPARTAMENTO, PROVINCIA, MUNICIPIO O TERRITORIO INDÍGENA ORIGINARIO CAMPESINO (TIOC) Y ÁREA, CENSOS 2012 Y 2024",Idiomas,spreadsheet,690.91,https://nimbus.ine.gob.bo/index.php/s/8mTrLNsWSNsfCwE/download,False
2025-12-09 10:06:54-04:00,"BOLIVIA: POBLACIÓN DE 4 O MÁS AÑOS DE EDAD POR IDIOMA EN EL QUE APRENDIÓ A HABLAR, SEGÚN DEPARTAMENTO, PROVINCIA, MUNICIPIO O TERRITORIO INDÍGENA ORIGINARIO CAMPESINO (TIOC) Y GRUPO DE EDAD, CENSOS 2012 Y 2024",Idiomas,spreadsheet,1677.2,https://nimbus.ine.gob.bo/index.php/s/9wYxfn378JAtodj/download,False
2025-12-09 10:07:16-04:00,"BOLIVIA: POBLACIÓN DE 6 O MÁS AÑOS DE EDAD POR IDIOMA EN SEGUNDO ORDEN DE USO, SEGÚN DEPARTAMENTO, PROVINCIA, MUNICIPIO O TERRITORIO INDÍGENA ORIGINARIO CAMPESINO (TIOC) Y ÁREA, CENSOS 2012 Y 2024",Idiomas,spreadsheet,663.38,https://nimbus.ine.gob.bo/index.php/s/43H8xQpWorJRb6e/download,False
2025-12-09 10:07:23-04:00,"BOLIVIA: POBLACIÓN DE 6 O MÁS AÑOS DE EDAD POR IDIOMA EN TERCER ORDEN DE USO, SEGÚN DEPARTAMENTO, PROVINCIA, MUNICIPIO O TERRITORIO INDÍGENA ORIGINARIO CAMPESINO (TIOC) Y SEXO, CENSOS 2012 Y 2024",Idiomas,spreadsheet,618.16,https://nimbus.ine.gob.bo/index.php/s/Bp3LAWXFS88WJHg/download,False
2025-12-09 10:08:25-04:00,"BOLIVIA: POBLACIÓN QUE DECLARA AUTOIDENTIFICACIÓN SEGÚN LISTADO REFERENCIAL DE NACIÓN PUEBLO INDÍGENA ORIGINARIO CAMPESINO Y AFROBOLIVIANO, SEGÚN DEPARTAMENTO, PROVINCIA, MUNICIPIO O TERRITORIO INDÍGENA ORIGINARIO CAMPESINO (TIOC) Y ÁREA, CENSO 2024",Autoidentificación,spreadsheet,353.07,https://nimbus.ine.gob.bo/index.php/s/ADWHk8B7ZFWKxqP/download,False
2025-12-09 10:08:52-04:00,"BOLIVIA: POBLACIÓN OCUPADA DE 14 O MÁS AÑOS DE EDAD CON RESIDENCIA HABITUAL POR MOVILIDAD COTIDIANA PARA TRABAJAR SEGÚN DEPARTAMENTO, PROVINCIA, MUNICIPIO O TERRITORIO INDÍGENA ORIGINARIO CAMPESINO (TIOC) Y SEXO, CENSO 2024",Movilidad Cotidiana para Trabajar,spreadsheet,197.82,https://nimbus.ine.gob.bo/index.php/s/Ao8oHpTSDrbxXX9/download,False
2025-12-09 10:09:23-04:00,"BOLIVIA: INDICADORES DE MIGRACIÓN INTERNA RECIENTE PARA LA POBLACIÓN DE 5 O MÁS AÑOS DE EDAD, SEGÚN DEPARTAMENTO, PROVINCIA, MUNICIPIO O TERRITORIO INDÍGENA ORIGINARIO CAMPESINO (TIOC) Y SEXO, PERÍODOS 1996 – 2001, 2007 – 2012 Y 2019 – 2024, CENSOS 2001, 2012 Y 2024",Migración Interna,spreadsheet,628.22,https://nimbus.ine.gob.bo/index.php/s/H3ptXgifaDLyJkS/download,False
2025-12-09 10:09:30-04:00,"BOLIVIA: INDICADORES DE MIGRACIÓN INTERNA RECIENTE PARA LA POBLACIÓN DE 30 A 59 AÑOS DE EDAD, SEGÚN DEPARTAMENTO, PROVINCIA, MUNICIPIO O TERRITORIO INDÍGENA ORIGINARIO CAMPESINO (TIOC) Y SEXO, PERÍODOS 1996 – 2001, 2007 – 2012 Y 2019 – 2024, CENSOS 2001, 2012 Y 2024",Migración Interna,spreadsheet,610.65,https://nimbus.ine.gob.bo/index.php/s/2SHfCS3j6CaJqzk/download,False
2025-12-09 10:09:33-04:00,GLOSARIO Y FICHA TÉCNICA,Migración Interna,spreadsheet,39.12,https://nimbus.ine.gob.bo/index.php/s/2bA66b7LnRXfqpy/download,False
2025-12-09 10:10:01-04:00,"BOLIVIA: INMIGRANTES INTERNACIONALES POR PAÍS DE NACIMIENTO, SEGÚN DEPARTAMENTO, PROVINCIA, MUNICIPIO O TERRITORIO INDÍGENA ORIGINARIO CAMPESINO (TIOC) Y ÁREA, CENSOS 2012 Y 2024",Migración Internacional,spreadsheet,176.79,https://nimbus.ine.gob.bo/index.php/s/EYgmd5rxCF8fKnA/download,False
2025-12-09 10:10:06-04:00,"BOLIVIA: INMIGRANTES INTERNACIONALES POR PAÍS DE NACIMIENTO, SEGÚN DEPARTAMENTO, PROVINCIA, MUNICIPIO O TERRITORIO INDÍGENA ORIGINARIO CAMPESINO (TIOC), SEXO Y GRUPO DE EDAD, CENSOS 2012 Y 2024",Migración Internacional,spreadsheet,651.77,https://nimbus.ine.gob.bo/index.php/s/FLf3HwTGb3g85xb/download,False
2025-12-09 10:10:26-04:00,"BOLIVIA: VIVIENDAS PARTICULARES OCUPADAS CON PERSONAS PRESENTES Y DECLARACIÓN DE EMIGRANTES, SEGÚN DEPARTAMENTO, PROVINCIA, MUNICIPIO O TERRITORIO INDÍGENA ORIGINARIO CAMPESINO (TIOC) Y ÁREA, CENSOS 2012 Y 2024",Emigración Internacional,spreadsheet,188.12,https://nimbus.ine.gob.bo/index.php/s/9mN8pqreXj5ZdR2/download,False
2025-12-09 10:10:52-04:00,"BOLIVIA: PERSONAS FALLECIDAS DECLARADAS POR GESTIÓN Y SEXO, SEGÚN DEPARTAMENTO, PROVINCIA, MUNICIPIO O TERRITORIO INDÍGENA ORIGINARIO CAMPESINO (TIOC), ÁREA Y GRUPO DE EDAD, CENSO 2024 (1)",Mortalidad,spreadsheet,1212.74,https://nimbus.ine.gob.bo/index.php/s/6KQtHb7qS7poeqd/download,False
2025-12-09 10:11:04-04:00,"BOLIVIA: PERSONAS FALLECIDAS DE COVID-19 DECLARADAS POR GESTIÓN Y SEXO, SEGÚN DEPARTAMENTO, PROVINCIA, MUNICIPIO O TERRITORIO INDÍGENA ORIGINARIO CAMPESINO (TIOC), ÁREA Y GRUPO DE EDAD, CENSO 2024(1)",Mortalidad,spreadsheet,925.91,https://nimbus.ine.gob.bo/index.php/s/EZB7GbcYdxowjY7/download,False
2025-12-09 10:12:07-04:00,"BOLIVIA: POBLACIÓN POR SEXO Y DISTRIBUCIÓN PORCENTUAL POR ÁREA, SEGÚN DEPARTAMENTO, PROVINCIA Y MUNICIPIO O TERRITORIO INDÍGENA ORIGINARIO CAMPESINO (TIOC), CENSOS 2001, 2012 Y 2024",Población,spreadsheet,235.72,https://nimbus.ine.gob.bo/index.php/s/EgN8PPYD8Y4Rdig/download,False
2025-12-09 10:12:19-04:00,"BOLIVIA: POBLACIÓN POR SEXO E ÍNDICE DE MASCULINIDAD, SEGÚN DEPARTAMENTO, PROVINCIA, MUNICIPIO O TERRITORIO INDÍGENA ORIGINARIO CAMPESINO (TIOC) Y ÁREA, CENSOS 2001, 2012 Y 2024",Población,spreadsheet,197.88,https://nimbus.ine.gob.bo/index.php/s/7DNxEDM5sWRDWrG/download,False
2025-12-09 10:12:26-04:00,"BOLIVIA: ÍNDICE DE SOBREENVEJECIMIENTO POR SEXO, SEGÚN DEPARTAMENTO, PROVINCIA, MUNICIPIO O TERRITORIO INDÍGENA ORIGINARIO CAMPESINO (TIOC) Y ÁREA, CENSOS 2001, 2012 Y 2024",Población,spreadsheet,197.53,https://nimbus.ine.gob.bo/index.php/s/9gLCsrLrsmfQ6B9/download,False
2025-12-09 10:12:28-04:00,"BOLIVIA: ÍNDICE DE ANCIANIDAD POR SEXO, SEGÚN DEPARTAMENTO, PROVINCIA Y MUNICIPIO O TERRITORIO INDÍGENA ORIGINARIO CAMPESINO (TIOC) Y ÁREA, CENSOS 2001, 2012 Y 2024",Población,spreadsheet,208.95,https://nimbus.ine.gob.bo/index.php/s/6NPbytDeJYctNLX/download,False
2025-12-09 10:12:30-04:00,GLOSARIO Y FICHA TÉCNICA,Población,spreadsheet,41.73,https://nimbus.ine.gob.bo/index.php/s/AGzNGk7PW4SLXsw/download,False
2025-12-15 15:50:12-04:00,GLOSARIO Y FICHA TÉCNICA,Pobreza y Desigualdad,spreadsheet,43.74,https://nimbus.ine.gob.bo/index.php/s/D8jbPkzkifHbQBd/download,False
2025-12-16 15:02:09-04:00,BOLETÍN ESTADÍSTICO PRECIOS INTERNACIONALES NOVIEMBRE DE 2025,Precios Internacionales,pdf,1938.08,https://nimbus.ine.gob.bo/index.php/s/8ykMQ8DJnLE3oLD/download,True
2025-12-17 09:57:16-04:00,"SERVICIO DE PROVISIÓN DE PASAJES AÉREOS PARA EL INSTITUTO NACIONAL DE ESTADÍSTICA – (GESTIÓN 2026)” , Primera Convocatoria – Segunda Publicación",Convocatorias de Bienes y Servicios,pdf,1206.56,https://nube.ine.gob.bo/index.php/s/DOiAG397cpSBu8Z/download,True
2025-12-18 16:26:25-04:00,"BOLIVIA: POBLACIÓN DE NIÑAS, NIÑOS Y ADOLESCENTES DE 12 A 17 AÑOS Y PORCENTAJE QUE COMPLETARON AL MENOS 6 AÑOS DE ESCOLARIDAD POR CATEGORÍAS SELECCIONADAS E ÍNDICES DE PARIDAD, SEGÚN DEPARTAMENTO, PROVINCIA, MUNICIPIO O TERRITORIO INDÍGENA ORIGINARIO CAMPESINO (TIOC) Y ÁREA, CENSOS 2012 Y 2024",Censos,spreadsheet,732.1,https://nimbus.ine.gob.bo/index.php/s/48tDmRnCCi8ponq/download,False
2025-12-18 16:26:25-04:00,"BOLIVIA: POBLACIÓN OCUPADA DE 14 O MÁS AÑOS DE EDAD Y PORCENTAJE DE POBLACIÓN OCUPADA EN ACTIVIDADES ECONÓMICAS RELACIONADAS CON EL TURISMO POR CATEGORÍAS SELECCIONADAS, SEGÚN DEPARTAMENTO, PROVINCIA, MUNICIPIO O TERRITORIO INDÍGENA ORIGINARIO CAMPESINO (TIOC) Y ÁREA, CENSOS 2012 Y 2024",Censos,spreadsheet,681.98,https://nimbus.ine.gob.bo/index.php/s/6tCo8mX7gHmyHgw/download,False
2025-12-18 16:26:25-04:00,"BOLIVIA: POBLACIÓN EN VIVIENDAS PARTICULARES Y PORCENTAJE DE POBLACIÓN QUE UTILIZA COMBUSTIBLE LIMPIO PARA COCINAR(1) POR CATEGORIAS SELECCIONADAS, SEGÚN DEPARTAMENTO, PROVINCIA, MUNICIPIO O TERRITORIO INDÍGENA ORIGINARIO CAMPESINO (TIOC) Y ÁREA, CENSOS 2012 Y 2024",Censos,spreadsheet,755.42,https://nimbus.ine.gob.bo/index.php/s/Aqjx2tiX9wY5Aoc/download,False
2025-12-18 16:26:25-04:00,"BOLIVIA: POBLACIÓN Y COBERTURA DE SALUD POR CATEGORÍAS SELECCIONADAS, SEGÚN DEPARTAMENTO, PROVINCIA, MUNICIPIO O TERRITORIO INDÍGENA ORIGINARIO CAMPESINO (TIOC) Y ÁREA, CENSO 2024",Censos,spreadsheet,542.7,https://nimbus.ine.gob.bo/index.php/s/B8S37XM25QjG5FX/download,False
2025-12-18 16:26:26-04:00,"BOLIVIA: NIÑAS Y NIÑOS MENORES DE 5 AÑOS Y PORCENTAJE DE INSCRIPCIÓN DE SU NACIMIENTO EN EL REGISTRO CIVIL POR CATEGORÍAS SELECCIONADAS, SEGÚN DEPARTAMENTO, PROVINCIA, MUNICIPIO O TERRITORIO INDÍGENA ORIGINARIO CAMPESINO (TIOC) Y ÁREA, CENSOS 2012 Y 2024",Censos,spreadsheet,711.98,https://nimbus.ine.gob.bo/index.php/s/2bt4NoGcQ8Y3kSE/download,False
2025-12-18 16:26:26-04:00,GLOSARIO Y FICHA TÉCNICA,Censos,spreadsheet,262.83,https://nimbus.ine.gob.bo/index.php/s/DNSDgqzraniH5ey/download,False
2025-12-30 17:17:14-04:00,BOLETÍN ESTADÍSTICO COMEX NOVIEMBRE 2025,Saldo Comercial,pdf,2069.44,https://nimbus.ine.gob.bo/index.php/s/3X2GYEoMExinDY6/download,True
2026-01-06 11:20:34-04:00,Reporte 2025,Información estadística,spreadsheet,210.36,https://nube.ine.gob.bo/index.php/s/nGS6745RKoCLDvU/download,True
2026-01-09 17:14:24-04:00,PROGRAMA ANUAL DE CONTRATACIONES PAC 2026,Convocatorias de Bienes y Servicios,pdf,804.76,https://nube.ine.gob.bo/index.php/s/qxYMajKVbZPDIhX/download,True
2026-01-19 13:35:41-04:00,(Bajo el siguiente formato),Atención al usuario,word,12.19,https://nube.ine.gob.bo/index.php/s/DeewPyzhqdOtXVj/download,False
2026-01-29 16:33:22-04:00,Descarga el documento 9.27 MB,BOLETINES-LAST-2025,pdf,9273.98,https://nube.ine.gob.bo/index.php/s/LS7laEWImqkWCuQ/download,True
2026-01-30 09:41:48-04:00,Descarga el documento 53.1 MB,BOLETINES-LAST-2025,pdf,54418.07,https://nube.ine.gob.bo/index.php/s/KcRjxacL2TEhm91/download,True
2026-01-30 10:10:51-04:00,EXPORTACIONES RITEX 2025p,Exportaciones,spreadsheet,39.16,https://nube.ine.gob.bo/index.php/s/tISdAze6VxbaKe8/download,True
2026-02-03 08:05:46-04:00,Documento metodológico Indicadores de producción y ventas de la industria manufacturera,Información Técnica,pdf,1844.34,https://nube.ine.gob.bo/index.php/s/l6a7FqNdTOOzFw3/download,True
2026-02-05 11:01:21-04:00,Cuestionario v9,Información técnica,pdf,941.38,https://nube.ine.gob.bo/index.php/s/zwoSE1Epe7ntwOl/download,True
2026-02-05 17:38:56-04:00,"Bolivia – Producción de Minerales del Sector de la Minería Mediana por Tipo de Mineral según Año y Mes, 1990 – 2025",Minería,spreadsheet,305.48,https://nube.ine.gob.bo/index.php/s/LfBDSio4vzYagch/download,True
2026-02-06 15:16:49-04:00,Bolivia – Longitud de Caminos según Red y Rodadura 2000 – 2024,Longitud de Caminos,spreadsheet,187.46,https://nube.ine.gob.bo/index.php/s/wgeKhjEWYPwYpA3/download,True
2026-02-06 15:17:29-04:00,Bolivia – Longitud de Caminos según departamento y Rodadura 2000 – 2024,Longitud de Caminos,spreadsheet,329.29,https://nube.ine.gob.bo/index.php/s/kkxKVTgxWySZp71/download,True
2026-02-06 15:18:50-04:00,Chuquisaca – Longitud de Caminos según Red y Rodadura 2000 – 2024,Longitud de Caminos,spreadsheet,189.6,https://nube.ine.gob.bo/index.php/s/fyfXMoNOgncZZQh/download,True
2026-02-06 15:19:37-04:00,Ficha Técnica – Indicadores derivados,Ficha Técnica,pdf,1294.64,https://nube.ine.gob.bo/index.php/s/J6aA1HIMgLLUyPS/download,True
2026-02-06 15:22:15-04:00,La Paz – Longitud de Caminos según Red y Rodadura 2000 – 2024,Longitud de Caminos,spreadsheet,189.5,https://nube.ine.gob.bo/index.php/s/zGP7YHbmS0Qia4I/download,True
2026-02-06 15:23:50-04:00,Cochabamba – Longitud de Caminos según Red y Rodadura 2000 – 2024,Longitud de Caminos,spreadsheet,189.31,https://nube.ine.gob.bo/index.php/s/6w3sqkyaZ1hMTUi/download,True
2026-02-06 15:24:13-04:00,Oruro – Longitud de Caminos según Red y Rodadura 2000 – 2024,Longitud de Caminos,spreadsheet,188.94,https://nube.ine.gob.bo/index.php/s/edUARNYaA4Wk9tU/download,True
2026-02-06 15:24:36-04:00,Potosí – Longitud de Caminos según Red y Rodadura 2000 – 2024,Longitud de Caminos,spreadsheet,189.35,https://nube.ine.gob.bo/index.php/s/dJPmNIy8pwRJZPd/download,True
2026-02-06 15:24:57-04:00,Ficha Técnica – Índices de exportaciones,Ficha Técnica,pdf,1121.37,https://nube.ine.gob.bo/index.php/s/pTHNLFDyRmjeFmg/download,True
2026-02-06 15:25:06-04:00,Tarija – Longitud de Caminos según Red y Rodadura 2000 – 2024,Longitud de Caminos,spreadsheet,189.33,https://nube.ine.gob.bo/index.php/s/6zVFnIFXRgtdCY0/download,True
2026-02-06 15:25:27-04:00,Santa Cruz – Longitud de Caminos según Red y Rodadura 2000 – 2024,Longitud de Caminos,spreadsheet,189.68,https://nube.ine.gob.bo/index.php/s/154MypcF9sggWit/download,True
2026-02-06 15:25:46-04:00,Beni – Longitud de Caminos según Red y Rodadura 2000 – 2024,Longitud de Caminos,spreadsheet,188.8,https://nube.ine.gob.bo/index.php/s/wYE2eU9lAllOrGc/download,True
2026-02-06 15:26:19-04:00,Pando – Longitud de Caminos según Red y Rodadura 2000 – 2024,Longitud de Caminos,spreadsheet,188.15,https://nube.ine.gob.bo/index.php/s/MfvfXiE3ogNK1ec/download,True
2026-02-06 15:27:00-04:00,Bolivia – Longitud de Caminos según departamento y Red 2000 – 2024,Longitud de Caminos,spreadsheet,224.27,https://nube.ine.gob.bo/index.php/s/6LJuA7a7zc9Xla4/download,True
2026-02-06 15:29:12-04:00,Ficha Técnica – Índices de términos de Intercambio,Ficha Técnica,pdf,1263.63,https://nube.ine.gob.bo/index.php/s/Ep6dzSKQqrAQycX/download,True
2026-02-06 15:30:06-04:00,Ficha Técnica – Índices de importaciones,Ficha Técnica,pdf,1121.81,https://nube.ine.gob.bo/index.php/s/kV9IHyvmwv9eb8P/download,True
2026-02-06 15:32:12-04:00,Nota Metodológica,Nota Metodológica,pdf,666.94,https://nube.ine.gob.bo/index.php/s/hAKJ0aFe9Igg8Ua/download,True
2026-02-06 15:54:50-04:00,"Bolivia: Número de micro y pequeñas Unidades Económicas, según actividad económica, 2007, 2010 y 2018",Mypes,spreadsheet,77.46,https://nube.ine.gob.bo/index.php/s/NrN6Lx0aznnvukl/download,True
2026-02-06 15:55:26-04:00,"Bolivia: Personal ocupado en las Micro y Pequeñas Unidades Económicas por sexo según actividad económicas, 2007, 2010 y 2018",Mypes,spreadsheet,78.33,https://nube.ine.gob.bo/index.php/s/3DnwMFuR56rydot/download,True
2026-02-06 15:55:49-04:00,"Bolivia: VBP, CI y VA de las Micro y Pequeñas Unidades Económicas por Actividad, 2007, 2010 y 2018",Mypes,spreadsheet,77.59,https://nube.ine.gob.bo/index.php/s/YtFvVoe7o9mf18O/download,True
2026-02-06 15:59:27-04:00,"BOLIVIA – CONSUMO INTERMEDIO, 2010, 2012, 2017",Estadísticas Estructurales,spreadsheet,79.06,https://nube.ine.gob.bo/index.php/s/oSZt0IernpqNZd7/download,True
2026-02-06 15:59:56-04:00,"BOLIVIA – NÚMERO DE EMPRESAS, 2010, 2012, 2017",Estadísticas Estructurales,spreadsheet,78.92,https://nube.ine.gob.bo/index.php/s/pkhlfsfnE4SxIKv/download,True
2026-02-06 16:00:29-04:00,"BOLIVIA – NÚMERO DE PERSONAL OCUPADO, 2010, 2012, 2017",Estadísticas Estructurales,spreadsheet,78.81,https://nube.ine.gob.bo/index.php/s/btxcCe9p7V73op1/download,True
2026-02-06 16:00:55-04:00,"BOLIVIA – VALOR AGREGADO, 2010, 2012, 2017",Estadísticas Estructurales,spreadsheet,79.49,https://nube.ine.gob.bo/index.php/s/HsPxRsx6idIbVIf/download,True
2026-02-06 16:01:30-04:00,"BOLIVIA – VALOR BRUTO DE PRODUCCIÓN, 2010, 2012, 2017",Estadísticas Estructurales,spreadsheet,79.79,https://nube.ine.gob.bo/index.php/s/irCdDZ5RSuwxESI/download,True
2026-02-06 16:05:15-04:00,"Bolivia – Índice de volumen físico de la Industria Manufacturera, 1990 – 2019",Estadísticas Coyunturales,excel,107.0,https://nube.ine.gob.bo/index.php/s/wonbtDIhs4yKGp2/download,True
2026-02-06 16:05:50-04:00,"Bolivia – Índice de volumen de ventas de la Industria Manufacturera, 1990 – 2019",Estadísticas Coyunturales,excel,107.0,https://nube.ine.gob.bo/index.php/s/mz7t2mfF0UVQcGu/download,True
2026-02-06 16:07:15-04:00,"BOLIVIA – SALARIO MÍNIMO NACIONAL, 1991 – 2026",Salario Mínimo Nacional,spreadsheet,77.36,https://nube.ine.gob.bo/index.php/s/kwlMSanGQMEGLfx/download,False
2026-02-06 16:15:29-04:00,"Bolivia – Indice de Salario Medio Real del Sector Privado por Grupo Ocupacional, 1996 – 2023","Salarios, Remuneraciones y Empleo de los Asalariados en el Sector Privado",spreadsheet,1763.69,https://nube.ine.gob.bo/index.php/s/0cEO0V2goQJrzKR/download,True
2026-02-06 16:15:58-04:00,"Bolivia – Indice de Salario Medio Nominal del Sector Privado segun Actividad Economica, 1996 – 2023","Salarios, Remuneraciones y Empleo de los Asalariados en el Sector Privado",spreadsheet,299.89,https://nube.ine.gob.bo/index.php/s/gQ4SKVOPwC5MYqi/download,True
2026-02-06 16:16:21-04:00,"Bolivia – Indice de Salario Medio Nominal del Sector Privado por Grupo Ocupacional, 1996 – 2023","Salarios, Remuneraciones y Empleo de los Asalariados en el Sector Privado",spreadsheet,2859.79,https://nube.ine.gob.bo/index.php/s/0cmGQNTrbSWRVxt/download,True
2026-02-06 16:17:03-04:00,"Bolivia – Indice de Remuneracion Media Real del Sector Privado segun Actividad Economica, 1996 – 2023","Salarios, Remuneraciones y Empleo de los Asalariados en el Sector Privado",spreadsheet,235.68,https://nube.ine.gob.bo/index.php/s/eiQGsLgZsgkK88c/download,True
2026-02-06 16:17:27-04:00,"Bolivia – Indice de Remuneracion Media Real del Sector Privado por Grupo Ocupacional, 1996 – 2023","Salarios, Remuneraciones y Empleo de los Asalariados en el Sector Privado",spreadsheet,2874.74,https://nube.ine.gob.bo/index.php/s/KhkCw0yVwBEiGno/download,True
2026-02-06 16:17:56-04:00,"Bolivia – Indice de Remuneracion Media Nominal del Sector Privado segun Actividad Economica, 1996 – 2023","Salarios, Remuneraciones y Empleo de los Asalariados en el Sector Privado",spreadsheet,237.98,https://nube.ine.gob.bo/index.php/s/ksIl07sabfC1FEY/download,True
2026-02-06 16:18:20-04:00,"Bolivia – Indice de Remuneracion Media Nominal del Sector Privado por Grupo Ocupacional, 1996 – 2023","Salarios, Remuneraciones y Empleo de los Asalariados en el Sector Privado",spreadsheet,2874.71,https://nube.ine.gob.bo/index.php/s/bsFMrIj8EmMUuPR/download,True
2026-02-06 16:18:51-04:00,"Bolivia – Indice de Empleo del Sector Privado segun Actividad Economica, 1996 – 2023","Salarios, Remuneraciones y Empleo de los Asalariados en el Sector Privado",spreadsheet,237.19,https://nube.ine.gob.bo/index.php/s/FIWVVljuZY8VNqQ/download,True
2026-02-06 16:19:10-04:00,"Bolivia – Indice de Empleo del Sector Privado por Grupo Ocupacional, 1996 – 2023","Salarios, Remuneraciones y Empleo de los Asalariados en el Sector Privado",spreadsheet,1729.64,https://nube.ine.gob.bo/index.php/s/PtZ5soLC1otiWYv/download,True
2026-02-06 16:19:32-04:00,"Bolivia – Indice de Salario Medio Real del Sector Privado segun Actividad Economica, 1996 – 2023","Salarios, Remuneraciones y Empleo de los Asalariados en el Sector Privado",spreadsheet,235.21,https://nube.ine.gob.bo/index.php/s/xDCwJHOEVU2wUeT/download,True
2026-02-06 16:20:12-04:00,"Bolivia – Remuneracion Media Real por Genero del Sector Privado por Grupo Ocupacional, 2004 – 2023","Salarios, Remuneraciones y Empleo de los Asalariados en el Sector Privado",spreadsheet,1935.47,https://nube.ine.gob.bo/index.php/s/ufWDKywmanzUdqm/download,True
2026-02-06 16:20:34-04:00,"Bolivia – Remuneracion Media Real del Sector Privado segun Actividad Economica, 1996 – 2023","Salarios, Remuneraciones y Empleo de los Asalariados en el Sector Privado",spreadsheet,235.6,https://nube.ine.gob.bo/index.php/s/r6l2WwnheVR2BrD/download,True
2026-02-06 16:20:48-04:00,"Bolivia – Remuneracion Media Nominal por Genero del Sector Privado segun Actividad Economica, 2004 – 2023","Salarios, Remuneraciones y Empleo de los Asalariados en el Sector Privado",spreadsheet,151.7,https://nube.ine.gob.bo/index.php/s/YehEgsib9aqGSGX/download,True
2026-02-06 16:21:09-04:00,"Bolivia – Remuneracion Media Real del Sector Privado por Grupo Ocupacional, 1996 – 2023","Salarios, Remuneraciones y Empleo de los Asalariados en el Sector Privado",spreadsheet,2791.69,https://nube.ine.gob.bo/index.php/s/7k8v9vbwB1fD9mE/download,True
2026-02-06 16:21:25-04:00,"Bolivia – Remuneracion Media Nominal por Genero del Sector Privado por Grupo Ocupacional, 2004 – 2023","Salarios, Remuneraciones y Empleo de los Asalariados en el Sector Privado",spreadsheet,1846.16,https://nube.ine.gob.bo/index.php/s/PBkfEzHQuc3a5tk/download,True
2026-02-06 16:21:54-04:00,"Bolivia – Remuneracion Media Nominal del Sector Privado segun Actividad Economica, 1996 – 2023","Salarios, Remuneraciones y Empleo de los Asalariados en el Sector Privado",spreadsheet,233.25,https://nube.ine.gob.bo/index.php/s/XrRYLX5LgjnkuQd/download,True
2026-02-06 16:22:17-04:00,"Bolivia – Remuneracion Media Nominal del Sector Privado por Grupo Ocupacional, 1996 – 2023","Salarios, Remuneraciones y Empleo de los Asalariados en el Sector Privado",spreadsheet,2792.13,https://nube.ine.gob.bo/index.php/s/iZz2dwn8QpEm47z/download,True
2026-02-06 16:22:34-04:00,"Bolivia – Remuneracion Media Real por Genero del Sector Privado segun Actividad Economica, 2004 – 2023","Salarios, Remuneraciones y Empleo de los Asalariados en el Sector Privado",spreadsheet,150.39,https://nube.ine.gob.bo/index.php/s/2z3eoDsC8Q7zmp1/download,True
2026-02-06 16:23:07-04:00,"Bolivia – Salario Medio Real por Genero del Sector Privado por Grupo Ocupacional, 2004 – 2023","Salarios, Remuneraciones y Empleo de los Asalariados en el Sector Privado",spreadsheet,1934.38,https://nube.ine.gob.bo/index.php/s/e7khhohclQ4kMua/download,True
2026-02-06 16:23:22-04:00,Bolivia – Concentración de Dióxido de Nitrógeno 2014 – 2024,Clima y Atmósfera,spreadsheet,80.09,https://nube.ine.gob.bo/index.php/s/rDsS6buijPZxTlg/download,False
2026-02-06 16:23:28-04:00,"Bolivia – Salario Medio Real del Sector Privado segun Actividad Economica, 1996 – 2023","Salarios, Remuneraciones y Empleo de los Asalariados en el Sector Privado",spreadsheet,236.72,https://nube.ine.gob.bo/index.php/s/Zw0HBiJ61moLE4h/download,True
2026-02-06 16:23:39-04:00,Bolivia – Concentración de Ozono en el Aire 2014 – 2024,Clima y Atmósfera,spreadsheet,80.61,https://nube.ine.gob.bo/index.php/s/pOXGxigOX2Qle9D/download,False
2026-02-06 16:23:46-04:00,"Bolivia – Salario Medio Real del Sector Privado por Grupo Ocupacional, 1996 – 2023","Salarios, Remuneraciones y Empleo de los Asalariados en el Sector Privado",spreadsheet,2872.77,https://nube.ine.gob.bo/index.php/s/qxeHv0bVgOnPwDq/download,True
2026-02-06 16:24:05-04:00,"Bolivia – Salario Medio Nominal por Genero del Sector Privado segun Grupo Ocupacional, 2004 – 2023","Salarios, Remuneraciones y Empleo de los Asalariados en el Sector Privado",spreadsheet,1934.62,https://nube.ine.gob.bo/index.php/s/p2c3vwQftaXqyKr/download,True
2026-02-06 16:24:25-04:00,"Bolivia – Salario Medio Nominal por Genero del Sector Privado segun Actividad Economica, 2004 – 2023","Salarios, Remuneraciones y Empleo de los Asalariados en el Sector Privado",spreadsheet,151.1,https://nube.ine.gob.bo/index.php/s/eBwWFRaVcVYJfAf/download,True
2026-02-06 16:24:28-04:00,Bolivia – Días con helada 2005 – 2024,Clima y Atmósfera,spreadsheet,79.6,https://nube.ine.gob.bo/index.php/s/4ZW5LcyxHgV9OoA/download,False
2026-02-06 16:24:43-04:00,Bolivia – Días con Precipitación 2005 – 2024,Clima y Atmósfera,spreadsheet,81.35,https://nube.ine.gob.bo/index.php/s/EmerMgppOnf029f/download,False
2026-02-06 16:24:47-04:00,"Bolivia – Salario Medio Nominal del Sector Privado segun Actividad Economica, 1996 – 2023","Salarios, Remuneraciones y Empleo de los Asalariados en el Sector Privado",spreadsheet,236.51,https://nube.ine.gob.bo/index.php/s/IS4F3p0A3pynX8c/download,True
2026-02-06 16:24:59-04:00,Bolivia – Dirección prevalente y velocidad media del viento 2022,Clima y Atmósfera,spreadsheet,79.54,https://nube.ine.gob.bo/index.php/s/khbSYkbuAmzk86K/download,False
2026-02-06 16:25:07-04:00,"Bolivia – Salario Medio Nominal del Sector Privado por Grupo Ocupacional, 1996 – 2023","Salarios, Remuneraciones y Empleo de los Asalariados en el Sector Privado",spreadsheet,2849.08,https://nube.ine.gob.bo/index.php/s/7QNGChZRzw8mXRV/download,True
2026-02-06 16:25:29-04:00,"Bolivia – Salario Medio Real por Genero del Sector Privado segun Actividad Economica, 2004 – 2023","Salarios, Remuneraciones y Empleo de los Asalariados en el Sector Privado",spreadsheet,150.39,https://nube.ine.gob.bo/index.php/s/8DIVhpxtBzZGwJD/download,True
2026-02-06 16:25:30-04:00,Bolivia – Precipitación Acumulada 2005 – 2024,Clima y Atmósfera,spreadsheet,266.09,https://nube.ine.gob.bo/index.php/s/ymlnkibDlnEoCGt/download,False
2026-02-06 16:26:48-04:00,Bolivia – Temperatura Media 2005 – 2024,Clima y Atmósfera,spreadsheet,84.9,https://nube.ine.gob.bo/index.php/s/4m0QBx59qTmQwao/download,False
2026-02-06 16:29:14-04:00,"Bolivia – Indice de Salario Medio Real del Sector Público por Grupo Ocupacional, 1996 – 2023","Salarios, Remuneraciones y Empleo Sector Público",spreadsheet,122.44,https://nube.ine.gob.bo/index.php/s/nkib3loKikol9CZ/download,True
2026-02-06 16:29:27-04:00,"Bolivia – Indice de Salario Medio Nominal del Sector Público según Grupo Institucional, 1996 – 2023","Salarios, Remuneraciones y Empleo Sector Público",spreadsheet,146.31,https://nube.ine.gob.bo/index.php/s/3Snvnwx3W3q9DAl/download,True
2026-02-06 16:29:40-04:00,"Bolivia – Indice de Salario Medio Nominal del Sector Público por Grupo Ocupacional, 1996 – 2023","Salarios, Remuneraciones y Empleo Sector Público",spreadsheet,121.14,https://nube.ine.gob.bo/index.php/s/SaHtrYbzDmwFUUU/download,True
2026-02-06 16:29:52-04:00,"Bolivia – Indice de Remuneracion Media Real del Sector Publico según Grupo Institucional, 1996 – 2023","Salarios, Remuneraciones y Empleo Sector Público",spreadsheet,150.05,https://nube.ine.gob.bo/index.php/s/qNhqZuaIIEt6RXK/download,True
2026-02-06 16:30:03-04:00,"Bolivia – Indice de Remuneracion Media Real del Sector Publico por Grupo Ocupacional, 1996 – 2023","Salarios, Remuneraciones y Empleo Sector Público",spreadsheet,121.31,https://nube.ine.gob.bo/index.php/s/l2fTiYFUM8CRZEp/download,True
2026-02-06 16:30:20-04:00,"Bolivia – Indice de Remuneracion Media Nominal del Sector Publico según Grupo Institucional, 1996 – 2023","Salarios, Remuneraciones y Empleo Sector Público",spreadsheet,150.09,https://nube.ine.gob.bo/index.php/s/AkoNWPfUSfna61p/download,True
2026-02-06 16:30:37-04:00,"Bolivia – Indice de Remuneracion Media Nominal del Sector Publico por Grupo Ocupacional, 1996 – 2023","Salarios, Remuneraciones y Empleo Sector Público",spreadsheet,122.6,https://nube.ine.gob.bo/index.php/s/jW8RV9Gm1ATcd99/download,True
2026-02-06 16:30:50-04:00,"Bolivia – Indice de Empleo del Sector Publico según Grupo Institucional, 1996 – 2023","Salarios, Remuneraciones y Empleo Sector Público",spreadsheet,149.35,https://nube.ine.gob.bo/index.php/s/04w5SPLJyoHFJEo/download,True
2026-02-06 16:31:02-04:00,"Bolivia – Indice de Empleo del Sector Publico por Grupo Ocupacional, 1996 – 2023","Salarios, Remuneraciones y Empleo Sector Público",spreadsheet,195.74,https://nube.ine.gob.bo/index.php/s/FNFRZQ1UWjKGoaM/download,True
2026-02-06 16:31:15-04:00,"Bolivia – Indice de Salario Medio Real del Sector Público según Grupo Institucional, 1996 – 2023","Salarios, Remuneraciones y Empleo Sector Público",spreadsheet,147.38,https://nube.ine.gob.bo/index.php/s/Okm4klA9sfkZsuU/download,True
2026-02-06 16:31:34-04:00,"Bolivia – Salario Medio Real del Sector Público por Grupo Ocupacional, 1996 – 2023","Salarios, Remuneraciones y Empleo Sector Público",spreadsheet,88.59,https://nube.ine.gob.bo/index.php/s/ey5696U2m9JebpJ/download,True
2026-02-06 16:31:41-04:00,"Bolivia – Salario Medio Nominal del Sector Público según Grupo Institucional, 1996 – 2023","Salarios, Remuneraciones y Empleo Sector Público",spreadsheet,97.11,https://nube.ine.gob.bo/index.php/s/jGVB8ORa7Fv8oGq/download,True
2026-02-06 16:31:49-04:00,"Bolivia – Salario Medio Nominal del Sector Público por Grupo Ocupacional, 1996 – 2023","Salarios, Remuneraciones y Empleo Sector Público",spreadsheet,87.77,https://nube.ine.gob.bo/index.php/s/rkvCxFww4j2zhxX/download,True
2026-02-06 16:31:58-04:00,"Bolivia – Remuneracion Media Real del Sector Publico según Grupo Institucional, 1996 – 2023","Salarios, Remuneraciones y Empleo Sector Público",spreadsheet,99.69,https://nube.ine.gob.bo/index.php/s/WMg70RmUqw3M6uW/download,True
2026-02-06 16:32:04-04:00,"Bolivia – Remuneracion Media Real del Sector Publico por Grupo Ocupacional, 1996 – 2023","Salarios, Remuneraciones y Empleo Sector Público",spreadsheet,88.93,https://nube.ine.gob.bo/index.php/s/IE7znteZaTUrxyy/download,True
2026-02-06 16:32:10-04:00,"Bolivia – Remuneracion Media Nominal del Sector Publico según Grupo Institucional, 1996 – 2023","Salarios, Remuneraciones y Empleo Sector Público",spreadsheet,97.7,https://nube.ine.gob.bo/index.php/s/9zGYNS4QbfYU8sy/download,True
2026-02-06 16:32:19-04:00,"Bolivia – Remuneracion Media Nominal del Sector Publico por Grupo Ocupacional, 1996 – 2023","Salarios, Remuneraciones y Empleo Sector Público",spreadsheet,88.62,https://nube.ine.gob.bo/index.php/s/2DAbIXdWEm1pU81/download,True
2026-02-06 16:32:26-04:00,"Bolivia – Salario Medio Real del Sector Público según Grupo Institucional, 1996 – 2023","Salarios, Remuneraciones y Empleo Sector Público",spreadsheet,98.5,https://nube.ine.gob.bo/index.php/s/l2gHvrnN2iZGbkF/download,True
2026-02-06 16:44:52-04:00,Bolivia – Principales Características de áreas protegidas 2024,Tierra y Suelo,spreadsheet,79.28,https://nube.ine.gob.bo/index.php/s/Tt1lWlmgALX8LYl/download,True
2026-02-06 16:47:42-04:00,"BOLIVIA – VOLUMEN DE MADERA EXTRAÍDA, SEGÚN ESPECIE 2006 – 2024",Recursos Forestales,spreadsheet,86.73,https://nube.ine.gob.bo/index.php/s/iZJy9Xtlgi3k1Rq/download,True
2026-02-06 16:47:42-04:00,"BOLIVIA – VOLUMEN DE MADERA EXTRAÍDA, SEGÚN DEPARTAMENTO 2006 – 2024",Recursos Forestales,spreadsheet,80.01,https://nube.ine.gob.bo/index.php/s/ryFE2wNT2L7dv96/download,True
2026-02-06 16:47:42-04:00,BOLIVIA – NO MADERABLES EXTRAÍDOS 2006 – 2024,Recursos Forestales,spreadsheet,80.52,https://nube.ine.gob.bo/index.php/s/zfsjOe4rg6hIJLc/download,True
2026-02-06 16:53:06-04:00,"BOLIVIA – ESTUDIOS DE IMPACTO AMBIENTAL, SEGÚN SECTOR 2006 – 2024",Registros Ambientales,spreadsheet,77.54,https://nube.ine.gob.bo/index.php/s/TGyYyeEDoa9Coum/download,True
2026-02-06 16:53:23-04:00,"BOLIVIA – FORMULARIO DE NIVEL DE CATEGORIZACIÓN AMBIENTAL, SEGÚN SECTOR 2019 – 2024",Registros Ambientales,spreadsheet,77.18,https://nube.ine.gob.bo/index.php/s/NEZupPtoUk5UVvi/download,True
2026-02-06 16:53:37-04:00,"BOLIVIA – FORMULARIO DE NIVEL DE CATEGORIZACIÓN AMBIENTAL, SEGÚN DEPARTAMENTO 2019 – 2024",Registros Ambientales,spreadsheet,77.56,https://nube.ine.gob.bo/index.php/s/n3yez2Ok2V0mGOa/download,True
2026-02-06 16:54:04-04:00,"BOLIVIA – PROGRAMAS DE PREVENCIÓN Y MITIGACIÓN, SEGÚN SECTOR 2006 – 2024",Registros Ambientales,spreadsheet,78.98,https://nube.ine.gob.bo/index.php/s/gwA5VxMBn2ORRU4/download,True
2026-02-06 16:54:15-04:00,"BOLIVIA – MANIFIESTOS AMBIENTALES, SEGÚN DEPARTAMENTO 2006 – 2024",Registros Ambientales,spreadsheet,77.81,https://nube.ine.gob.bo/index.php/s/K2kRImapl3zE7yN/download,True
2026-02-06 16:54:27-04:00,"BOLIVIA – MANIFIESTOS AMBIENTALES, SEGÚN SECTOR 2006 – 2024",Registros Ambientales,spreadsheet,78.79,https://nube.ine.gob.bo/index.php/s/1A7DQ3dLLlQoSuf/download,True
2026-02-06 17:03:02-04:00,BOLIVIA NÚMERO DE CONEXIONES DE AGUA POTABLE POR CATEGORÍA 2017 – 2024,Servicios Básicos,spreadsheet,77.45,https://nube.ine.gob.bo/index.php/s/wzqg2gbGxrlF94p/download,True
2026-02-06 17:03:14-04:00,BOLIVIA NÚMERO DE USUARIOS DE ENERGIA ELÉCTRICA POR CATEGORÍA 2017 – 2024,Servicios Básicos,spreadsheet,77.76,https://nube.ine.gob.bo/index.php/s/66mPctnHNMGeH9C/download,True
2026-02-06 17:03:27-04:00,BOLIVIA NÚMERO DE USUARIOS DE GAS NATURAL POR RED POR CATEGORÍA 2017 – 2024,Servicios Básicos,spreadsheet,76.64,https://nube.ine.gob.bo/index.php/s/M42Oku7IgLWU5BU/download,True
2026-02-06 17:09:03-04:00,"Bolivia – Estadía Medía Gasto Medio Diario y gasto Medio de Viaje por Turismo Interno, 2019",Estadísticas de Turismo Interno – Encuesta de Hogares 2019,spreadsheet,146.82,https://nube.ine.gob.bo/index.php/s/EYm4lyQUzKgf1cX/download,False
2026-02-06 17:09:27-04:00,"Bolivia – Estructura del Gasto por Turismo Interno, 2019",Estadísticas de Turismo Interno – Encuesta de Hogares 2019,spreadsheet,77.45,https://nube.ine.gob.bo/index.php/s/dgcp76xp6VohA2N/download,False
2026-02-06 17:09:58-04:00,"Bolivia – Motivo Principal de Viaje, por Turismo Interno, 2019",Estadísticas de Turismo Interno – Encuesta de Hogares 2019,spreadsheet,145.53,https://nube.ine.gob.bo/index.php/s/19lLzQBRhBtDh3F/download,False
2026-02-06 17:10:42-04:00,"Bolivia – Motivos por Viajes Personales por Turismo Interno, 2019",Estadísticas de Turismo Interno – Encuesta de Hogares 2019,spreadsheet,145.91,https://nube.ine.gob.bo/index.php/s/bJ0cXi3rybXZiMh/download,False
2026-02-06 17:11:08-04:00,"Bolivia – Número de Viajes de los Visitantes por Turismo Interno, 2019",Estadísticas de Turismo Interno – Encuesta de Hogares 2019,spreadsheet,145.83,https://nube.ine.gob.bo/index.php/s/H6WHNHTUR1s1FmF/download,False
2026-02-06 17:11:58-04:00,"Bolivia – Principal Establecimiento de Hospedaje por Turismo Interno, 2019",Estadísticas de Turismo Interno – Encuesta de Hogares 2019,spreadsheet,146.12,https://nube.ine.gob.bo/index.php/s/u2GmCBQVOKs50sM/download,False
2026-02-06 17:12:16-04:00,"Bolivia – Principal Medio de Transporte por Turismo Interno, 2019",Estadísticas de Turismo Interno – Encuesta de Hogares 2019,spreadsheet,77.45,https://nube.ine.gob.bo/index.php/s/cJi06brZJ6PpFRs/download,False
2026-02-06 17:12:39-04:00,"Bolivia – Viajes de Departamento de Origen a Destino de Visitantes por Turismo Interno, 2019",Estadísticas de Turismo Interno – Encuesta de Hogares 2019,spreadsheet,78.01,https://nube.ine.gob.bo/index.php/s/NDxXUMcwa72I9vW/download,False
2026-02-06 17:13:10-04:00,"Bolivia – Visitantes que Realizarón Viajes por Turismo Interno, 2019",Estadísticas de Turismo Interno – Encuesta de Hogares 2019,spreadsheet,146.02,https://nube.ine.gob.bo/index.php/s/F0AIPA6IoXpJm1i/download,False
2026-02-06 17:30:34-04:00,"Bolivia – Principal Departamento de Destino y Residencia por Turismo Interno, 2019",Estadísticas de Turismo Interno – Encuesta de Hogares 2019,spreadsheet,145.53,https://nube.ine.gob.bo/index.php/s/ZevGmBIBzqxkWcY/download,False
2026-02-06 17:47:44-04:00,Bolivia – Consumo y Potencial Agotador del Ozono 2006 – 2024,Clima y Atmósfera,spreadsheet,79.21,https://nube.ine.gob.bo/index.php/s/BekmGR6c1TYCY0I/download,False
2026-02-06 17:47:44-04:00,Bolivia – Consumo de sustancias agotadoras de la capa de ozono 2006 – 2024,Clima y Atmósfera,spreadsheet,77.18,https://nube.ine.gob.bo/index.php/s/fBaC51r7XKUuMmj/download,False
2026-02-06 17:47:45-04:00,Bolivia – Humedad Relativa 2005 – 2022,Clima y Atmósfera,spreadsheet,83.64,https://nube.ine.gob.bo/index.php/s/9cGiTfB4owSFaCw/download,False
2026-02-06 17:47:46-04:00,Bolivia – Temperatura Máxima 2005 – 2024,Clima y Atmósfera,spreadsheet,85.6,https://nube.ine.gob.bo/index.php/s/aY8fO143gOMJD9x/download,False
2026-02-06 17:47:47-04:00,Bolivia – Temperatura Máxima Absoluta 2005 – 2024,Clima y Atmósfera,spreadsheet,82.73,https://nube.ine.gob.bo/index.php/s/8i5X2wgjBsRWHxS/download,False
2026-02-06 17:47:47-04:00,Bolivia – Temperatura Mínima Absoluta 2005 – 2024,Clima y Atmósfera,spreadsheet,82.81,https://nube.ine.gob.bo/index.php/s/bitI1lc1HTlr61x/download,False
2026-02-06 17:47:47-04:00,Bolivia – Temperatura Mínima 2005 – 2024,Clima y Atmósfera,spreadsheet,85.4,https://nube.ine.gob.bo/index.php/s/n7JcuHNhSDcznQd/download,False
2026-02-06 17:48:00-04:00,"Bolivia – Reservas privadas de Patrimonio Natural, según departamento, 2002 – 2024",Tierra y Suelo,spreadsheet,76.61,https://nube.ine.gob.bo/index.php/s/ErNhvQO9QO9OCPj/download,True
2026-02-06 17:48:01-04:00,"Bolivia – Superficie Autorizada Forestal en POAF, Departamento 1998-2024",Tierra y Suelo,spreadsheet,81.56,https://nube.ine.gob.bo/index.php/s/CTz4V5MlRXPvxb3/download,True
2026-02-06 17:48:01-04:00,"Bolivia – Superficie Autorizada para Desmonte, Departamento 2001-2024",Tierra y Suelo,spreadsheet,80.65,https://nube.ine.gob.bo/index.php/s/g5HzfJy48UuMm53/download,True
2026-02-06 17:48:02-04:00,"Bolivia – Superficie Bajo Plan General de Manejo Forestal Aprobado, Departamento 2001-2024",Tierra y Suelo,spreadsheet,79.86,https://nube.ine.gob.bo/index.php/s/0AtSNXKhmCOn80M/download,True
2026-02-06 17:48:02-04:00,"Bolivia – Superficie Bajo Plan General de Manejo Forestal Aprobado, Tipo de Usuario 2001-2024",Tierra y Suelo,spreadsheet,78.86,https://nube.ine.gob.bo/index.php/s/IDuoqgrhpTH76BQ/download,True
2026-02-06 17:48:02-04:00,"Bolivia – Superficie Autorizada para Desmonte, Tipo de Usuario 2001-2024",Tierra y Suelo,spreadsheet,79.02,https://nube.ine.gob.bo/index.php/s/maWNGQqKkXnNAW1/download,True
2026-02-06 17:48:03-04:00,"Bolivia – Superficie Autorizada Forestal en POAF, Tipo de Usuario 1998-2024",Tierra y Suelo,spreadsheet,79.21,https://nube.ine.gob.bo/index.php/s/muhi6UF8PVUN79z/download,True
2026-02-06 17:48:36-04:00,"BOLIVIA – ESTUDIOS DE IMPACTO AMBIENTAL, SEGÚN DEPARTAMENTO 2006 – 2024",Registros Ambientales,spreadsheet,79.34,https://nube.ine.gob.bo/index.php/s/bEbSzVb5I2doO0q/download,True
2026-02-06 17:48:37-04:00,"BOLIVIA – PROGRAMAS DE PREVENCIÓN Y MITIGACIÓN, SEGÚN DEPARTAMENTO 2006 – 2024",Registros Ambientales,spreadsheet,77.81,https://nube.ine.gob.bo/index.php/s/8vFU1uxlH2LFnFL/download,True
2026-02-06 17:48:38-04:00,"Bolivia – Licencias Ambientales, según departamento 2006 – 2024",Registros Ambientales,spreadsheet,77.82,https://nube.ine.gob.bo/index.php/s/NFUJqflwK5My6Qx/download,True
2026-02-06 17:48:38-04:00,"Bolivia – Licencias Ambientales, según sector 2006 – 2024",Registros Ambientales,spreadsheet,78.19,https://nube.ine.gob.bo/index.php/s/zBwGIvlT2IY6dnv/download,True
2026-02-07 01:46:10-04:00,"BOLIVIA: NÚMERO DE PARTIDAS DE MATRIMONIO REGISTRADOS POR AÑO DE REGISTRO, SEGÚN DEPARTAMENTO, ESTADO CIVIL PREVIO AL MATRIMONIO Y SEXO, 2010-2024",Población y Hechos Vitales,spreadsheet,91.74,https://nube.ine.gob.bo/index.php/s/3lzkXu2Pc0iz9Zs/download,False
2026-02-07 01:46:10-04:00,"BOLIVIA: NÚMERO DE UNIONES LIBRES POR AÑO DE REGISTRO, SEGÚN DEPARTAMENTO DE REGISTRO, 2016-2024",Población y Hechos Vitales,spreadsheet,79.51,https://nube.ine.gob.bo/index.php/s/4EkcUzBSWS6UHed/download,False
2026-02-07 01:46:10-04:00,"BOLIVIA: NÚMERO DE DEFUNCIONES DE MENORES DE UN AÑO, POR AÑO, SEGÚN DEPARTAMENTO DE REGISTRO Y SEXO DEL FALLECIDO, 2010-2024",Población y Hechos Vitales,spreadsheet,82.45,https://nube.ine.gob.bo/index.php/s/Dgh73ZSfppPG5t0/download,False
2026-02-07 01:46:10-04:00,"BOLIVIA: NÚMERO DE PARTIDAS DE NACIMIENTO POR AÑO DE REGISTRO, SEGÚN DEPARTAMENTO DE REGISTRO Y ESTADO CIVIL DEL PADRE, 2010-2024",Población y Hechos Vitales,spreadsheet,87.22,https://nube.ine.gob.bo/index.php/s/EA19m29HqjZPcii/download,False
2026-02-07 01:46:10-04:00,"BOLIVIA: NÚMERO DE DEFUNCIONES POR AÑO DE REGISTRO, SEGÚN DEPARTAMENTO DE REGISTRO Y SEXO DEL FALLECIDO, 2010-2024",Población y Hechos Vitales,spreadsheet,83.6,https://nube.ine.gob.bo/index.php/s/Iz5cdXxKItKhsP3/download,False
2026-02-07 01:46:10-04:00,"BOLIVIA: NÚMERO DE PARTIDAS DE MATRIMONIO REGISTRADOS POR AÑO, SEGÚN DEPARTAMENTO, GRUPO DE EDAD Y SEXO DE LOS CONTRAYENTES, 2010-2024",Población y Hechos Vitales,spreadsheet,124.54,https://nube.ine.gob.bo/index.php/s/Lm8ctTFxrnMeyER/download,False
2026-02-07 01:46:10-04:00,"BOLIVIA: NÚMERO DE PARTIDAS DE NACIMIENTO, POR AÑO DE REGISTRO, SEGÚN DEPARTAMENTO DE REGISTRO Y SEXO, 2010-2024",Población y Hechos Vitales,spreadsheet,83.0,https://nube.ine.gob.bo/index.php/s/O3dIChXeEIUBKsw/download,False
2026-02-07 01:46:10-04:00,"BOLIVIA: NÚMERO DE PARTIDAS DE MATRIMONIO REGISTRADOS POR AÑO DE REGISTRO, SEGÚN DEPARTAMENTO, 2010-2024",Población y Hechos Vitales,spreadsheet,79.9,https://nube.ine.gob.bo/index.php/s/VcTQeR0MM7iXO5u/download,False
2026-02-07 01:46:10-04:00,"BOLIVIA: NÚMERO DE PARTIDAS DE NACIMIENTO DE MENORES DE UN AÑO, POR AÑO DE REGISTRO, SEGÚN DEPARTAMENTO DE REGISTRO Y SEXO, 2010-2024",Población y Hechos Vitales,spreadsheet,84.79,https://nube.ine.gob.bo/index.php/s/fps0vBJBd7R0c34/download,False
2026-02-07 01:46:10-04:00,"BOLIVIA: NÚMERO DE DEFUNCIONES POR AÑO DE REGISTRO, SEGÚN DEPARTAMENTO Y GRUPO DE EDAD DEL FALLECIDO, 2010-2024",Población y Hechos Vitales,spreadsheet,87.59,https://nube.ine.gob.bo/index.php/s/hMObaQHfcaqyxRV/download,False
2026-02-07 01:46:10-04:00,"BOLIVIA: NÚMERO DE PARTIDAS DE NACIMIENTOS INSCRITOS, POR AÑO DE REGISTRO, SEGÚN DEPARTAMENTO Y GRUPO DE EDAD, 2010-2024",Población y Hechos Vitales,spreadsheet,86.66,https://nube.ine.gob.bo/index.php/s/ihkMCPZLT4fYisG/download,False
2026-02-07 01:46:10-04:00,"BOLIVIA: NÚMERO DE PARTIDAS DE NACIMIENTO POR AÑO DE REGISTRO, SEGÚN DEPARTAMENTO DE REGISTRO Y ESTADO CIVIL DE LA MADRE, 2010-2024",Población y Hechos Vitales,spreadsheet,87.93,https://nube.ine.gob.bo/index.php/s/rsEff8uqemAflsg/download,False
2026-02-07 01:46:10-04:00,"BOLIVIA: NÚMERO DE DIVORCIOS POR AÑO DE REGISTRO, SEGÚN DEPARTAMENTO DE REGISTRO Y CATEGORÍA DEL DIVORCIO, 2010-2024",Población y Hechos Vitales,spreadsheet,83.14,https://nube.ine.gob.bo/index.php/s/yzf5Fm3m22LmF2F/download,False
2026-02-07 01:46:56-04:00,"BOLIVIA: MUJERES DE 15 A 49 AÑOS NO EMBARAZADAS Y QUE NO TUVIERON UN NACIMIENTO EN LOS ÚLTIMOS 2 MESES ANTES DE LA ENCUESTA POR PROMEDIO DE LA TALLA, PORCENTAJE CON TALLA MENOR DE 145 CM, PROMEDIO DEL ÍNDICE DE MASA CORPORAL (IMC) Y PORCENTAJE CON NIVELES ESPECÍFICOS DE IMC, SEGÚN ÁREA Y DEPARTAMENTO, 2003, 2008 Y 2023",Encuesta de Demografía y Salud,spreadsheet,90.92,https://nube.ine.gob.bo/index.php/s/1zVgaDnbnM4DgQ7/download,True
2026-02-07 01:46:56-04:00,"BOLIVIA: MUJERES ENTREVISTADAS DE 15 A 49 AÑOS, POR TIPO DE MÉTODO DE ANTICONCEPCIÓN USADO ACTUALMENTE, 2003, 2008 Y 2023",Encuesta de Demografía y Salud,spreadsheet,85.78,https://nube.ine.gob.bo/index.php/s/70teaM7gvZv7g4w/download,True
2026-02-07 01:46:56-04:00,"BOLIVIA: NIÑAS Y NIÑOS DE 6 A 59 MESES, POR TIPO DE ANEMIA, SEGÚN ÁREA Y DEPARTAMENTO, 2003, 2008 Y 2023",Encuesta de Demografía y Salud,spreadsheet,88.46,https://nube.ine.gob.bo/index.php/s/Da2ZgSHRUHmd9cn/download,True
2026-02-07 01:46:56-04:00,"BOLIVIA: MUJERES, POR PERSONA QUE PROPORCIONÓ EL CUIDADO PRENATAL PARA EL ÚLTIMO NACIMIENTO, SEGÚN ÁREA Y DEPARTAMENTO, 2003, 2008 Y 2023",Encuesta de Demografía y Salud,spreadsheet,91.35,https://nube.ine.gob.bo/index.php/s/DoZd64DI9qeBP3J/download,True
2026-02-07 01:46:56-04:00,"BOLIVIA: NIÑOS Y NIÑAS MENORES DE CINCO AÑOS CON MALNUTRICIÓN, SEGÚN TRES ÍNDICES ANTROPOMÉTRICOS: TALLA PARA LA EDAD; PESO PARA LA TALLA Y PESO PARA LA EDAD, SEGÚN ÁREA Y DEPARTAMENTO, 2008 Y 2023",Encuesta de Demografía y Salud,spreadsheet,90.29,https://nube.ine.gob.bo/index.php/s/HC21vq3sF0DZim1/download,True
2026-02-07 01:46:56-04:00,"BOLIVIA: MUJERES DE 15 A 49 AÑOS, POR TIPO DE ANEMIA, SEGÚN ÁREA Y DEPARTAMENTO, 2003, 2008 Y 2023",Encuesta de Demografía y Salud,spreadsheet,88.74,https://nube.ine.gob.bo/index.php/s/ZCor40rRDOJyVFT/download,True
2026-02-07 01:46:56-04:00,"BOLIVIA: TASA GLOBAL DE FECUNDIDAD, SEGÚN ÁREA Y DEPARTAMENTO, 1994, 1998, 2003, 2008 Y 2023",Encuesta de Demografía y Salud,spreadsheet,86.03,https://nube.ine.gob.bo/index.php/s/tXaTJM8geaZhUSf/download,True
2026-02-07 01:46:56-04:00,"BOLIVIA: NIÑAS Y NIÑOS NACIDOS EN LOS ÚLTIMOS CINCO AÑOS ANTERIORES A LA ENCUESTA QUE RECIBIERON LACTANCIA MATERNA ALGUNA VEZ, LOS(AS) QUE EMPEZARON A LACTAR DENTRO DE LA HORA SIGUIENTE AL NACIMIENTO, DURANTE EL PRIMER DÍA DE NACIDO Y LOS(AS) QUE RECIBIERON ALIMENTOS ANTES DE INICIAR LA LACTANCIA, SEGÚN ÁREA Y DEPARTAMENTO, 2003, 2008 Y 2023",Encuesta de Demografía y Salud,spreadsheet,89.18,https://nube.ine.gob.bo/index.php/s/wnb4scqBUWT71GS/download,True
2026-02-07 01:46:56-04:00,"BOLIVIA: MUJERES ACTUALMENTE EN UNIÓN QUE CONOCEN ALGÚN MÉTODO Y QUE CONOCEN POR LO MENOS UN MÉTODO MODERNO, SEGÚN ÁREA Y DEPARTAMENTO, 2003, 2008 Y 2023",Encuesta de Demografía y Salud,spreadsheet,87.41,https://nube.ine.gob.bo/index.php/s/xlJMOjbvr3AA4LU/download,True
2026-02-07 01:46:56-04:00,"BOLIVIA: MORTALIDAD NEONATAL, POST-NEONATAL, INFANTIL, POST-INFANTIL Y EN LA NIÑEZ, POR ÁREA Y DEPARTAMENTO, 1989 – 2023",Encuesta de Demografía y Salud,spreadsheet,88.22,https://nube.ine.gob.bo/index.php/s/xo0uyg6RwvcnTBJ/download,True
2026-02-07 01:47:16-04:00,"BOLIVIA: CAMAS, SEGÚN DEPARTAMENTO Y TIPO DE ESTABLECIMIENTO, 2005 – 2024",Registros Administrativos,spreadsheet,95.32,https://nube.ine.gob.bo/index.php/s/0se5HbKk0x1qTMs/download,True
2026-02-07 01:47:16-04:00,"BOLIVIA: ATENCIÓN DE PARTO Y POSTPARTO, SEGÚN DEPARTAMENTO, 1997 – 2024",Registros Administrativos,spreadsheet,101.04,https://nube.ine.gob.bo/index.php/s/3FzYnxkcUJVnOfD/download,True
2026-02-07 01:47:16-04:00,"BOLIVIA: HABITANTES POR ESTABLECIMIENTOS DE SALUD, SEGÚN DEPARTAMENTO, 1997 – 2024",Registros Administrativos,spreadsheet,99.18,https://nube.ine.gob.bo/index.php/s/4Z0losEefYSoBhz/download,True
2026-02-07 01:47:16-04:00,"BOLIVIA: CONSULTA EXTERNA DE LA POBLACIÓN DE 5 AÑOS O MÁS DE EDAD, SEGÚN DEPARTAMENTO Y TIPO DE CONSULTA, 1997 – 2024",Registros Administrativos,spreadsheet,96.56,https://nube.ine.gob.bo/index.php/s/6QjPP3qcdCks0xN/download,True
2026-02-07 01:47:16-04:00,"BOLIVIA: CANTIDAD DE DOSIS ÚNICA DE VITAMINA “A” APLICADA A MUJERES EN POST PARTO, SEGÚN DEPARTAMENTO, 1997 – 2024",Registros Administrativos,spreadsheet,87.15,https://nube.ine.gob.bo/index.php/s/F4rv3clQiQwJSQo/download,True
2026-02-07 01:47:16-04:00,"BOLIVIA: ESTABLECIMIENTOS DE SALUD, SEGÚN DEPARTAMENTO Y TIPO DE ESTABLECIMIENTO, 1997 – 2024",Registros Administrativos,spreadsheet,99.67,https://nube.ine.gob.bo/index.php/s/KIXBafmyFJta8Wv/download,True
2026-02-07 01:47:16-04:00,"BOLIVIA: DOSIS DE VACUNAS APLICADAS EN MENORES DE 1 AÑO, SEGÚN DEPARTAMENTO Y TIPO DE VACUNA, 2005 – 2024",Registros Administrativos,spreadsheet,111.8,https://nube.ine.gob.bo/index.php/s/Pbu9HS5N6p6kxEJ/download,True
2026-02-07 01:47:16-04:00,"BOLIVIA: APLICACIONES DE VACUNA ANTISARAMPION A NIÑOS Y NIÑAS DE 1 AÑO, SEGÚN DEPARTAMENTO Y NÚMERO DE DOSIS, 2005 – 2024",Registros Administrativos,spreadsheet,88.82,https://nube.ine.gob.bo/index.php/s/QKQhwG0vFf9OrUJ/download,True
2026-02-07 01:47:16-04:00,"BOLIVIA: ESTUDIOS CITOLÓGICOS VAGINALES (PAP) EN MUJERES EN EDAD FÉRTIL, SEGÚN DEPARTAMENTO, 1997 – 2024",Registros Administrativos,spreadsheet,107.21,https://nube.ine.gob.bo/index.php/s/ZlKcYLsExWyqU75/download,True
2026-02-07 01:47:16-04:00,"BOLIVIA: COBERTURAS DE CONTROL PRENATAL, SEGÚN DEPARTAMENTO Y TIPO DE CONTROL PRENATAL, 1997 – 2024",Registros Administrativos,spreadsheet,104.26,https://nube.ine.gob.bo/index.php/s/gIbeEAelmjalq89/download,True
2026-02-07 01:47:16-04:00,"BOLIVIA: NACIMIENTOS CON BAJO PESO Y PORCENTAJE DE BAJO PESO AL NACER, SEGÚN DEPARTAMENTO, 1997 – 2024",Registros Administrativos,spreadsheet,93.83,https://nube.ine.gob.bo/index.php/s/i7iEhTnf3G2LIOm/download,True
2026-02-07 01:47:16-04:00,"BOLIVIA: CAMAS HOSPITALARIAS Y HABITANTES POR CAMAS HOSPITALARIAS, SEGÚN DEPARTAMENTO, 2005 – 2024",Registros Administrativos,spreadsheet,92.09,https://nube.ine.gob.bo/index.php/s/nNipKBnJYLNx5Zs/download,True
2026-02-07 01:47:16-04:00,"BOLIVIA: DOSIS DE VITAMINA “A” APLICADAS A NIÑOS Y NIÑAS DE 1 A 4 AÑOS, SEGÚN DEPARTAMENTO Y NÚMERO DE DOSIS, 1997 – 2024",Registros Administrativos,spreadsheet,93.61,https://nube.ine.gob.bo/index.php/s/sWZtqL6x0uoB492/download,True
2026-02-07 01:47:16-04:00,"BOLIVIA: CONSULTA EXTERNA EN LA POBLACIÓN MENOR DE 5 AÑOS, SEGÚN DEPARTAMENTO Y TIPO DE CONSULTA, 1997 – 2024",Registros Administrativos,spreadsheet,97.0,https://nube.ine.gob.bo/index.php/s/tLSjJoHWAiC6PCa/download,True
2026-02-07 01:47:16-04:00,"BOLIVIA: CONTROL DE CRECIMIENTO A NIÑOS MENORES DE 5 AÑOS, NUEVO Y REPETIDO, SEGÚN DEPARTAMENTO,  2007 – 2024",Registros Administrativos,spreadsheet,94.71,https://nube.ine.gob.bo/index.php/s/uCKn596ClI2pXGo/download,True
2026-02-07 01:47:16-04:00,"BOLIVIA: VITAMINA “A” APLICADA A MENORES DE 5 AÑOS, SEGÚN DEPARTAMENTO, GRUPO DE EDAD Y NÚMERO DE DOSIS, 2005 – 2024",Registros Administrativos,spreadsheet,94.15,https://nube.ine.gob.bo/index.php/s/ujIcSvNgvksr62J/download,True
2026-02-07 01:47:36-04:00,"BOLIVIA: POBLACIÓN PROTEGIDA EN LA SEGURIDAD SOCIAL A CORTO PLAZO, SEGÚN SITUACIÓN DE SEGURO, 1997 – 2016",Registros Administrativos,spreadsheet,90.52,https://nube.ine.gob.bo/index.php/s/0ifbJJeNa4QP1R1/download,True
2026-02-07 01:47:36-04:00,"BOLIVIA: CASOS E IMPORTES PAGADOS POR PENSIONES DE INVALIDEZ Y MUERTE DE RIESGO COMÚN DEL SEGURO SOCIAL OBLIGATORIO, SEGÚN DEPARTAMENTO, 1998 – 2015, 2018 – 2022",Registros Administrativos,spreadsheet,103.02,https://nube.ine.gob.bo/index.php/s/A54UiXZ8kMDnm0v/download,True
2026-02-07 01:47:36-04:00,"BOLIVIA: PENSIÓN PROMEDIO DE JUBILACIÓN EN EL SSO(1) POR MODALIDAD Y SEXO, SEGÚN DEPARTAMENTO, 2003 – 2023",Registros Administrativos,spreadsheet,127.51,https://nube.ine.gob.bo/index.php/s/H4fsM0QtVHKA4CT/download,True
2026-02-07 01:47:36-04:00,"BOLIVIA: PENSIONES DE JUBILACIÓN DEL SEGURO SOCIAL OBLIGATORIO POR SEXO Y MODALIDAD DE PENSIÓN, SEGÚN DEPARTAMENTO, 2003 – 2023",Registros Administrativos,spreadsheet,120.01,https://nube.ine.gob.bo/index.php/s/M9tAuYzhm1HYxR1/download,True
2026-02-07 01:47:36-04:00,"BOLIVIA: AFILIADOS A LAS ADMINISTRADORAS DE FONDOS DE PENSIONES POR DEPARTAMENTO, SEGÚN SECTOR, 1998 – 2023",Registros Administrativos,spreadsheet,93.67,https://nube.ine.gob.bo/index.php/s/RHLA447RKA3gWAs/download,True
2026-02-07 01:47:36-04:00,"BOLIVIA: CONSULTAS EXTERNAS MÉDICAS Y ODONTOLÓGICAS EN LA SEGURIDAD SOCIAL A CORTO PLAZO, POR TIPO DE CONSULTA, SEGÚN DEPARTAMENTO, 1999 – 2022",Registros Administrativos,spreadsheet,104.59,https://nube.ine.gob.bo/index.php/s/VloYPwEU6Cm8BAO/download,True
2026-02-07 01:47:36-04:00,"BOLIVIA: CASOS E IMPORTE CANCELADO POR PENSIONES DE INVALIDEZ, MUERTE Y PAGOS GLOBALES DE RIESGO PROFESIONAL DEL SEGURO SOCIAL OBLIGATORIO, SEGÚN DEPARTAMENTO, 1998 – 2015, 2018 – 2022",Registros Administrativos,spreadsheet,102.38,https://nube.ine.gob.bo/index.php/s/Xtcq64Z9VoDnFNO/download,True
2026-02-07 01:47:36-04:00,"BOLIVIA: AFILIADOS REGISTRADOS EN EL SEGURO SOCIAL OBLIGATORIO POR SEXO, SEGÚN GRUPO DE EDAD, 2003 – 2023",Registros Administrativos,spreadsheet,92.75,https://nube.ine.gob.bo/index.php/s/YGuIGunhYNH8vLb/download,True
2026-02-07 01:47:36-04:00,"BOLIVIA: COTIZANTES ACTIVOS A LA SEGURIDAD SOCIAL A CORTO PLAZO, SEGÚN DEPARTAMENTO, 1999 – 2022",Registros Administrativos,spreadsheet,86.91,https://nube.ine.gob.bo/index.php/s/a6efaGMUYgjOkgM/download,True
2026-02-07 01:47:36-04:00,"BOLIVIA: POBLACIÓN PROTEGIDA EN EL SEGURO SOCIAL DE CORTO PLAZO, POR SEXO, SEGÚN GRUPO DE EDAD, 1998 – 2016",Registros Administrativos,spreadsheet,99.89,https://nube.ine.gob.bo/index.php/s/hdAMqcSPbqLPGpF/download,True
2026-02-07 01:47:36-04:00,"BOLIVIA: RECURSOS HUMANOS EN LA SEGURIDAD SOCIAL A CORTO PLAZO, SEGÚN DEPARTAMENTO, 1998 – 2022",Registros Administrativos,spreadsheet,101.99,https://nube.ine.gob.bo/index.php/s/phLiqgrH0mYNjp4/download,True
2026-02-07 01:47:36-04:00,"BOLIVIA: BENEFICIARIOS DE LA RENTA DIGNIDAD POR TIPO, SEGÚN DEPARTAMENTO, 2008 – 2023",Registros Administrativos,spreadsheet,90.77,https://nube.ine.gob.bo/index.php/s/tgNcG5H13rOfPFo/download,True
2026-02-07 01:47:36-04:00,"BOLIVIA: PARTOS Y NACIMIENTOS ATENDIDOS EN LA SEGURIDAD SOCIAL A CORTO PLAZO, POR TIPO Y CONDICIÓN AL NACER, SEGÚN DEPARTAMENTO, 1999 – 2022",Registros Administrativos,spreadsheet,104.73,https://nube.ine.gob.bo/index.php/s/uDtOY2ecMkTanU8/download,True
2026-02-07 01:47:36-04:00,"BOLIVIA: COBERTURA DE LA SEGURIDAD SOCIAL A CORTO PLAZO, SEGÚN DEPARTAMENTO, 1998 – 2022",Registros Administrativos,spreadsheet,97.46,https://nube.ine.gob.bo/index.php/s/xASD5rBC0WW1GFV/download,True
2026-02-07 01:47:36-04:00,"BOLIVIA: EGRESOS HOSPITALARIOS EN LA SEGURIDAD SOCIAL A CORTO PLAZO, SEGÚN DEPARTAMENTO, ALTAS Y DEFUNCIONES, 1994 – 2022",Registros Administrativos,spreadsheet,92.93,https://nube.ine.gob.bo/index.php/s/ygUHpDZ2mrT2LMh/download,True
2026-02-07 01:47:36-04:00,"BOLIVIA: CASOS POR JUBILACIÓN EN EL SEGURO SOCIAL OBLIGATORIO POR SEXO Y MODALIDAD DE PENSIÓN, SEGÚN GRUPO DE EDAD, 2008 – 2023",Registros Administrativos,spreadsheet,102.63,https://nube.ine.gob.bo/index.php/s/zR8PYcgqNrcUDTl/download,True
2026-02-07 01:48:24-04:00,"BOLIVIA: LOCALES Y UNIDADES EDUCATIVAS EN LA EDUCACIÓN REGULAR, SEGÚN DEPARTAMENTO, 2011 – 2024",Educación Regular,spreadsheet,88.42,https://nube.ine.gob.bo/index.php/s/11XPQlf1OIInZqm/download,True
2026-02-07 01:48:24-04:00,"BOLIVIA: DOCENTES EN EJERCICIO EN LA EDUCACIÓN PÚBLICA, SEGÚN NIVEL DE EDUCACIÓN Y DEPARTAMENTO, 2012 – 2024",Educación Regular,spreadsheet,91.18,https://nube.ine.gob.bo/index.php/s/3MtwZHa7j4KCyo8/download,True
2026-02-07 01:48:24-04:00,"BOLIVIA: ALUMNOS TITULADOS EN LA UNIVERSIDAD PRIVADA, SEGÚN DEPARTAMENTO, 2007 – 2016",Universidades Privadas,spreadsheet,88.45,https://nube.ine.gob.bo/index.php/s/6fsdpjkGttEBwse/download,True
2026-02-07 01:48:24-04:00,"BOLIVIA: PERSONAL ADMINISTRATIVO DE UNIDADES EDUCATIVAS EN LA EDUCACIÓN PÚBLICA, SEGÚN CARGO Y DEPARTAMENTO, 2011 – 2024",Educación Regular,spreadsheet,92.03,https://nube.ine.gob.bo/index.php/s/BxpU6xlgtmyFhiJ/download,True
2026-02-07 01:48:24-04:00,"BOLIVIA: TASA DE ABANDONO EN LA EDUCACIÓN PÚBLICA Y PRIVADA POR SEXO, SEGÚN NIVEL EDUCATIVO, DEPARTAMENTO Y DEPENDENCIA, 2012- 2024",Educación Regular,spreadsheet,156.87,https://nube.ine.gob.bo/index.php/s/EQdD9FLrhXKPTJZ/download,True
2026-02-07 01:48:24-04:00,"BOLIVIA: RECURSOS FÍSICOS Y HUMANOS EN LA EDUCACIÓN REGULAR, SEGÚN DEPARTAMENTO, 2011 – 2024",Educación Regular,spreadsheet,95.32,https://nube.ine.gob.bo/index.php/s/H6GtYQt779wNJSk/download,True
2026-02-07 01:48:24-04:00,"BOLIVIA: POBLACIÓN MATRICULADA EN LA UNIVERSIDAD PÚBLICA, POR SEXO, SEGÚN TIPO DE MATRÍCULA Y DEPARTAMENTO, 2008 – 2023",Universidades Públicas,spreadsheet,100.1,https://nube.ine.gob.bo/index.php/s/J4f0wFCRCZQqpAw/download,False
2026-02-07 01:48:24-04:00,"BOLIVIA: TASA DE REPROBADOS EN LA EDUCACIÓN PÚBLICA Y PRIVADA POR SEXO, SEGÚN NIVEL EDUCATIVO, DEPARTAMENTO Y DEPENDENCIA, 2012 – 2024",Educación Regular,spreadsheet,139.91,https://nube.ine.gob.bo/index.php/s/NCJKLmSoeICaYYh/download,True
2026-02-07 01:48:24-04:00,"BOLIVIA: POBLACIÓN MATRICULADA EN LA EDUCACIÓN PÚBLICA Y PRIVADA, POR SEXO, SEGÚN NIVEL EDUCATIVO, DEPARTAMENTO Y DEPENDENCIA, 2011 – 2024",Educación Regular,spreadsheet,149.06,https://nube.ine.gob.bo/index.php/s/RYXY5KqRMX5ubmu/download,True
2026-02-07 01:48:24-04:00,"BOLIVIA: POBLACIÓN MATRICULADA EN LA UNIVERSIDAD PRIVADA, SEGÚN TIPO DE MATRÍCULA Y DEPARTAMENTO, 2007 – 2016",Universidades Privadas,spreadsheet,90.59,https://nube.ine.gob.bo/index.php/s/TVJEDR8OEWbRo9J/download,True
2026-02-07 01:48:24-04:00,"BOLIVIA: DIRECTORES EN LA EDUCACIÓN PÚBLICA, SEGÚN NIVEL DE EDUCACIÓN Y DEPARTAMENTO, 2011 – 2024",Educación Regular,spreadsheet,90.04,https://nube.ine.gob.bo/index.php/s/WaRhxnH2yd0hHWy/download,True
2026-02-07 01:48:24-04:00,"BOLIVIA: TASA DE PROMOVIDOS EN LA EDUCACIÓN PÚBLICA Y PRIVADA POR SEXO, SEGÚN NIVEL EDUCATIVO, DEPARTAMENTO Y DEPENDENCIA, 2012 – 2024",Educación Regular,spreadsheet,153.33,https://nube.ine.gob.bo/index.php/s/Y5tfs5YcUgWbgla/download,True
2026-02-07 01:48:24-04:00,"BOLIVIA: DOCENTES EN UNIVERSIDADES PRIVADAS POR SEXO, SEGÚN DEPARTAMENTO, 2007 – 2016",Universidades Privadas,spreadsheet,90.83,https://nube.ine.gob.bo/index.php/s/jW00JIguBBt5EJG/download,True
2026-02-07 01:48:24-04:00,"BOLIVIA: DOCENTES EN LA UNIVERSIDAD PÚBLICA, POR SEXO, SEGÚN DEPARTAMENTO, 2016 – 2024",Universidades Públicas,spreadsheet,89.53,https://nube.ine.gob.bo/index.php/s/mzuoS3eGGaFhXRw/download,False
2026-02-07 01:48:24-04:00,"BOLIVIA: ESTUDIANTES TITULADOS EN LA UNIVERSIDAD PÚBLICA, POR SEXO, SEGÚN DEPARTAMENTO, 2008 – 2023",Universidades Públicas,spreadsheet,92.82,https://nube.ine.gob.bo/index.php/s/tij6lGCrY3URZ9v/download,False
2026-02-07 01:48:24-04:00,"BOLIVIA: TASA DE EFECTIVOS EN LA EDUCACIÓN PÚBLICA Y PRIVADA POR SEXO, SEGÚN NIVEL EDUCATIVO, DEPARTAMENTO Y DEPENDENCIA, 2012 – 2024",Educación Regular,spreadsheet,154.3,https://nube.ine.gob.bo/index.php/s/zOC1n5DoM9ippYQ/download,True
2026-02-07 01:49:12-04:00,"BOLIVIA: HOGARES SEGÚN ÁREA Y DÉFICIT HABITACIONAL, 2012 – 2025",Encuesta de Hogares,spreadsheet,114.57,https://nube.ine.gob.bo/index.php/s/iqsAV8Ovih6oSG6/download,True
2026-02-07 01:49:56-04:00,"BOLIVIA: CARGOS EN GABINETES MINISTERIALES POR SEXO, SEGÚN PERIODO, 1993 – 2020",Participación Política,spreadsheet,77.88,https://nube.ine.gob.bo/index.php/s/1Hd09hhnpKMpthx/download,False
2026-02-07 01:49:56-04:00,"BOLIVIA: CARGOS DE SENADORAS(ES) Y DIPUTADAS(OS) POR SEXO, SEGÚN CÁMARA, CONDICIÓN DE TITULARIDAD Y DEPARTAMENTO, 2010 – 2020",Participación Política,excel,314.5,https://nube.ine.gob.bo/index.php/s/DGmhKTy6zgR2s0O/download,False
2026-02-07 01:49:56-04:00,"BOLIVIA: ADMINISTRADORES DE JUSTICIA ELECTOS POR SEXO, SEGÚN CONDICIÓN DE TITULARIDAD E INSTANCIA JUDICIAL, 2011 y 2017",Participación Política,spreadsheet,78.39,https://nube.ine.gob.bo/index.php/s/Dsw8K0Fp58ePxXu/download,False
2026-02-07 01:49:56-04:00,"BOLIVIA: PARTICIPACIÓN POLÍTICA POR SEXO, SEGÚN ÓRGANO DEL ESTADO, 2009 – 2021",Participación Política,spreadsheet,79.77,https://nube.ine.gob.bo/index.php/s/IjNEsJKsCPNJ9TD/download,False
2026-02-07 01:49:56-04:00,"BOLIVIA: POBLACIÓN EN EDAD DE VOTAR, POBLACIÓN HABILITADA Y TIPO DE PARTICIPACIÓN EN ELECCIONES PARA GOBERNADORES Y ALCALDES , SEGÚN AÑO DE ELECCIÓN Y DEPARTAMENTO, 2010 – 2021",Participación Política,spreadsheet,78.88,https://nube.ine.gob.bo/index.php/s/K0mNWEK6hi7bEr2/download,False
2026-02-07 01:49:56-04:00,"BOLIVIA: CARGOS A GOBERNADOR(A) ELECTO(A) POR SEXO, SEGÚN DEPARTAMENTO, ELECCIONES 2010 – 2021",Participación Política,excel,280.0,https://nube.ine.gob.bo/index.php/s/L5OCxnGAzLyDDOb/download,False
2026-02-07 01:49:56-04:00,"BOLIVIA: CARGOS DE SENADORAS(ES) Y DIPUTADAS(OS) POR SEXO, SEGÚN CÁMARA, CONDICIÓN DE TITULARIDAD Y AÑO DE ELECCIÓN GENERAL, 1985 –  2020",Participación Política,excel,326.0,https://nube.ine.gob.bo/index.php/s/OzMQeRUHaKNKO0T/download,False
2026-02-07 01:49:56-04:00,"BOLIVIA: CARGOS DE ALCALDE(SA) MUNICIPAL ELECTO(A) POR SEXO, SEGÚN DEPARTAMENTO, ELECCIONES 2010 – 2021",Participación Política,excel,280.0,https://nube.ine.gob.bo/index.php/s/ShXwiwvOr1BypgP/download,False
2026-02-07 01:49:56-04:00,"BOLIVIA: CONCEJALES (AS) ELECTOS(AS) DE GOBIERNOS MUNICIPALES POR SEXO, SEGÚN DEPARTAMENTO, ELECCIONES 2010 – 2021",Participación Política,spreadsheet,78.71,https://nube.ine.gob.bo/index.php/s/Vh5B093KABjPbAC/download,False
2026-02-07 01:49:56-04:00,"BOLIVIA: POBLACIÓN HABILITADA EN EL PADRÓN ELECTORAL POR SEXO Y GRUPO DE EDAD, SEGÚN DEPARTAMENTO, DICIEMBRE 2010 AL 2021",Participación Política,spreadsheet,84.26,https://nube.ine.gob.bo/index.php/s/aAus43Ua4yZGC3X/download,False
2026-02-07 01:49:56-04:00,"BOLIVIA: ASAMBLEÍSTAS ELECTAS(OS) EN GOBIERNOS DEPARTAMENTALES POR SEXO, SEGÚN CONDICIÓN DE TITULARIDAD Y DEPARTAMENTO, ELECCIONES 2010 Y 2021",Participación Política,spreadsheet,79.83,https://nube.ine.gob.bo/index.php/s/uSOkTlMxBl39s7e/download,False
2026-02-07 01:50:22-04:00,"BOLIVIA: DENUNCIAS DE VIOLENCIA CONTRA LAS MUJERES POR DEPARTAMENTO, SEGÚN GRUPO DE EDAD, 2015 – 2023",Registros Administrativos,spreadsheet,89.47,https://nube.ine.gob.bo/index.php/s/1Vj4UQPG1eslQZL/download,True
2026-02-07 01:50:22-04:00,"BOLIVIA: LICENCIAS DE CONDUCCIÓN VEHICULAR NUEVAS OTORGADAS, SEGÚN DEPARTAMENTO Y SEXO, 2009 -2024",Registros Administrativos,spreadsheet,190.36,https://nube.ine.gob.bo/index.php/s/2nknMIVVUmZ88t4/download,True
2026-02-07 01:50:22-04:00,"BOLIVIA: DENUNCIAS DE VIOLENCIA CONTRA LAS MUJERES, POR DEPARTAMENTO, SEGÚN ÁMBITO Y MEDIDA LEGAL ADOPTADA, 2015",Registros Administrativos,spreadsheet,85.31,https://nube.ine.gob.bo/index.php/s/3RcxbWthWfNj1J1/download,True
2026-02-07 01:50:22-04:00,"BOLIVIA: NÚMERO DE VEHÍCULOS Y AUTOPARTES ROBADOS, SEGÚN DEPARTAMENTO Y TIPO DE VEHÍCULO,  2008 – 2021",Registros Administrativos,spreadsheet,89.52,https://nube.ine.gob.bo/index.php/s/9dT3VOAnKDGD5ze/download,True
2026-02-07 01:50:22-04:00,"BOLIVIA: NÚMERO DE PERSONAS MUERTAS Y HERIDAS EN ACCIDENTES DE TRÁNSITO, SEGÚN DEPARTAMENTO, SITUACIÓN Y CONDICIÓN DE LA VÍCTIMA, 2008 – 2017",Registros Administrativos,spreadsheet,191.56,https://nube.ine.gob.bo/index.php/s/AuMqFZVjzhvcMRP/download,True
2026-02-07 01:50:22-04:00,"BOLIVIA: CASOS DE VIOLENCIA FÍSICA Y SEXUAL ATENDIDOS EN ESTABLECIMIENTOS DE SALUD, SEGÚN DEPARTAMENTO, SEXO Y EDAD, 2010-2024 (p)",Registros Administrativos,spreadsheet,88.19,https://nube.ine.gob.bo/index.php/s/BG2s7a3Yr0tDoWr/download,True
2026-02-07 01:50:22-04:00,"BOLIVIA: FEMINICIDIOS SEGÚN DEPARTAMENTO Y GRUPO DE EDAD, 2015-2022",Registros Administrativos,spreadsheet,81.17,https://nube.ine.gob.bo/index.php/s/DNFVkX0W5PTo3RP/download,True
2026-02-07 01:50:22-04:00,"BOLIVIA: POBLACIÓN INFANTIL QUE VIVE CON SUS PADRES EN LOS RECINTOS PENITENCIARIOS, SEGÚN DEPARTAMENTO Y SEXO, 2009 – 2024",Registros Administrativos,spreadsheet,82.25,https://nube.ine.gob.bo/index.php/s/IjEo4YDji12iMDL/download,True
2026-02-07 01:50:22-04:00,"BOLIVIA: NÚMERO DE PERSONAS DE 10 AÑOS Ó MÁS  EDAD APREHENDIDAS, SEGÚN SEXO Y ACTIVIDADES PENADAS POR LA LEY 1008, 2009 – 2015",Registros Administrativos,spreadsheet,77.89,https://nube.ine.gob.bo/index.php/s/PCG2LKUOrI25N3g/download,True
2026-02-07 01:50:22-04:00,"BOLIVIA: INFRACCIONES DE TRÁNSITO, SEGÚN DEPARTAMENTO Y TIPO DE FALTA, 2004 – 2024",Registros Administrativos,spreadsheet,178.7,https://nube.ine.gob.bo/index.php/s/RwnhR1YhPMnHe6p/download,True
2026-02-07 01:50:22-04:00,"BOLIVIA: NÚMERO DE PERSONAS MUERTAS Y HERIDAS EN ACCIDENTES DE TRÁNSITO, SEGÚN DEPARTAMENTO Y SITUACIÓN DE LA VÍCTIMA, 2008 – 2024",Registros Administrativos,spreadsheet,86.96,https://nube.ine.gob.bo/index.php/s/SLAnVx2MI5ouBTy/download,True
2026-02-07 01:50:22-04:00,"BOLIVIA: SITUACIÓN  JURÍDICA DE LA POBLACIÓN PENAL, SEGÚN DEPARTAMENTO, 2009 – 2024",Registros Administrativos,spreadsheet,215.92,https://nube.ine.gob.bo/index.php/s/YTCOH5s02AJpkAM/download,True
2026-02-07 01:50:22-04:00,"BOLIVIA: ACCIDENTES DE TRÁNSITO REGISTRADOS, SEGÚN DEPARTAMENTO Y CLASE DE ACCIDENTES, 2008 – 2024",Registros Administrativos,spreadsheet,85.6,https://nube.ine.gob.bo/index.php/s/aLyvM1fg5QMqfEj/download,True
2026-02-07 01:50:22-04:00,"BOLIVIA: CANTIDAD DE DROGA INCAUTADA, SEGÚN TIPO DE DROGA Y DEPARTAMENTO, 2009 – 2024",Registros Administrativos,spreadsheet,82.52,https://nube.ine.gob.bo/index.php/s/jE8pbOOebQpMrkt/download,True
2026-02-07 01:50:22-04:00,"BOLIVIA: POBLACIÓN PENAL(1), SEGÚN DEPARTAMENTO Y TIPO DE DELITO, 2009 – 2024",Registros Administrativos,spreadsheet,244.0,https://nube.ine.gob.bo/index.php/s/kgp8GROpaI4U668/download,True
2026-02-07 01:50:22-04:00,"BOLIVIA: CANTIDAD DE SUSTANCIA CONTROLADAS INCAUTADAS, SEGÚN TIPO DE SUSTANCIA Y DEPARTAMENTO, 2009 – 2024",Registros Administrativos,spreadsheet,81.27,https://nube.ine.gob.bo/index.php/s/nAORNGEhveWY82q/download,True
2026-02-07 01:50:22-04:00,"BOLIVIA: POBLACIÓN PENAL, SEGÚN DEPARTAMENTO Y GRUPOS ETÁREOS, 2006 – 2024",Registros Administrativos,spreadsheet,209.58,https://nube.ine.gob.bo/index.php/s/nRvuVCUMMv82RtL/download,True
2026-02-07 01:50:22-04:00,"BOLIVIA: POBLACIÓN PENAL, SEGÚN DEPARTAMENTO Y NACIONALIDAD, 2007  – 2024",Registros Administrativos,spreadsheet,194.83,https://nube.ine.gob.bo/index.php/s/paz6jemSJDCfHBB/download,True
2026-02-07 01:50:22-04:00,"BOLIVIA: NÚMERO DE ESTABLECIMIENTOS PENITENCIARIOS,  POR TIPO DE ESTABLECIMIENTO, SEGÚN DEPARTAMENTO, 2015 Y 2024",Registros Administrativos,spreadsheet,81.9,https://nube.ine.gob.bo/index.php/s/tywvDwh6o0M2p5i/download,True
2026-02-07 01:50:22-04:00,"BOLIVIA: POBLACIÓN PENAL, SEGÚN DEPARTAMENTO Y SEXO, 2009 – 2024",Registros Administrativos,spreadsheet,188.73,https://nube.ine.gob.bo/index.php/s/uPEeetvLFOkkNTW/download,True
2026-02-07 01:50:22-04:00,"BOLIVIA: NÚMERO DE FÁBRICAS DE ELABORACIÓN DE COCAÍNA DESTRUIDAS, SEGÚN DEPARTAMENTO, 2009 – 2024",Registros Administrativos,spreadsheet,77.75,https://nube.ine.gob.bo/index.php/s/y7I8fisQhUDkjn0/download,True
2026-02-07 01:52:00-04:00,"BOLIVIA: POBLACIÓN CON NECESIDADES BÁSICAS INSATISFECHAS Y VARIACIÓN ANUAL, CENSOS DE 1976, 1992, 2001, 2012 Y 2024",Pobreza y Desigualdad,spreadsheet,104.38,https://nimbus.ine.gob.bo/index.php/s/7yNrZoc2cyGiMYf/download,False
2026-02-07 01:52:00-04:00,"BOLIVIA: INDICADORES DE POBREZA EXTREMA(1), SEGÚN ÁREA, 2005 – 2018",Pobreza y Desigualdad,spreadsheet,91.01,https://nube.ine.gob.bo/index.php/s/6ffM4Tt50ILU23N/download,True
2026-02-07 01:52:00-04:00,"BOLIVIA: LÍNEAS DE POBREZA Y POBREZA EXTREMA EN BOLIVIANOS POR PERSONA AL MES, SEGÚN ÁREA Y CIUDAD, 1989 – 2018",Pobreza y Desigualdad,spreadsheet,98.86,https://nube.ine.gob.bo/index.php/s/9fxl3w1m1sM6hFm/download,True
2026-02-07 01:52:00-04:00,"BOLIVIA: INCIDENCIA DE POBREZA, SEGÚN DEPARTAMENTO, 2011-2018",Pobreza y Desigualdad,spreadsheet,521.84,https://nube.ine.gob.bo/index.php/s/PL0z2JpMaQtxt6o/download,True
2026-02-07 01:52:00-04:00,"BOLIVIA: INDICADORES DE POBREZA(1), SEGÚN ÁREA, 2005 – 2018",Pobreza y Desigualdad,spreadsheet,91.47,https://nube.ine.gob.bo/index.php/s/RkqFdKgwXMq1Jh9/download,True
2026-02-07 01:52:00-04:00,"BOLIVIA: INCIDENCIA DE POBREZA EXTREMA, SEGÚN DEPARTAMENTO, 2011-2018",Pobreza y Desigualdad,spreadsheet,308.35,https://nube.ine.gob.bo/index.php/s/vCTjbb2bemzYtDT/download,True
2026-02-07 01:55:04-04:00,"BOLIVIA: NIÑAS, NIÑOS Y ADOLESCENTES DE 5 A 17 AÑOS QUE REALIZAN UNA ACTIVIDAD LABORAL O TRABAJAN, POR CATEGORÍA, SEGÚN SEXO, GRUPO DE EDAD, ÁREA  Y DEPARTAMENTO, 2016 Y 2019",Cuadros Estadísticos,spreadsheet,94.83,https://nube.ine.gob.bo/index.php/s/6XAc8G6yYTNSRAC/download,True
2026-02-07 01:55:04-04:00,"BOLIVIA: NIÑAS, NIÑOS Y ADOLESCENTES DE 5 A 17 AÑOS QUE REALIZAN UNA ACTIVIDAD LABORAL O TRABAJO, POR GRUPO DE HORAS LABORALES SEMANALES, SEGÚN CATEGORÍA, 2016 Y 2019",Cuadros Estadísticos,spreadsheet,130.69,https://nube.ine.gob.bo/index.php/s/AAm7N5CxxmTvfNQ/download,True
2026-02-07 01:55:04-04:00,"BOLIVIA: NIÑAS, NIÑOS Y ADOLESCENTES DE 5 A 17 AÑOS CON ACTIVIDAD LABORAL O TRABAJO, POR CONDICIONES NO PELIGROSAS EN LAS QUE LO REALIZA, SEGÚN SEXO, GRUPO DE EDAD Y ÁREA, 2016 Y 2019",Cuadros Estadísticos,spreadsheet,118.74,https://nube.ine.gob.bo/index.php/s/BeFDiroOmExny6y/download,True
2026-02-07 01:55:04-04:00,"BOLIVIA: POBLACIÓN DE 5 A 17 AÑOS, POR SEXO, ASISTENCIA ESCOLAR, PARTICIPACIÓN EN ACTIVIDAD LABORAL O TRABAJO Y ACTIVIDAD DOMÉSTICA DEL HOGAR, SEGÚN ÁREA Y GRUPO DE EDAD, 2016 Y 2019",Cuadros Estadísticos,spreadsheet,109.15,https://nube.ine.gob.bo/index.php/s/ExLewMK2ceEceOM/download,True
2026-02-07 01:55:04-04:00,"BOLIVIA: POBLACIÓN DE 5 A 17 AÑOS Y AQUELLOS QUE REALIZAN  UNA ACTIVIDAD LABORAL O TRABAJO(1), SEGÚN SEXO, 2016 Y 2019",Cuadros Estadísticos,spreadsheet,87.44,https://nube.ine.gob.bo/index.php/s/VJUP1fboEZKYPyp/download,True
2026-02-07 01:55:04-04:00,"BOLIVIA: NIÑAS, NIÑOS Y ADOLESCENTES DE 5 A 17 AÑOS, CON ACTIVIDAD LABORAL O TRABAJO, POR ACTIVIDAD ECONÓMICA, SEGÚN SEXO, GRUPO DE EDAD, ÁREA Y DEPARTAMENTO, 2016 Y 2019",Cuadros Estadísticos,spreadsheet,104.78,https://nube.ine.gob.bo/index.php/s/aS7uN5BXSAWl0Cs/download,True
2026-02-07 01:55:04-04:00,"BOLIVIA: NIÑAS, NIÑOS Y ADOLESCENTES DE 5 A 17 AÑOS QUE REALIZAN UNA ACTIVIDAD LABORAL O TRABAJO, POR GRUPO OCUPACIONAL, SEGÚN SEXO, GRUPO DE EDAD Y ÁREA,  2016 Y 2019",Cuadros Estadísticos,spreadsheet,121.84,https://nube.ine.gob.bo/index.php/s/gCZZjLvitm9e97k/download,True
2026-02-07 01:55:04-04:00,"BOLIVIA: NIÑAS, NIÑOS Y ADOLESCENTES DE 5 A 17 AÑOS CON ACTIVIDAD LABORAL O TRABAJO, POR CONDICIONES EN LAS QUE LO REALIZA, SEGÚN CATEGORÍA, 2016 Y 2019",Cuadros Estadísticos,spreadsheet,1130.27,https://nube.ine.gob.bo/index.php/s/kMHDGTnc61T5OUr/download,True
2026-02-07 01:55:04-04:00,"BOLIVIA: POBLACIÓN DE 5 A 17 AÑOS, POR SEXO, ASISTENCIA ESCOLAR, PARTICIPACIÓN EN ACTIVIDAD LABORAL O TRABAJO Y ACTIVIDAD DOMÉSTICA DEL HOGAR, SEGÚN ÁREA Y GRUPO DE EDAD, 2016 Y 2019",Cuadros Estadísticos,spreadsheet,234.66,https://nube.ine.gob.bo/index.php/s/rO8ELpDaMnqLVtV/download,True
2026-02-07 01:55:04-04:00,"BOLIVIA: NIÑAS, NIÑOS Y ADOLESCENTES, DE 5 A 17 AÑOS POR TRABAJO PELIGROSO, SEGÚN SEXO, GRUPO DE EDAD Y ÁREA, 2016 Y 2019",Cuadros Estadísticos,spreadsheet,2131.28,https://nube.ine.gob.bo/index.php/s/u1KkxDACHha8kER/download,True
2026-02-07 01:55:04-04:00,"BOLIVIA: NIÑAS, NIÑOS Y ADOLESCENTES DE 5 A 17 AÑOS QUE REALIZAN UNA ACTIVIDAD LABORAL O TRABAJO, POR GRUPO DE HORAS LABORALES SEMANALES, SEGÚN ACTIVIDAD ECONÓMICA, 2016 Y 2019",Cuadros Estadísticos,spreadsheet,176.79,https://nube.ine.gob.bo/index.php/s/zTQSfkpiLUi4Jt8/download,True
2026-02-07 01:55:04-04:00,"BOLIVIA: NIÑAS, NIÑOS Y ADOLESCENTES DE 5 A 17 AÑOS CON ACTIVIDAD LABORAL O TRABAJO, POR GRUPO DE HORAS LABORALES SEMANALES, SEGÚN SEXO, GRUPO DE EDAD, ÁREA Y DEPARTAMENTO, 2016 Y 2019",Cuadros Estadísticos,spreadsheet,368.34,https://nube.ine.gob.bo/index.php/s/zjfOjTm9BZpVjPi/download,True
2026-02-07 01:55:36-04:00,"BOLIVIA: PRINCIPALES INDICADORES DE EMPLEO, SEGÚN SEXO, 1999 – 2017",Encuesta de Hogares (desde 1999 a la fecha),spreadsheet,95.98,https://nube.ine.gob.bo/index.php/s/1hyrIssXwG8IrJE/download,True
2026-02-07 01:55:36-04:00,"BOLIVIA – ÁREA RURAL: INGRESO PROMEDIO MENSUAL EN LA OCUPACIÓN PRINCIPAL, SEGÚN SEXO Y ACTIVIDAD ECONÓMICA, 2011 – 2017",Encuesta de Hogares (desde 1999 a la fecha),spreadsheet,143.74,https://nube.ine.gob.bo/index.php/s/3EU2V4aCV74xhWg/download,True
2026-02-07 01:55:36-04:00,"BOLIVIA – ÁREA RURAL: INGRESO PROMEDIO MENSUAL EN LA OCUPACIÓN PRINCIPAL, SEGÚN SEXO Y GRUPO OCUPACIONAL, 1999 – 2017",Encuesta de Hogares (desde 1999 a la fecha),spreadsheet,115.44,https://nube.ine.gob.bo/index.php/s/3Nk6JSiyFldfuOY/download,True
2026-02-07 01:55:36-04:00,"BOLIVIA – RURAL: DISTRIBUCIÓN PORCENTUAL DE LA POBLACIÓN EN LA OCUPACIÓN PRINCIPAL, SEGÚN SEXO Y ACTIVIDAD ECONÓMICA, 2011 – 2017",Encuesta de Hogares (desde 1999 a la fecha),excel,342.5,https://nube.ine.gob.bo/index.php/s/4D4uj6jp6GHgBZr/download,True
2026-02-07 01:55:36-04:00,"BOLIVIA – ÁREA RURAL: PROMEDIO DE HORAS TRABAJADAS POR SEMANA EN LA OCUPACIÓN PRINCIPAL, SEGÚN SEXO Y CATEGORÍA EN EL EMPLEO, 1999 – 2017",Encuesta de Hogares (desde 1999 a la fecha),excel,328.0,https://nube.ine.gob.bo/index.php/s/4pcVHd4YYa4txvW/download,True
2026-02-07 01:55:36-04:00,"BOLIVIA – ÁREA RURAL: INGRESO PROMEDIO MENSUAL EN LA OCUPACIÓN PRINCIPAL, SEGÚN SEXO Y ACTIVIDAD ECONÓMICA, 1999 – 2009",Encuesta de Hogares (desde 1999 a la fecha),spreadsheet,219.12,https://nube.ine.gob.bo/index.php/s/5IJguDg59SxMQws/download,True
2026-02-07 01:55:36-04:00,"BOLIVIA – ÁREA RURAL: CONDICIÓN DE ACTIVIDAD SEGÚN SEXO, 1999 – 2017",Encuesta de Hogares (desde 1999 a la fecha),spreadsheet,113.66,https://nube.ine.gob.bo/index.php/s/5eaJgahqawJxpy3/download,True
2026-02-07 01:55:36-04:00,"BOLIVIA: DISTRIBUCIÓN PORCENTUAL DE LA POBLACIÓN EN LA OCUPACIÓN PRINCIPAL, SEGÚN SEXO Y ACTIVIDAD ECONÓMICA, 2011 – 2017",Encuesta de Hogares (desde 1999 a la fecha),excel,355.5,https://nube.ine.gob.bo/index.php/s/6zE0mNXU25FFDzN/download,True
2026-02-07 01:55:36-04:00,"BOLIVIA – ÁREA RURAL: DISTRIBUCIÓN PORCENTUAL DE LA POBLACIÓN EN LA OCUPACIÓN PRINCIPAL, SEGÚN SEXO Y GRUPO OCUPACIONAL, 1999 – 2017",Encuesta de Hogares (desde 1999 a la fecha),excel,336.0,https://nube.ine.gob.bo/index.php/s/7v4JSK9AVI23jZA/download,True
2026-02-07 01:55:36-04:00,"BOLIVIA – ÁREA RURAL: DISTRIBUCIÓN PORCENTUAL DE LA POBLACIÓN EN LA OCUPACIÓN PRINCIPAL, SEGÚN SEXO Y CATEGORÍA EN EL EMPLEO, 1999 – 2017",Encuesta de Hogares (desde 1999 a la fecha),excel,327.0,https://nube.ine.gob.bo/index.php/s/88yMIKVVC0CzjyT/download,True
2026-02-07 01:55:36-04:00,"BOLIVIA: CONDICIÓN DE ACTIVIDAD, SEGÚN SEXO, 1999- 2017",Encuesta de Hogares (desde 1999 a la fecha),excel,306.0,https://nube.ine.gob.bo/index.php/s/9nY0sTnKJK42cDM/download,True
2026-02-07 01:55:36-04:00,"BOLIVIA – ÁREA RURAL: INGRESO PROMEDIO MENSUAL EN LA OCUPACIÓN PRINCIPAL, SEGÚN SEXO Y SECTORES DEL MERCADO DE TRABAJO, 1999 – 2017",Encuesta de Hogares (desde 1999 a la fecha),spreadsheet,104.31,https://nube.ine.gob.bo/index.php/s/BPF8rlIG8iIpV9Q/download,True
2026-02-07 01:55:36-04:00,"BOLIVIA: PROMEDIO DE HORAS TRABAJADAS POR SEMANA EN LA OCUPACIÓN PRINCIPAL, SEGÚN SEXO Y ACTIVIDAD ECONÓMICA, 1999 – 2009",Encuesta de Hogares (desde 1999 a la fecha),excel,346.0,https://nube.ine.gob.bo/index.php/s/BTgxobGo5GtZqht/download,True
2026-02-07 01:55:36-04:00,"BOLIVIA – ÁREA URBANA: CONDICIÓN DE ACTIVIDAD SEGÚN SEXO, 1999 – 2017",Encuesta de Hogares (desde 1999 a la fecha),spreadsheet,92.66,https://nube.ine.gob.bo/index.php/s/CJlQZ5NpHONXyWs/download,True
2026-02-07 01:55:36-04:00,"BOLIVIA – ÁREA URBANA: DISTRIBUCIÓN PORCENTUAL DE LA POBLACIÓN EN LA OCUPACIÓN PRINCIPAL, SEGÚN SEXO Y GRUPO OCUPACIONAL, 1999 – 2017",Encuesta de Hogares (desde 1999 a la fecha),excel,334.5,https://nube.ine.gob.bo/index.php/s/DfVp9GjgEKckI0z/download,True
2026-02-07 01:55:36-04:00,"BOLIVIA – ÁREA RURAL: PROMEDIO DE HORAS TRABAJADAS POR SEMANA EN LA OCUPACIÓN PRINCIPAL, SEGÚN SEXO Y SECTOR DEL MERCADO DE TRABAJO, 1999 – 2017",Encuesta de Hogares (desde 1999 a la fecha),excel,320.0,https://nube.ine.gob.bo/index.php/s/Dz3UXXEbXvGtAXE/download,True
2026-02-07 01:55:36-04:00,"BOLIVIA – ÁREA URBANA: DISTRIBUCIÓN PORCENTUAL DE LA POBLACIÓN EN LA OCUPACIÓN PRINCIPAL, SEGÚN SEXO Y CATEGORÍA EN EL EMPLEO, 1999 – 2017",Encuesta de Hogares (desde 1999 a la fecha),spreadsheet,115.66,https://nube.ine.gob.bo/index.php/s/GdYPQsZrzqweDfP/download,True
2026-02-07 01:55:36-04:00,"BOLIVIA: PROMEDIO DE HORAS TRABAJADAS POR SEMANA EN LA OCUPACIÓN PRINCIPAL, SEGÚN SEXO Y CATEGORÍA EN EL EMPLEO, 1999 – 2017",Encuesta de Hogares (desde 1999 a la fecha),excel,319.0,https://nube.ine.gob.bo/index.php/s/JDcQQrBASYUHoTN/download,True
2026-02-07 01:55:36-04:00,"BOLIVIA – ÁREA RURAL: PROMEDIO DE HORAS TRABAJADAS POR SEMANA EN LA OCUPACIÓN PRINCIPAL, SEGÚN SEXO Y GRUPO OCUPACIONAL, 1999 – 2017",Encuesta de Hogares (desde 1999 a la fecha),excel,345.5,https://nube.ine.gob.bo/index.php/s/Je9Ndc6muWFh4P9/download,True
2026-02-07 01:55:36-04:00,"BOLIVIA: PROMEDIO DE HORAS TRABAJADAS POR SEMANA EN LA OCUPACIÓN PRINCIPAL, SEGÚN SEXO Y SECTOR DEL MERCADO DE TRABAJO, 1999 – 2017",Encuesta de Hogares (desde 1999 a la fecha),excel,319.0,https://nube.ine.gob.bo/index.php/s/L140c10oe0TJQzK/download,True
2026-02-07 01:55:36-04:00,"BOLIVIA – ÁREA URBANA: PROMEDIO DE HORAS TRABAJADAS POR SEMANA EN LA OCUPACIÓN PRINCIPAL, SEGÚN SEXO Y SECTOR DEL MERCADO DE TRABAJO, 1999 – 2017",Encuesta de Hogares (desde 1999 a la fecha),excel,320.0,https://nube.ine.gob.bo/index.php/s/LZAkuUi0NaHrkrk/download,True
2026-02-07 01:55:36-04:00,"BOLIVIA: PROMEDIO DE HORAS TRABAJADAS POR SEMANA EN LA OCUPACIÓN PRINCIPAL, SEGÚN SEXO Y ACTIVIDAD ECONÓMICA, 2011 – 2017",Encuesta de Hogares (desde 1999 a la fecha),excel,317.0,https://nube.ine.gob.bo/index.php/s/Liduir4NuguuuyN/download,True
2026-02-07 01:55:36-04:00,"BOLIVIA – ÁREA URBANA: PROMEDIO DE HORAS TRABAJADAS POR SEMANA EN LA OCUPACIÓN PRINCIPAL, SEGÚN SEXO Y CATEGORÍA EN EL EMPLEO, 1999 – 2017",Encuesta de Hogares (desde 1999 a la fecha),excel,326.0,https://nube.ine.gob.bo/index.php/s/OFWQfJLlfs1zrlE/download,True
2026-02-07 01:55:36-04:00,"BOLIVIA – ÁREA URBANA: INGRESO PROMEDIO MENSUAL EN LA OCUPACIÓN PRINCIPAL, SEGÚN SEXO Y ACTIVIDAD ECONÓMICA, 1999 – 2009",Encuesta de Hogares (desde 1999 a la fecha),spreadsheet,237.5,https://nube.ine.gob.bo/index.php/s/S23mSbPtlJ0gLD9/download,True
2026-02-07 01:55:36-04:00,"BOLIVIA: PROMEDIO DE HORAS TRABAJADAS POR SEMANA EN LA OCUPACIÓN PRINCIPAL, SEGÚN SEXO Y GRUPO OCUPACIONAL, 1999 – 2017",Encuesta de Hogares (desde 1999 a la fecha),excel,330.0,https://nube.ine.gob.bo/index.php/s/USDZ9kfFkqmsFlo/download,True
2026-02-07 01:55:36-04:00,"BOLIVIA – ÁREA URBANA: DISTRIBUCIÓN PORCENTUAL DE LA POBLACIÓN EN LA OCUPACIÓN PRINCIPAL, SEGÚN SEXO Y ACTIVIDAD ECONÓMICA, 1999 – 2009",Encuesta de Hogares (desde 1999 a la fecha),excel,346.5,https://nube.ine.gob.bo/index.php/s/WQwpmeO4XpcrF9v/download,True
2026-02-07 01:55:36-04:00,"BOLIVIA – ÁREA URBANA: PROMEDIO DE HORAS TRABAJADAS POR SEMANA EN LA OCUPACIÓN PRINCIPAL, SEGÚN SEXO Y ACTIVIDAD ECONÓMICA, 2011 – 2017",Encuesta de Hogares (desde 1999 a la fecha),excel,318.0,https://nube.ine.gob.bo/index.php/s/WVsTXqcJc64OmH0/download,True
2026-02-07 01:55:36-04:00,"BOLIVIA – ÁREA URBANA: INGRESO PROMEDIO MENSUAL EN LA OCUPACIÓN PRINCIPAL, SEGÚN SEXO Y CATEGORÍA EN EL EMPLEO, 1999 – 2017",Encuesta de Hogares (desde 1999 a la fecha),spreadsheet,109.4,https://nube.ine.gob.bo/index.php/s/cI6dfMTGTnfTD83/download,True
2026-02-07 01:55:36-04:00,"BOLIVIA – ÁREA RURAL: PROMEDIO DE HORAS TRABAJADAS POR SEMANA EN LA OCUPACIÓN PRINCIPAL, SEGÚN SEXO Y ACTIVIDAD ECONÓMICA, 2011 – 2017",Encuesta de Hogares (desde 1999 a la fecha),excel,310.5,https://nube.ine.gob.bo/index.php/s/dfJYpqsubtzJvWO/download,True
2026-02-07 01:55:36-04:00,"BOLIVIA – ÁREA RURAL: PROMEDIO DE HORAS TRABAJADAS POR SEMANA EN LA OCUPACIÓN PRINCIPAL, SEGÚN SEXO Y ACTIVIDAD ECONÓMICA, 1999 – 2009",Encuesta de Hogares (desde 1999 a la fecha),excel,343.0,https://nube.ine.gob.bo/index.php/s/dt4kwnEl7IgQtCY/download,True
2026-02-07 01:55:36-04:00,"BOLIVIA: DISTRIBUCIÓN PORCENTUAL DE LA POBLACIÓN EN LA OCUPACIÓN PRINCIPAL, SEGÚN SEXO Y GRUPO OCUPACIONAL, 1999 – 2017",Encuesta de Hogares (desde 1999 a la fecha),excel,331.5,https://nube.ine.gob.bo/index.php/s/fXr7w2w0gMK1bnl/download,True
2026-02-07 01:55:36-04:00,"BOLIVIA: INGRESO PROMEDIO MENSUAL EN LA OCUPACIÓN PRINCIPAL, SEGÚN SEXO Y CATEGORÍA EN EL EMPLEO, 1999 – 2017",Encuesta de Hogares (desde 1999 a la fecha),spreadsheet,108.03,https://nube.ine.gob.bo/index.php/s/glUCan3ExdUh5J3/download,True
2026-02-07 01:55:36-04:00,"BOLIVIA – ÁREA RURAL: DISTRIBUCIÓN PORCENTUAL DE LA POBLACIÓN EN LA OCUPACIÓN PRINCIPAL, SEGÚN SEXO Y ACTIVIDAD ECONÓMICA, 1999 – 2009",Encuesta de Hogares (desde 1999 a la fecha),excel,343.5,https://nube.ine.gob.bo/index.php/s/gm6r0OBYv0E3E7c/download,True
2026-02-07 01:55:36-04:00,"BOLIVIA: INGRESO PROMEDIO MENSUAL EN LA OCUPACIÓN PRINCIPAL, SEGÚN SEXO Y SECTORES DEL MERCADO DE TRABAJO, 1999 – 2017",Encuesta de Hogares (desde 1999 a la fecha),spreadsheet,106.59,https://nube.ine.gob.bo/index.php/s/h6FxtOZxEZFALDT/download,True
2026-02-07 01:55:36-04:00,"BOLIVIA – ÁREA RURAL: INGRESO PROMEDIO MENSUAL EN LA OCUPACIÓN PRINCIPAL, SEGÚN SEXO Y CATEGORÍA EN EL EMPLEO, 1999 – 2017",Encuesta de Hogares (desde 1999 a la fecha),excel,316.0,https://nube.ine.gob.bo/index.php/s/iOO2fW0wmmz1e1b/download,True
2026-02-07 01:55:36-04:00,"BOLIVIA – ÁREA URBANA: PROMEDIO DE HORAS TRABAJADAS POR SEMANA EN LA OCUPACIÓN PRINCIPAL, SEGÚN SEXO Y ACTIVIDAD ECONÓMICA, 1999 – 2009",Encuesta de Hogares (desde 1999 a la fecha),excel,346.0,https://nube.ine.gob.bo/index.php/s/j9dqT6ly0ijVmJq/download,True
2026-02-07 01:55:36-04:00,"BOLIVIA: INGRESO PROMEDIO MENSUAL EN LA OCUPACIÓN PRINCIPAL, SEGÚN SEXO Y GRUPO OCUPACIONAL, 1999 – 2017",Encuesta de Hogares (desde 1999 a la fecha),spreadsheet,93.18,https://nube.ine.gob.bo/index.php/s/r12UbjOsms6zOC9/download,True
2026-02-07 01:55:36-04:00,"BOLIVIA – ÁREA URBANA: INGRESO PROMEDIO MENSUAL EN LA OCUPACIÓN PRINCIPAL, SEGÚN SEXO Y GRUPO OCUPACIONAL, 1999 – 2017",Encuesta de Hogares (desde 1999 a la fecha),excel,311.0,https://nube.ine.gob.bo/index.php/s/rQQAhLFPN9uNKI9/download,True
2026-02-07 01:55:36-04:00,"BOLIVIA: DISTRIBUCIÓN PORCENTUAL DE LA POBLACIÓN EN LA OCUPACIÓN PRINCIPAL, SEGÚN SEXO Y CATEGORÍA EN EL EMPLEO, 1999 – 2017",Encuesta de Hogares (desde 1999 a la fecha),excel,324.5,https://nube.ine.gob.bo/index.php/s/sX2pYe9Ga0qfwbN/download,True
2026-02-07 01:55:36-04:00,"BOLIVIA – ÁREA URBANA: INGRESO PROMEDIO MENSUAL EN LA OCUPACIÓN PRINCIPAL, SEGÚN SEXO Y ACTIVIDAD ECONÓMICA, 2011 – 2017",Encuesta de Hogares (desde 1999 a la fecha),spreadsheet,235.89,https://nube.ine.gob.bo/index.php/s/suwcXkaFI8GcFGR/download,True
2026-02-07 01:55:36-04:00,"BOLIVIA – ÁREA URBANA: PRINCIPALES INDICADORES DE EMPLEO, SEGÚN SEXO, 1999 – 2017",Encuesta de Hogares (desde 1999 a la fecha),spreadsheet,115.38,https://nube.ine.gob.bo/index.php/s/tFPiYKDqqHM96Y2/download,True
2026-02-07 01:55:36-04:00,"BOLIVIA: DISTRIBUCIÓN PORCENTUAL DE LA POBLACIÓN EN LA OCUPACIÓN PRINCIPAL, SEGÚN SEXO Y ACTIVIDAD ECONÓMICA, 1999 – 2009",Encuesta de Hogares (desde 1999 a la fecha),excel,346.0,https://nube.ine.gob.bo/index.php/s/u5vak2QQVepE9iJ/download,True
2026-02-07 01:55:36-04:00,"BOLIVIA – ÁREA RURAL: PRINCIPALES INDICADORES DE EMPLEO, SEGÚN SEXO, 1999 – 2017",Encuesta de Hogares (desde 1999 a la fecha),excel,335.0,https://nube.ine.gob.bo/index.php/s/vDpOnC5cMRJkI88/download,True
2026-02-07 01:55:36-04:00,"BOLIVIA: INGRESO PROMEDIO MENSUAL EN LA OCUPACIÓN PRINCIPAL, SEGÚN SEXO Y ACTIVIDAD ECONÓMICA, 1999 – 2009",Encuesta de Hogares (desde 1999 a la fecha),excel,383.5,https://nube.ine.gob.bo/index.php/s/x1hfeCWZWJrJDAk/download,True
2026-02-07 01:55:36-04:00,"BOLIVIA – ÁREA URBANA: INGRESO PROMEDIO MENSUAL EN LA OCUPACIÓN PRINCIPAL, SEGÚN SEXO Y SECTORES DEL MERCADO DE TRABAJO, 1999 – 2017",Encuesta de Hogares (desde 1999 a la fecha),spreadsheet,107.29,https://nube.ine.gob.bo/index.php/s/xrQjYWO3e9F3h5o/download,True
2026-02-07 01:55:36-04:00,"BOLIVIA – URBANA: DISTRIBUCIÓN PORCENTUAL DE LA POBLACIÓN EN LA OCUPACIÓN PRINCIPAL, SEGÚN SEXO Y ACTIVIDAD ECONÓMICA, 2011 – 2017",Encuesta de Hogares (desde 1999 a la fecha),excel,380.0,https://nube.ine.gob.bo/index.php/s/yuwvq3KPivbdJ8f/download,True
2026-02-07 01:55:36-04:00,"BOLIVIA: INGRESO PROMEDIO MENSUAL EN LA OCUPACIÓN PRINCIPAL, SEGÚN SEXO Y ACTIVIDAD ECONÓMICA, 2011 – 2017",Encuesta de Hogares (desde 1999 a la fecha),excel,384.0,https://nube.ine.gob.bo/index.php/s/yxcZ0zaUrpeNht3/download,True
2026-02-07 01:55:36-04:00,"BOLIVIA – ÁREA URBANA: PROMEDIO DE HORAS TRABAJADAS POR SEMANA EN LA OCUPACIÓN PRINCIPAL, SEGÚN SEXO Y GRUPO OCUPACIONAL, 1999- 2017",Encuesta de Hogares (desde 1999 a la fecha),excel,334.5,https://nube.ine.gob.bo/index.php/s/z5tpFOEuZbO6WDz/download,True
2026-02-09 08:51:57-04:00,"BOLIVIA: MUJERES DE 15 AÑOS O MÁS DE EDAD, QUE HAN VIVIDO O VIVEN SITUACIONES DE VIOLENCIA EN LOS ÚLTIMOS DOCE MESES, EN EL ÁMBITO SOCIAL, POR SITUACIÓN LEGAL DE LA DENUNCIA, SEGÚN CARACTERÍSTICA SELECCIONADA, 2016",Encuesta de Prevalencia y Características de Violencia contra las Mujeres,spreadsheet,78.99,https://nube.ine.gob.bo/index.php/s/094JkM1T1C9TzwH/download,True
2026-02-09 08:51:57-04:00,"BOLIVIA: MUJERES DE 15 AÑOS O MÁS DE EDAD, QUE HAN VIVIDO O VIVEN VIOLENCIA EN SU RELACIÓN DE PAREJA, POR FRECUENCIA DEL HECHO, SEGÚN FORMA DE VIOLENCIA, 2016",Encuesta de Prevalencia y Características de Violencia contra las Mujeres,spreadsheet,82.26,https://nube.ine.gob.bo/index.php/s/2hHHRdCYsbLFbdG/download,True
2026-02-09 08:51:57-04:00,"BOLIVIA: MUJERES DE 15 AÑOS O MÁS DE EDAD, QUE HAN VIVIDO O VIVEN SITUACIONES DE VIOLENCIA EN LOS ÚLTIMOS DOCE MESES EN SU RELACIÓN DE PAREJA, QUE RECIBIERON ATENCIÓN EN SALUD Y TUVIERON DÍAS DE IMPEDIMENTO POR CAUSAS DE VIOLENCIA, SEGÚN CONSECUENCIAS DE MALTRATO, 2016",Encuesta de Prevalencia y Características de Violencia contra las Mujeres,spreadsheet,79.3,https://nube.ine.gob.bo/index.php/s/361c9gI7BZT5rq5/download,True
2026-02-09 08:51:57-04:00,"BOLIVIA: MUJERES DE 15 AÑOS O MÁS DE EDAD EN SITUACIÓN DE  VIOLENCIA DE PAREJA, POR ÁREA, SEGÚN DISPONIBILIDAD DE SERVICIOS BÁSICOS EN LA VIVIENDA, 2016",Encuesta de Prevalencia y Características de Violencia contra las Mujeres,spreadsheet,77.74,https://nube.ine.gob.bo/index.php/s/4vhw89LDsocLqWP/download,True
2026-02-09 08:51:57-04:00,"BOLIVIA: CÉDULAS DE IDENTIDAD OTORGADAS POR GESTIÓN Y TIPO, SEGÚN LUGAR DE EMISIÓN Y SEXO, 2015 – 2024",Participación Política,spreadsheet,89.38,https://nube.ine.gob.bo/index.php/s/5bKMWvjF0qfUHar/download,False
2026-02-09 08:51:57-04:00,"BOLIVIA: MUJERES DE 15 AÑOS O MÁS DE EDAD, QUE HAN VIVIDO O VIVEN SITUACIONES DE VIOLENCIA A LO LARGO DE SU RELACIÓN DE PAREJA, POR GRAVEDAD DEL HECHO, SEGÚN FORMA DE VIOLENCIA, 2016",Encuesta de Prevalencia y Características de Violencia contra las Mujeres,spreadsheet,79.81,https://nube.ine.gob.bo/index.php/s/6QuKDQ1s4ONYrSs/download,True
2026-02-09 08:51:57-04:00,"LA PAZ : DENUNCIAS DE DELITOS COMUNES, SEGÚN TIPO DE DELITO, 2007 – 2024",Registros Administrativos,spreadsheet,109.19,https://nube.ine.gob.bo/index.php/s/74RKVBq3SL8Z5Nq/download,True
2026-02-09 08:51:57-04:00,"BOLIVIA: POBLACIÓN EN EDAD DE VOTAR HABILITADA EN EL PADRÓN ELECTORAL POR SEXO, SEGÚN DEPARTAMENTO, 2010 – 2021",Participación Política,spreadsheet,83.89,https://nube.ine.gob.bo/index.php/s/8pCpYgtfP3QWNH7/download,False
2026-02-09 08:51:57-04:00,"COCHABAMBA: DENUNCIAS DE DELITOS COMUNES, SEGÚN TIPO DE DELITO, 2007 – 2024",Registros Administrativos,spreadsheet,108.86,https://nube.ine.gob.bo/index.php/s/9Z9CoE08uqtoVoT/download,True
2026-02-09 08:51:57-04:00,"TARIJA: DENUNCIAS DE DELITOS COMUNES, SEGÚN TIPO DE DELITO, 2007 – 2024",Registros Administrativos,spreadsheet,108.49,https://nube.ine.gob.bo/index.php/s/ApHl7y4wWsyUMW2/download,True
2026-02-09 08:51:57-04:00,"BOLIVIA: DISTURBIOS CIVILES REGISTRADOS, SEGÚN DEPARTAMENTO Y TIPO DE DISTURBIO, 2007 – 2022",Registros Administrativos,excel,315.5,https://nube.ine.gob.bo/index.php/s/Bd3dbz8ajVJCXeP/download,True
2026-02-09 08:51:57-04:00,"BOLIVIA: MUJERES DE 15 AÑOS O MÁS DE EDAD, QUE HAN VIVIDO O VIVEN SITUACIONES DE VIOLENCIA EN EL ÁMBITO SOCIAL, A LO LARGO DE SU VIDA, POR TIPO DE VIOLENCIA, SEGÚN CARACTERÍSTICA SELECCIONADA,  2016",Encuesta de Prevalencia y Características de Violencia contra las Mujeres,spreadsheet,80.81,https://nube.ine.gob.bo/index.php/s/CB9G8nBVtZhHOFY/download,True
2026-02-09 08:51:57-04:00,"BOLIVIA: MUJERES DE 15 AÑOS O MÁS DE EDAD, QUE HAN VIVIDO O VIVEN SITUACIONES DE VIOLENCIA EN LOS ÚLTIMOS DOCE MESES EN SU RELACIÓN DE PAREJA, POR SITUACIÓN LEGAL DE LA DENUNCIA, SEGÚN CARACTERÍSTICA SELECCIONADA,  2016",Encuesta de Prevalencia y Características de Violencia contra las Mujeres,spreadsheet,78.96,https://nube.ine.gob.bo/index.php/s/CD3Tz24CBCN6xmi/download,True
2026-02-09 08:51:57-04:00,"CHUQUISACA: DENUNCIAS DE DELITOS COMUNES, SEGÚN TIPO DE DELITO, 2007 – 2024",Registros Administrativos,spreadsheet,111.9,https://nube.ine.gob.bo/index.php/s/HfnIHp4uSmMGmIL/download,True
2026-02-09 08:51:57-04:00,"BOLIVIA: MUJERES DE 15 AÑOS O MÁS DE EDAD, QUE HAN SUFRIDO ALGÚN HECHO DE VIOLENCIA OBSTÉTRICA, SEGÚN CARACTERÍSTICA SELECCIONADA, 2016",Encuesta de Prevalencia y Características de Violencia contra las Mujeres,spreadsheet,78.43,https://nube.ine.gob.bo/index.php/s/I1YeWFMyaC0XQrs/download,True
2026-02-09 08:51:57-04:00,"BOLIVIA: DENUNCIAS DE CASOS DE DELITOS NO CONSUMADOS, SEGÚN DEPARTAMENTO Y TIPO DE DELITO, 2007- 2024",Registros Administrativos,spreadsheet,81.87,https://nube.ine.gob.bo/index.php/s/K9cQS83mZoyJwgo/download,True
2026-02-09 08:51:57-04:00,"PANDO: DENUNCIAS DE DELITOS COMUNES, SEGÚN TIPO DE DELITO, 2007 – 2024",Registros Administrativos,spreadsheet,108.23,https://nube.ine.gob.bo/index.php/s/LNmAILMXlrsctMO/download,True
2026-02-09 08:51:57-04:00,"BOLIVIA: MUJERES DE 15 AÑOS O MÁS DE EDAD, QUE HAN VIVIDO SITUACIONES DE VIOLENCIA PSICOLÓGICA Y FÍSICA DURANTE SU INFANCIA, POR FORMA DE MALTRATO, SEGÚN ÁREA Y DEPARTAMENTO, 2016",Encuesta de Prevalencia y Características de Violencia contra las Mujeres,spreadsheet,79.09,https://nube.ine.gob.bo/index.php/s/MsqWrJcDKgbwm1c/download,True
2026-02-09 08:51:57-04:00,"BOLIVIA: MUJERES DE 15 AÑOS O MÁS DE EDAD, QUE HAN VIVIDO O VIVEN EN SITUACIONES DE VIOLENCIA EN EL ÁMBITO EDUCATIVO EN LOS ÚLTIMOS DOCE MESES, POR SITUACIÓN DE DENUNCIA, SEGÚN CARACTERÍSTICA SELECCIONADA, 2016",Encuesta de Prevalencia y Características de Violencia contra las Mujeres,spreadsheet,78.52,https://nube.ine.gob.bo/index.php/s/NSLdy6gf36IReLM/download,True
2026-02-09 08:51:57-04:00,"BOLIVIA: DISTRIBUCIÓN DE LAS PERSONAS QUE REALIZAN EL TRABAJO DEL HOGAR, SEGÚN ACTIVIDAD DEL HOGAR, 2016",Encuesta de Prevalencia y Características de Violencia contra las Mujeres,spreadsheet,77.57,https://nube.ine.gob.bo/index.php/s/OryUnBSL7gY9oaD/download,True
2026-02-09 08:51:57-04:00,"BOLIVIA: MUJERES DE 15 AÑOS O MÁS DE EDAD, QUE HAN VIVIDO O VIVEN SITUACIONES DE VIOLENCIA EN LOS ÚLTIMOS DOCE MESES EN SU RELACIÓN DE PAREJA, QUE PIDIERON AYUDA, LA PERCEPCIÓN DE LA ATENCIÓN RECIBIDA Y EL GRADO DE SATISFACCIÓN, SEGÚN CARACTERÍSTICA SELECCIONADA, 2016",Encuesta de Prevalencia y Características de Violencia contra las Mujeres,spreadsheet,79.95,https://nube.ine.gob.bo/index.php/s/SEwg8NSEW9BPvHQ/download,True
2026-02-09 08:51:57-04:00,"BOLIVIA: MUJERES DE 15 AÑOS O MÁS DE EDAD, QUE HAN SUFRIDO O SUFREN SITUACIONES DE VIOLENCIA PATRIMONIAL A LO LARGO DE SU VIDA, EN SU ENTORNO FAMILIAR, SEGÚN CARACTERÍSTICA SELECCIONADA, 2016",Encuesta de Prevalencia y Características de Violencia contra las Mujeres,spreadsheet,91.31,https://nube.ine.gob.bo/index.php/s/SMO1sniie1KxgY0/download,True
2026-02-09 08:51:57-04:00,"BOLIVIA: MUJERES DE 15 AÑOS O MÁS DE EDAD, QUE HAN VIVIDO O VIVEN SITUACIONES DE VIOLENCIA EN EL ÁMBITO LABORAL A LO LARGO DE SU VIDA, POR TIPO DE VIOLENCIA, SEGÚN CARACTERÍSTICA SELECCIONADA,  2016",Encuesta de Prevalencia y Características de Violencia contra las Mujeres,spreadsheet,80.79,https://nube.ine.gob.bo/index.php/s/Sj5xhakbsrkdsPH/download,True
2026-02-09 08:51:57-04:00,"BOLIVIA: MUJERES DE 15 AÑOS O MÁS DE EDAD, QUE HAN VIVIDO O VIVEN SITUACIONES DE VIOLENCIA EN LOS ÚLTIMOS DOCE MESES EN SU RELACIÓN DE PAREJA, POR CONSECUENCIA DE MALTRATO, SEGÚN ÁREA Y DEPARTAMENTO,  2016",Encuesta de Prevalencia y Características de Violencia contra las Mujeres,spreadsheet,80.68,https://nube.ine.gob.bo/index.php/s/TS7y21fehvx7V4e/download,True
2026-02-09 08:51:57-04:00,"BOLIVIA: SERVICIOS DE SEGURIDAD CIUDADANA, SEGÚN DEPARTAMENTO Y TIPO DE AUXILIO PRESTADO, 2007 – 2022",Registros Administrativos,excel,307.0,https://nube.ine.gob.bo/index.php/s/UxLvctyJWmIa4ii/download,True
2026-02-09 08:51:57-04:00,"BOLIVIA: NÚMERO DE CERTIFICADOS DE NACIMIENTOS EMITIDOS POR SEXO SEGÚN DEPARTAMENTO Y GRUPO DE EDAD, 2018 – 2023",Participación Política,spreadsheet,165.43,https://nube.ine.gob.bo/index.php/s/V6XvyBkwIUobrT2/download,False
2026-02-09 08:51:57-04:00,"BOLIVIA: MUJERES DE 15 AÑOS O MÁS DE EDAD, QUE HAN SUFRIDO HECHOS DE VIOLENCIA OBSTÉTRICA, POR FORMA DE VIOLENCIA EJERCIDA POR EL PERSONAL DE SALUD, SEGÚN CARACTERÍSTICA SELECCIONADA, 2016",Encuesta de Prevalencia y Características de Violencia contra las Mujeres,spreadsheet,89.34,https://nube.ine.gob.bo/index.php/s/XDcIuuJa8kW9wZP/download,True
2026-02-09 08:51:57-04:00,"BOLIVIA: MUJERES DE 15 AÑOS O MÁS DE EDAD, QUE EN LOS ÚLTIMOS DOCE MESES, VIVIERON HECHOS DE ABUSO SEXUAL Y VIOLACIÓN/SEXO FORZADO, SEGÚN CARACTERÍSTICA SELECCIONADA,  2016",Encuesta de Prevalencia y Características de Violencia contra las Mujeres,spreadsheet,79.85,https://nube.ine.gob.bo/index.php/s/aggGPwMuT8xC8Fs/download,True
2026-02-09 08:51:57-04:00,"BOLIVIA: MUJERES DE 15 AÑOS O MÁS DE EDAD, POR SITUACIÓN EN LA QUE SÓLO ELLA DECIDE, SEGÚN ÁREA  Y DEPARTAMENTO, 2016",Encuesta de Prevalencia y Características de Violencia contra las Mujeres,spreadsheet,77.99,https://nube.ine.gob.bo/index.php/s/bC5j0jEmR0eXbyl/download,True
2026-02-09 08:51:57-04:00,"BOLIVIA: MUJERES DE 15 AÑOS O MÁS DE EDAD, QUE HAN VIVIDO O VIVEN SITUACIONES DE VIOLENCIA EN EL ÁMBITO LABORAL EN LOS ÚLTIMOS DOCE MESES, POR SITUACIÓN DE LA DENUNCIA, SEGÚN CARACTERÍSTICA SELECCIONADA, 2016",Encuesta de Prevalencia y Características de Violencia contra las Mujeres,spreadsheet,78.88,https://nube.ine.gob.bo/index.php/s/ewIiXQk4SGzqvuY/download,True
2026-02-09 08:51:57-04:00,"BOLIVIA: MUJERES DE 15 AÑOS O MÁS DE EDAD, SEPARADAS, DIVORCIADAS Y VIUDAS, QUE HAN VIVIDO SITUACIONES DE VIOLENCIA  A LO LARGO DE LA RELACIÓN CON SU EX PAREJA, POR TIPO DE VIOLENCIA, SEGÚN CARACTERÍSTICA SELECCIONADA,  2016",Encuesta de Prevalencia y Características de Violencia contra las Mujeres,spreadsheet,80.13,https://nube.ine.gob.bo/index.php/s/gYf6DaBJWFn4F6R/download,True
2026-02-09 08:51:57-04:00,"BOLIVIA: CÉDULAS DE IDENTIDAD DE EXTRANJERO OTORGADAS POR GESTIÓN Y TIPO, SEGÚN LUGAR DE EMISIÓN Y SEXO, 2015 – 2024",Participación Política,spreadsheet,87.72,https://nube.ine.gob.bo/index.php/s/hJGqDIvJdZ7LoUZ/download,False
2026-02-09 08:51:57-04:00,"BOLIVIA: PORCENTAJE DE MUJERES DE 15 AÑOS O MÁS DE EDAD, EN SITUACIÓN DE  VIOLENCIA, SEGÚN DISPONIBILIDAD DE EQUIPAMIENTO EN LA VIVIENDA, 2016",Encuesta de Prevalencia y Características de Violencia contra las Mujeres,spreadsheet,77.59,https://nube.ine.gob.bo/index.php/s/hOK9ovZvsPKWXe3/download,True
2026-02-09 08:51:57-04:00,"BOLIVIA: MUJERES DE 15 AÑOS O MÁS DE EDAD, CASADAS O EN UNIÓN LIBRE, QUE HAN VIVIDO O VIVEN SITUACIONES DE VIOLENCIA EN SU RELACIÓN DE PAREJA, SEGÚN CARACTERÍSTICA SELECCIONADA, 2016",Encuesta de Prevalencia y Características de Violencia contra las Mujeres,spreadsheet,83.56,https://nube.ine.gob.bo/index.php/s/kiOdQc32Pp4jso8/download,True
2026-02-09 08:51:57-04:00,"BOLIVIA: MUJERES DE 15 AÑOS O MÁS DE EDAD, QUE A LO LARGO DE SU VIDA SUFRIERON ABUSO SEXUAL Y/O VIOLACIÓN/SEXO FORZADO, SEGÚN CARACTERÍSTICA SELECCIONADA,  2016",Encuesta de Prevalencia y Características de Violencia contra las Mujeres,spreadsheet,79.63,https://nube.ine.gob.bo/index.php/s/lNZeXqwJswEGP6e/download,True
2026-02-09 08:51:57-04:00,"BOLIVIA: DENUNCIAS DE DELITOS COMUNES, SEGÚN TIPO DE DELITO, 2007 – 2024",Registros Administrativos,spreadsheet,108.85,https://nube.ine.gob.bo/index.php/s/lRcEI4BqFrka8by/download,True
2026-02-09 08:51:57-04:00,"BOLIVIA: MUJERES DE 15 AÑOS O MÁS DE EDAD, POR CONDICIÓN DE HABER OÍDO HABLAR DE LA LEY 348, SEGÚN CARACTERÍSTICA SELECCIONADA, 2016",Encuesta de Prevalencia y Características de Violencia contra las Mujeres,spreadsheet,78.85,https://nube.ine.gob.bo/index.php/s/lRievjiudJDXP28/download,True
2026-02-09 08:51:57-04:00,"BOLIVIA: MUJERES DE 60 AÑOS O MÁS DE EDAD, EN SITUACIÓN DE VIOLENCIA EN SU ENTORNO, POR TIPO DE AGRESOR, SEGÚN FORMA DE VIOLENCIA,  2016",Encuesta de Prevalencia y Características de Violencia contra las Mujeres,spreadsheet,79.24,https://nube.ine.gob.bo/index.php/s/mHURoSSVW2DJXwN/download,True
2026-02-09 08:51:57-04:00,"BOLIVIA: MUJERES SOLTERAS DE 15 AÑOS O MÁS DE EDAD, QUE HAN VIVIDO O VIVEN SITUACIONES DE VIOLENCIA A LO LARGO DE SU RELACIÓN DE PAREJA, POR TIPO DE VIOLENCIA, SEGÚN CARACTERÍSTICA SELECCIONADA, 2016",Encuesta de Prevalencia y Características de Violencia contra las Mujeres,spreadsheet,79.99,https://nube.ine.gob.bo/index.php/s/np04KMOUVZpuW6H/download,True
2026-02-09 08:51:57-04:00,"BOLIVIA: MUJERES DE 15 AÑOS O MÁS DE EDAD EN SITUACIÓN DE  VIOLENCIA DE PAREJA, POR ÁREA, SEGÚN TENENCIA Y CALIDAD DE LA VIVIENDA, 2016",Encuesta de Prevalencia y Características de Violencia contra las Mujeres,spreadsheet,79.72,https://nube.ine.gob.bo/index.php/s/p1IcC1xMRC7bydA/download,True
2026-02-09 08:51:57-04:00,"BOLIVIA: MUJERES DE 15 AÑOS O MÁS DE EDAD, QUE HAN VIVIDO O VIVEN SITUACIONES DE VIOLENCIA EN LOS ÚLTIMOS DOCE MESES EN LA RELACIÓN DE PAREJA, POR  MOTIVOS O CAUSAS POR LAS QUE DENUNCIÓ, SEGÚN CARACTERÍSTICA SELECCIONADA, 2016",Encuesta de Prevalencia y Características de Violencia contra las Mujeres,spreadsheet,80.29,https://nube.ine.gob.bo/index.php/s/p2YUaop5Nb7iHzY/download,True
2026-02-09 08:51:57-04:00,"POTOSÍ: DENUNCIAS DE DELITOS COMUNES, SEGÚN TIPO DE DELITO, 2007 – 2024",Registros Administrativos,spreadsheet,108.59,https://nube.ine.gob.bo/index.php/s/rJ7SNkMTtwI0Zfd/download,True
2026-02-09 08:51:57-04:00,"ORURO: DENUNCIAS DE DELITOS COMUNES, SEGÚN TIPO DE DELITO, 2007 – 2024",Registros Administrativos,spreadsheet,108.48,https://nube.ine.gob.bo/index.php/s/rWcE3vg24v658cp/download,True
2026-02-09 08:51:57-04:00,"BOLIVIA: DENUNCIA DE CASOS DE DELITOS COMUNES DE MAYOR INCIDENCIA, SEGÚN DEPARTAMENTO Y TIPO DE DELITO, 2007 -2024",Registros Administrativos,spreadsheet,85.22,https://nube.ine.gob.bo/index.php/s/rb85ZWi9fyUJFHl/download,True
2026-02-09 08:51:57-04:00,"BOLIVIA: MUJERES  DE 15 AÑOS O MÁS DE EDAD, EN SITUACIONES DE VIOLENCIA PATRIMONIAL, SEGÚN TIPO DE AGRESOR,  2016",Encuesta de Prevalencia y Características de Violencia contra las Mujeres,spreadsheet,84.45,https://nube.ine.gob.bo/index.php/s/rdGHvECu0t8WZFo/download,True
2026-02-09 08:51:57-04:00,"SANTA CRUZ: DENUNCIAS DE DELITOS COMUNES, SEGÚN TIPO DE DELITO, 2007 – 2024",Registros Administrativos,spreadsheet,109.1,https://nube.ine.gob.bo/index.php/s/szlTK9DprnRFaqn/download,True
2026-02-09 08:51:57-04:00,"BOLIVIA: MUJERES DE 15 AÑOS O MÁS DE EDAD, QUE HAN VIVIDO O VIVEN SITUACIONES DE VIOLENCIA EN EL ÁMBITO EDUCATIVO, A LO LARGO DE SU VIDA, POR TIPO DE VIOLENCIA, SEGÚN CARACTERÍSTICA SELECCIONADA, 2016",Encuesta de Prevalencia y Características de Violencia contra las Mujeres,spreadsheet,80.66,https://nube.ine.gob.bo/index.php/s/uQkFzbxZcaMLQVF/download,True
2026-02-09 08:51:57-04:00,"BOLIVIA: MUJERES DE 15 AÑOS O MÁS DE EDAD, QUE TUVIERON O TIENEN PAREJA, POR ÁREA Y SITUACIÓN DE VIOLENCIA, SEGÚN  ACEPTACIÓN SOBRE ROLES DE GÉNERO, 2016",Encuesta de Prevalencia y Características de Violencia contra las Mujeres,spreadsheet,79.35,https://nube.ine.gob.bo/index.php/s/uxXEx6IZE8dLVbM/download,True
2026-02-09 08:51:57-04:00,"BOLIVIA: MUJERES DE 15 AÑOS O MÁS DE EDAD, QUE HAN VIVIDO O VIVEN SITUACIONES DE VIOLENCIA DE GÉNERO, EN LOS ÁMBITOS: SOCIAL, EDUCATIVO Y LABORAL, A LO LARGO DE SU VIDA, SEGÚN FORMA DE VIOLENCIA, 2016",Encuesta de Prevalencia y Características de Violencia contra las Mujeres,spreadsheet,77.54,https://nube.ine.gob.bo/index.php/s/vqjCqm3hdsuTUf3/download,True
2026-02-09 08:51:57-04:00,"BOLIVIA: MUJERES DE 15 AÑOS O MÁS DE EDAD, QUE HAN VIVIDO O VIVEN SITUACIONES DE VIOLENCIA EN EL ÁMBITO SOCIAL EN LOS ÚLTIMOS DOCE MESES, POR TIPO DE VIOLENCIA, SEGÚN CARACTERÍSTICA SELECCIONADA,  2016",Encuesta de Prevalencia y Características de Violencia contra las Mujeres,spreadsheet,80.81,https://nube.ine.gob.bo/index.php/s/xjau65M7BgO9oal/download,True
2026-02-09 08:51:57-04:00,"BOLIVIA: MUJERES DE 15 AÑOS O MÁS DE EDAD, POR SITUACIÓN EN LA QUE JUSTIFICAN LA VIOLENCIA CONTRA LA MUJER, SEGÚN ÁREA  Y DEPARTAMENTO, 2016",Encuesta de Prevalencia y Características de Violencia contra las Mujeres,spreadsheet,77.75,https://nube.ine.gob.bo/index.php/s/zblTLr5roGFzGNO/download,True
2026-02-09 08:51:57-04:00,"BENI: DENUNCIAS DE DELITOS COMUNES, SEGÚN TIPO DE DELITO, 2007 – 2024",Registros Administrativos,spreadsheet,108.67,https://nube.ine.gob.bo/index.php/s/zndmd8EN31AjPUm/download,True
2026-02-09 08:51:58-04:00,"BOLIVIA: FALTAS Y CONTRAVENCIONES REGISTRADAS, SEGÚN DEPARTAMENTO Y TIPO DE FALTAS, 2006 – 2020",Registros Administrativos,spreadsheet,175.62,https://nube.ine.gob.bo/index.php/s/MBCPYoNp2aKjoU2/download,True
2026-02-09 10:27:31-04:00,FICHA TÉCNICA – ESTADÍSTICAS ESTRUCTURALES,Estadísticas Estructurales,pdf,949.4,https://nube.ine.gob.bo/index.php/s/Boa9WBFu1m1nyBw/download,False
2026-02-09 13:12:15-04:00,"BOLIVIA: POBLACIÓN ESTIMADA Y PROYECTADA POR DEPARTAMENTO, SEGÚN AÑOS CALENDARIO, 2024-2034",Población y Hechos Vitales,spreadsheet,76.21,https://nimbus.ine.gob.bo/index.php/s/Dckwi79Zzn9sJdW/download,True
2026-02-09 13:12:15-04:00,"BOLIVIA: POBLACIÓN ESTIMADA Y PROYECTADA POR DEPARTAMENTO, SEGÚN AÑOS CALENDARIO, 2012-2022",Población y Hechos Vitales,spreadsheet,76.21,https://nube.ine.gob.bo/index.php/s/21iRmm8XM2x4U5t/download,True
2026-02-09 15:07:21-04:00,"BOLIVIA: PROYECCIÓN DE LA POBLACIÓN TOTAL E INDICADORES DEMOGRÁFICOS, 2012-2020",Población y Hechos Vitales,excel,427.5,https://nube.ine.gob.bo/index.php/s/9d0SrEUNSnxnHTc/download,True
2026-02-09 15:07:21-04:00,"BOLIVIA: PROYECCIONES DE POBLACIÓN DE AMBOS SEXOS, SEGÚN EDAD, 2012-2020",Población y Hechos Vitales,spreadsheet,83.92,https://nube.ine.gob.bo/index.php/s/AbsE2G0qzuc0Rwv/download,True
2026-02-09 15:07:21-04:00,"BOLIVIA: POBLACIÓN ESTIMADA Y PROYECTADA Y TASA DE CRECIMIENTO SEGÚN AÑOS CALENDARIO, 2000 – 2050",Población y Hechos Vitales,excel,320.0,https://nube.ine.gob.bo/index.php/s/HDsbRZQ9Zctk0Wa/download,True
2026-02-09 15:07:21-04:00,"BOLIVIA: PROYECCIONES DE POBLACIÓN DE AMBOS SEXOS, POR DEPARTAMENTO SEGÚN EDADES SIMPLES, 2012-2020",Población y Hechos Vitales,excel,384.0,https://nube.ine.gob.bo/index.php/s/JHnZ7zHhri0bWY1/download,True
2026-02-09 15:07:21-04:00,"BOLIVIA: POBLACIÓN ESTIMADA Y PROYECTADA POR DEPARTAMENTO, SEGÚN AÑOS CALENDARIO, 2000-2025",Población y Hechos Vitales,spreadsheet,79.12,https://nube.ine.gob.bo/index.php/s/JPqPbknARAJX8Rt/download,True
2026-02-09 15:07:21-04:00,"BOLIVIA: PROYECCIÓN DE LA POBLACIÓN TOTAL E INDICADORES DEMOGRÁFICOS, POR DEPARTAMENTO  2012-2020",Población y Hechos Vitales,excel,547.5,https://nube.ine.gob.bo/index.php/s/L2SPHTzNcR5flCV/download,True
2026-02-09 15:07:21-04:00,"BOLIVIA: PROYECCIONES DE POBLACIÓN, SEGÚN DEPARTAMENTO Y MUNICIPIO, 2012-2020",Población y Hechos Vitales,spreadsheet,106.02,https://nube.ine.gob.bo/index.php/s/nuZZ0mT0tX6alah/download,True
2026-02-09 15:57:10-04:00,"BOLIVIA: PROYECCIONES DE POBLACIÓN DE AMBOS SEXOS, SEGÚN EDAD, 2012-2022",Población y Hechos Vitales,spreadsheet,84.99,https://nube.ine.gob.bo/index.php/s/4HGAf9gp5E6k68z/download,True
2026-02-09 15:57:10-04:00,"BOLIVIA: PROYECCIONES DE POBLACIÓN POR SEXO, SEGÚN EDAD, 2012-2022",Población y Hechos Vitales,spreadsheet,99.8,https://nube.ine.gob.bo/index.php/s/DzUf2p2GnkVFwFQ/download,True
2026-02-09 15:57:10-04:00,"BOLIVIA: PROYECCIONES DE POBLACIÓN, SEGÚN DEPARTAMENTO Y MUNICIPIO, 2012-2022",Población y Hechos Vitales,excel,328.5,https://nube.ine.gob.bo/index.php/s/ScBaqvua5kYGLVI/download,True
2026-02-09 15:57:10-04:00,"BOLIVIA: PROYECCIÓN DE LA POBLACIÓN TOTAL E INDICADORES DEMOGRÁFICOS, 2012-2022",Población y Hechos Vitales,excel,431.5,https://nube.ine.gob.bo/index.php/s/Uo1sdFNHCzmy6hi/download,True
2026-02-09 15:57:10-04:00,"BOLIVIA: POBLACIÓN ESTIMADA Y PROYECTADA Y TASA DE CRECIMIENTO SEGÚN AÑOS CALENDARIO, 2000 – 2050",Población y Hechos Vitales,excel,322.5,https://nube.ine.gob.bo/index.php/s/fyeHKHO9Zaeep2y/download,True
2026-02-09 15:57:10-04:00,"BOLIVIA: PROYECCIONES DE POBLACIÓN DE AMBOS SEXOS, POR DEPARTAMENTO SEGÚN EDADES SIMPLES, 2012-2022",Población y Hechos Vitales,excel,392.5,https://nube.ine.gob.bo/index.php/s/psWyvuZKoVecTea/download,True
2026-02-09 15:57:10-04:00,"BOLIVIA: PROYECCIÓN DE LA POBLACIÓN TOTAL E INDICADORES DEMOGRÁFICOS, POR DEPARTAMENTO  2012-2022",Población y Hechos Vitales,excel,548.5,https://nube.ine.gob.bo/index.php/s/u6zGnWJ12QpAKqu/download,True
2026-02-09 15:57:10-04:00,"BOLIVIA: PROYECCIONES DE POBLACIÓN POR SEXO, SEGÚN DEPARTAMENTO Y EDAD, 2012-2022",Población y Hechos Vitales,spreadsheet,372.63,https://nube.ine.gob.bo/index.php/s/vFDAf81LAB0xM4s/download,True
2026-02-10 16:09:54-04:00,ADQUISICIÓN LICENCIAS DE SOLUCIÓN DE CIBERSEGURIDAD/ANTIVIRUS,Convocatorias de Bienes y Servicios,pdf,742.31,https://nube.ine.gob.bo/index.php/s/tul9mDXlX9HsiR5/download,True
2026-02-10 17:51:41-04:00,Bolivia – Acopio de leche según Año y Mes 2018 – 2025,Subproductos Pecuarios,spreadsheet,90.15,https://nube.ine.gob.bo/index.php/s/BAjYkM2PpZ4LnTo/download,True
2026-02-12 16:12:13-04:00,BOLIVIA ÍNDICE GENERAL DE CONSUMO DE SERVICIOS BASICOS POR TIPO DE SERVICIO SEGÚN AÑO Y MES 1990 – 2025,Servicios Básicos,spreadsheet,400.55,https://nube.ine.gob.bo/index.php/s/Y3qWmKzJadFhVe9/download,True
2026-02-12 16:13:35-04:00,BOLIVIA ÍNDICE DE CONSUMO DE AGUA POTABLE POR CATEGORIA SEGÚN AÑO Y MES 1990 – 2025,Servicios Básicos,spreadsheet,419.83,https://nube.ine.gob.bo/index.php/s/pcJIE4X3gGOTbua/download,True
2026-02-18 10:29:00-04:00,"BOLIVIA ÍNDICE DE CONSUMO DE ENERGIA ELECTRICA POR TIPO DE USUARIO SEGÚN AÑO Y MES, 1990 – 2025",Servicios Básicos,spreadsheet,572.94,https://nube.ine.gob.bo/index.php/s/YjA7ClnBp3KxZM0/download,True
2026-02-18 11:14:16-04:00,Bolivia – Producción de Minerales del Sector Estatal por Tipo de Mineral según Año y Mes 1990 – 2025,Minería,spreadsheet,278.92,https://nube.ine.gob.bo/index.php/s/rDXU3VD9HtB9wse/download,True
2026-02-18 11:15:56-04:00,Bolivia – Exportaciones de Oro según Año y Mes 1992 – 2025,Minería,spreadsheet,88.78,https://nube.ine.gob.bo/index.php/s/5QTGcPvgRlYbn0T/download,True
2026-02-18 11:16:50-04:00,"Bolivia – Índice de Volumen de Producción de Minerales por Subsector de la Minería Estatal y Tipo de Mineral según Año y Mes, 2000 – 2025",Minería,spreadsheet,312.02,https://nube.ine.gob.bo/index.php/s/VXjWapDBbCtt1Fy/download,True
2026-02-18 11:18:54-04:00,"Bolivia – Índice de Volumen de Producción de Minerales por Subsector de la Minería Mediana y Tipo de Mineral según Año y Mes, 2000 – 2025",Minería,spreadsheet,371.53,https://nube.ine.gob.bo/index.php/s/UnT7jDvvuLs75Jx/download,True
2026-02-18 11:19:30-04:00,Bolivia – Cotización Oficial de Minerales por Tipo de Mineral según Año y Mes 1990 – 2025,Minería,spreadsheet,295.35,https://nube.ine.gob.bo/index.php/s/wVd1im9ObA3uEiv/download,True
2026-02-18 13:07:46-04:00,Bolivia – Producción de Gas Natural por Departamento según Año y Mes 2001 – 2025,Hidrocarburos,spreadsheet,285.44,https://nube.ine.gob.bo/index.php/s/QQ1WOj4zNwoeFlx/download,True
2026-02-18 13:08:55-04:00,Bolivia – Producción de Petróleo y Gas Natural según Año y Mes 1990 – 2025,Hidrocarburos,spreadsheet,277.4,https://nube.ine.gob.bo/index.php/s/Zc56MHV1Zrt0fJY/download,True
2026-02-18 13:09:17-04:00,Bolivia – Producción de Petroleó Condensado según Departamento según Año y Mes 2001 – 2025,Hidrocarburos,spreadsheet,281.66,https://nube.ine.gob.bo/index.php/s/KIPGq5qCqWh58GW/download,True
2026-02-18 13:09:38-04:00,Bolivia – Producción Refinados de Petróleo según Año y Mes 1990 – 2025,Hidrocarburos,spreadsheet,320.01,https://nube.ine.gob.bo/index.php/s/jRaBIT85FZiuu3P/download,True
2026-02-18 14:09:42-04:00,Bolivia – Volumen Comercializado de Gas Natural Vehicular según Departamento según Año y Mes 2010 – 2025,Hidrocarburos,spreadsheet,287.44,https://nube.ine.gob.bo/index.php/s/oAibslam6h0MHq2/download,True
2026-02-18 14:10:26-04:00,Bolivia – Volumen Comercializado de Gas Natural según Red de Distribución según Año y Mes 2006 – 2025,Hidrocarburos,spreadsheet,292.2,https://nube.ine.gob.bo/index.php/s/Jsm9uMT7L9ALmWr/download,True
2026-02-18 14:12:43-04:00,Bolivia – Índice de Volumen de Producción de Petróleo y Gas Natural según Año y Mes 1990 – 2025,Hidrocarburos,spreadsheet,355.51,https://nube.ine.gob.bo/index.php/s/JRJcmSTdvfo1C49/download,True
2026-02-18 14:13:36-04:00,Bolivia – Índice de Volumen de Productos Refinados de Petróleo según Año y Mes 2009 – 2025,Hidrocarburos,spreadsheet,360.67,https://nube.ine.gob.bo/index.php/s/grPxr6N5xlmSN8A/download,True
2026-02-18 14:14:04-04:00,Bolivia – Índice de Volumen Comercializada de Refinados al Mercado Interno por Producto según Año y Mes 1990 – 2025,Hidrocarburos,spreadsheet,437.33,https://nube.ine.gob.bo/index.php/s/OVHLsJcnucJb1Ja/download,True
2026-02-18 14:14:32-04:00,"Bolivia – Índice de Volumen, Precio y Valor de Ventas de Productos Refinados según Año y Mes 1990 – 2025",Hidrocarburos,spreadsheet,278.88,https://nube.ine.gob.bo/index.php/s/JGdbqYx1pWIGgLX/download,True
2026-02-18 16:50:31-04:00,BOLETÍN ESTADÍSTICO PRECIOS INTERNACIONALES ENERO DE 2026,Precios Internacionales,pdf,1403.31,https://nimbus.ine.gob.bo/index.php/s/743ZqGozqbQxfxG/download,True
2026-02-20 12:10:21-04:00,"Bolivia – Índice General de Transporte por Modalidad según Año y Mes, 1990 – 2025",Transporte,spreadsheet,210.21,https://nube.ine.gob.bo/index.php/s/re9ImgxSMvi4aSY/download,True
2026-02-20 12:15:21-04:00,"Bolivia – Índice de Volumen de Transporte Ferroviario por Tipo de Servicio según Año y Mes, 1990 – 2025",Transporte,spreadsheet,271.18,https://nube.ine.gob.bo/index.php/s/MdGrkyKcz2j4E7b/download,True
2026-02-20 12:20:24-04:00,"Bolivia – Índice de Volumen de Transporte Ferroviario por Red según Año y Mes, 1990 – 2025",Transporte,spreadsheet,185.82,https://nube.ine.gob.bo/index.php/s/HZFs6GQX8ruw9Rq/download,True
2026-02-20 12:35:26-04:00,"Bolivia – Índice de Volumen de Transporte Ferroviario por Tipo de Servicio y Red según Año y Mes, 1990 – 2025",Transporte,spreadsheet,225.85,https://nube.ine.gob.bo/index.php/s/gZp78h5YhiEl8fY/download,True
2026-02-20 12:41:10-04:00,"Bolivia – Índice de Volumen de Transporte Carretero por Tipo de Servicio según Año y Mes, 1992 – 2025",Transporte,spreadsheet,242.98,https://nube.ine.gob.bo/index.php/s/cWuOKUUASOMpnbQ/download,True
2026-02-20 13:43:07-04:00,"Bolivia – Índice de Volumen de Transporte Carretero de Pasajeros por Flujo según Año y Mes, 1992 – 2025",Transporte,spreadsheet,176.84,https://nube.ine.gob.bo/index.php/s/szWpuyTpuCjlBIv/download,True
2026-02-20 13:50:23-04:00,"Bolivia – Índice de Volumen de Transporte Carretero por Tipo de Servicio y Flujo según Año y Mes, 1992 – 2025",Transporte,spreadsheet,314.92,https://nube.ine.gob.bo/index.php/s/wRsuLXTHK1zxWMs/download,True
2026-02-20 13:59:51-04:00,"Bolivia – Índice de Volumen de Transporte Aéreo por Tipo de Servicio según Año y Mes, 1990 – 2025",Transporte,spreadsheet,185.84,https://nube.ine.gob.bo/index.php/s/LNFY4xyFTWAau7r/download,True
2026-02-20 14:08:09-04:00,"Bolivia – Índice de Volumen de Transporte Aéreo por Ruta Nacional y Internacional según Año y Mes, 1990 – 2025",Transporte,spreadsheet,247.6,https://nube.ine.gob.bo/index.php/s/9Rjn3JIfFF0HUuF/download,True
2026-02-20 14:24:32-04:00,"Bolivia – Índice de Volumen de Transporte Aéreo por Ruta y Tipo de Servicio Nacional según Año y Mes, 1990 – 2025",Transporte,spreadsheet,414.0,https://nube.ine.gob.bo/index.php/s/yw1bM0W7cxgfRFO/download,True
2026-02-20 14:34:10-04:00,"Bolivia – Índice de Volumen de Transporte Aéreo Internacional por Tipo de Servicio y Flujo según Año y Mes, 1990 – 2025",Transporte,spreadsheet,307.29,https://nube.ine.gob.bo/index.php/s/mieC8armFhwSQDk/download,True
2026-02-20 14:40:18-04:00,"Bolivia – Índice de Volumen de Transporte por Hidrocarburos por Ductos por Tipo Ductos, según Año y Mes, 1990 – 2025",Transporte,spreadsheet,167.64,https://nube.ine.gob.bo/index.php/s/mlZR1U2lNm9plFX/download,True
2026-02-20 14:50:11-04:00,"Bolivia – Índice de Volumen de Transporte por Hidrocarburos por Ductos, por Mercado según Año y Mes, 1990 – 2025",Transporte,spreadsheet,214.38,https://nube.ine.gob.bo/index.php/s/P6ZxRldYIzwhtv5/download,True
2026-02-20 15:01:22-04:00,"Bolivia – Índice de Volumen de Transporte por Hidrocarburos por Ductos por Tipo Ductos y Mercado según Año y Mes, 1990 – 2025",Transporte,spreadsheet,240.54,https://nube.ine.gob.bo/index.php/s/bkiOsqtNFsRsEde/download,True
2026-02-20 15:04:54-04:00,"Bolivia – Flujo del Transporte Ferroviario por Red y Tipo de Servicio según Año y Mes, 1999 – 2025",Transporte,spreadsheet,103.99,https://nube.ine.gob.bo/index.php/s/qbczrTYwvGq8gtU/download,True
2026-02-20 15:12:06-04:00,"Bolivia – Flujo de Volumen del Transporte Aéreo de Carga por Flujo y Ruta según Año y Mes, 2009 – 2025",Transporte,spreadsheet,104.92,https://nube.ine.gob.bo/index.php/s/qKQPT1f7ueo4wav/download,True
2026-02-20 15:16:39-04:00,"Bolivia – Flujo del Transporte Carretero de Pasajeros por Red según Año y Mes, 1992 – 2025",Transporte,spreadsheet,104.88,https://nube.ine.gob.bo/index.php/s/H2s2keO2dQEt6tZ/download,True
2026-02-20 15:18:59-04:00,"Bolivia – Flujo del Transporte Aéreo de Pasajeros por Flujo y Ruta según Año y Mes, 2009 – 2025",Transporte,spreadsheet,97.92,https://nube.ine.gob.bo/index.php/s/GUwyjrMe1WKDB2f/download,True
2026-02-20 15:19:59-04:00,"La Paz – Numero de Pasajeros Transportados por Cable, según Mes, 2014 – 2025",Transporte,excel,96.5,https://nube.ine.gob.bo/index.php/s/otwlELD2kVvCDO2/download,True
2026-02-20 15:21:03-04:00,"Oruro – Numero de Pasajeros Transportados por Cable, según Mes, 2018 – 2025",Transporte,spreadsheet,76.86,https://nube.ine.gob.bo/index.php/s/W2QOGSJ2tYL5CZa/download,True
2026-02-20 16:49:10-04:00,BOLIVIA CONSUMO DE AGUA POTABLE POR CATEGORÍA 2017 – 2025,Servicios Básicos,spreadsheet,85.14,https://nube.ine.gob.bo/index.php/s/kVLBof5FiTKlBjn/download,True
2026-02-20 16:51:49-04:00,BOLIVIA GENERACION BRUTA DE ENERGÍA ELÉCTRICA POR TIPO 2018 – 2025,Servicios Básicos,spreadsheet,89.93,https://nube.ine.gob.bo/index.php/s/OVvTlpP2XCescv4/download,True
2026-02-20 19:57:42-04:00,"BOLIVIA CONSUMO DE GAS NATURAL POR RED, POR CATEGORÍA SEGÚN PERIODO, 2017 – 2025",Servicios Básicos,spreadsheet,84.95,https://nube.ine.gob.bo/index.php/s/MGxadfF92lgRVJc/download,True
2026-02-20 20:15:54-04:00,BOLIVIA CONSUMO DE ENERGIA ELÉCTRICA POR CATEGORÍA 2017 – 2025,Servicios Básicos,spreadsheet,96.21,https://nube.ine.gob.bo/index.php/s/6AGtV4GC3RHIY1g/download,True
2026-02-23 16:35:52-04:00,"BOLIVIA: VARIACION DE LA FORMACIÓN BRUTA CAPITAL FIJO A PRECIOS CONSTANTES SEGÚN PRODUCTO, 1989 – 2024",Formación Bruta de Capital Fijo,spreadsheet,70.9,https://nimbus.ine.gob.bo/index.php/s/Ba9KrqcJ2AZcg4K/download,True
2026-02-23 16:35:52-04:00,"BOLIVIA: PARTICIPACIÓN DE LA FORMACIÓN BRUTA DE CAPITAL FIJO A PRECIOS CORRIENTES SEGÚN PRODUCTO, 1988 – 2024",Formación Bruta de Capital Fijo,spreadsheet,71.48,https://nimbus.ine.gob.bo/index.php/s/EYW87E2XgkwzCoT/download,True
2026-02-23 16:37:21-04:00,"BOLIVIA: PRODUCTO INTERNO BRUTO A PRECIOS CONSTANTES SEGÚN ACTIVIDAD ECONÓMICA, 1988 – 2024",Introducción,spreadsheet,79.28,https://nimbus.ine.gob.bo/index.php/s/2KHFcBjKB2DW5gX/download,False
2026-02-23 16:37:21-04:00,"BOLIVIA: DEFLACTOR IMPLICITO DEL PRODUCTO INTERNO BRUTO POR ACTIVIDAD ECONÓMICA, 1988 – 2024",Introducción,spreadsheet,78.08,https://nimbus.ine.gob.bo/index.php/s/FFQmPPNQaCFCspH/download,False
2026-02-23 16:37:47-04:00,"TARIJA: DEFLACTOR IMPLÍCITO DEL PRODUCTO INTERNO BRUTO, SEGÚN ACTIVIDAD ECONÓMICA, 1988 – 2024",Producto Interno Bruto Departamental,spreadsheet,79.72,https://nube.ine.gob.bo/index.php/s/039xnQvDBgCjV3X/download,True
2026-02-23 16:37:47-04:00,"COCHABAMBA: PRODUCTO INTERNO BRUTO A PRECIOS CORRIENTES, SEGÚN ACTIVIDAD ECONÓMICA, 1988 – 2024",Producto Interno Bruto Departamental,spreadsheet,81.4,https://nube.ine.gob.bo/index.php/s/19qyMAKbnrGxBhC/download,True
2026-02-23 16:37:47-04:00,"POTOSÍ: VARIACION DEL PRODUCTO INTERNO BRUTO A PRECIOS CONSTANTES, SEGÚN ACTIVIDAD ECONÓMICA, 1989 – 2024",Producto Interno Bruto Departamental,spreadsheet,78.24,https://nube.ine.gob.bo/index.php/s/3YXR7szfR3Q7TFn/download,True
2026-02-23 16:37:47-04:00,"BENI: VARIACION DEL PRODUCTO INTERNO BRUTO A PRECIOS CONSTANTES, SEGÚN ACTIVIDAD ECONÓMICA, 1989 – 2024",Producto Interno Bruto Departamental,spreadsheet,79.15,https://nube.ine.gob.bo/index.php/s/50ckwLTrbNADm8k/download,True
2026-02-23 16:37:47-04:00,"POTOSÍ: PRODUCTO INTERNO BRUTO A PRECIOS CORRIENTES, SEGÚN ACTIVIDAD ECONÓMICA, 1988 – 2024",Producto Interno Bruto Departamental,spreadsheet,78.97,https://nube.ine.gob.bo/index.php/s/7SVR7AuX6H8l45H/download,True
2026-02-23 16:37:47-04:00,"SANTA CRUZ: DEFLACTOR IMPLÍCITO DEL PRODUCTO INTERNO BRUTO, SEGÚN ACTIVIDAD ECONÓMICA, 1988 – 2024",Producto Interno Bruto Departamental,spreadsheet,80.15,https://nube.ine.gob.bo/index.php/s/7zQF5y0oKhBHreg/download,True
2026-02-23 16:37:47-04:00,"POTOSÍ: DEFLACTOR IMPLÍCITO DEL PRODUCTO INTERNO BRUTO, SEGÚN ACTIVIDAD ECONÓMICA, 1988 – 2024",Producto Interno Bruto Departamental,spreadsheet,78.41,https://nube.ine.gob.bo/index.php/s/DcOvE10u7QhXBgL/download,True
2026-02-23 16:37:47-04:00,"SANTA CRUZ: PARTICIPACIÓN EN EL PRODUCTO INTERNO BRUTO A PRECIOS CORRIENTES, SEGÚN ACTIVIDAD ECONÓMICA, 1988 – 2024",Producto Interno Bruto Departamental,spreadsheet,79.99,https://nube.ine.gob.bo/index.php/s/EsenEoMg4j88jXD/download,True
2026-02-23 16:37:47-04:00,"LA PAZ: VARIACION DEL PRODUCTO INTERNO BRUTO A PRECIOS CONSTANTES, SEGÚN ACTIVIDAD ECONÓMICA, 1989 – 2024",Producto Interno Bruto Departamental,spreadsheet,76.84,https://nube.ine.gob.bo/index.php/s/FdvExIEZ27HNZTn/download,True
2026-02-23 16:37:47-04:00,"COCHABAMBA: VARIACION DEL PRODUCTO INTERNO BRUTO A PRECIOS CONSTANTES, SEGÚN ACTIVIDAD ECONÓMICA, 1989 – 2024",Producto Interno Bruto Departamental,spreadsheet,80.79,https://nube.ine.gob.bo/index.php/s/Ga8cEWN1Fl8dhnw/download,True
2026-02-23 16:37:47-04:00,"TARIJA: PARTICIPACIÓN EN EL PRODUCTO INTERNO BRUTO A PRECIOS CORRIENTES, SEGÚN ACTIVIDAD ECONÓMICA, 1988 – 2024",Producto Interno Bruto Departamental,spreadsheet,79.49,https://nube.ine.gob.bo/index.php/s/HA5C4YZLhrJb3U7/download,True
2026-02-23 16:37:47-04:00,"ORURO: PARTICIPACIÓN EN EL PRODUCTO INTERNO BRUTO A PRECIOS CORRIENTES, SEGÚN ACTIVIDAD ECONÓMICA, 1988 – 2024",Producto Interno Bruto Departamental,spreadsheet,80.34,https://nube.ine.gob.bo/index.php/s/J1Bt9MF6cxVWY0B/download,True
2026-02-23 16:37:47-04:00,"LA PAZ: PRODUCTO INTERNO BRUTO A PRECIOS CONSTANTES, SEGÚN ACTIVIDAD ECONÓMICA, 1988 – 2024",Producto Interno Bruto Departamental,spreadsheet,76.3,https://nube.ine.gob.bo/index.php/s/JGySvLfLxfxhIzb/download,True
2026-02-23 16:37:47-04:00,"PANDO: PRODUCTO INTERNO BRUTO A PRECIOS CONSTANTES, SEGÚN ACTIVIDAD ECONÓMICA, 1988 – 2024",Producto Interno Bruto Departamental,spreadsheet,79.32,https://nube.ine.gob.bo/index.php/s/K9n4oiVsQoPyBsu/download,True
2026-02-23 16:37:47-04:00,"CHUQUISACA: PRODUCTO INTERNO BRUTO A PRECIOS CORRIENTES, SEGÚN ACTIVIDAD ECONÓMICA, 1988 – 2024",Producto Interno Bruto Departamental,spreadsheet,80.89,https://nube.ine.gob.bo/index.php/s/LB1fJabf7mxQMdJ/download,True
2026-02-23 16:37:47-04:00,"POTOSÍ: PRODUCTO INTERNO BRUTO A PRECIOS CONSTANTES, SEGÚN ACTIVIDAD ECONÓMICA, 1988 – 2024",Producto Interno Bruto Departamental,spreadsheet,78.78,https://nube.ine.gob.bo/index.php/s/NkBlw9xk2zTIcFO/download,True
2026-02-23 16:37:47-04:00,"SANTA CRUZ: PRODUCTO INTERNO BRUTO A PRECIOS CORRIENTES, SEGÚN ACTIVIDAD ECONÓMICA, 1988 – 2024",Producto Interno Bruto Departamental,spreadsheet,80.53,https://nube.ine.gob.bo/index.php/s/ObyB7K4peHPfCCI/download,True
2026-02-23 16:37:47-04:00,"BOLIVIA: PARTICIPACIÓN DEPARTAMENTAL EN EL PRODUCTO INTERNO BRUTO, SEGÚN DEPARTAMENTO, 1988 – 2024",Producto Interno Bruto Departamental,spreadsheet,66.61,https://nube.ine.gob.bo/index.php/s/PEtIcuVdcCqsejn/download,True
2026-02-23 16:37:47-04:00,"ORURO: PRODUCTO INTERNO BRUTO A PRECIOS CONSTANTES, SEGÚN ACTIVIDAD ECONÓMICA, 1988 – 2024",Producto Interno Bruto Departamental,spreadsheet,79.37,https://nube.ine.gob.bo/index.php/s/PycgCZK6K6siAJc/download,True
2026-02-23 16:37:47-04:00,"PANDO: VARIACION DEL PRODUCTO INTERNO BRUTO A PRECIOS CONSTANTES, SEGÚN ACTIVIDAD ECONÓMICA, 1989 – 2024",Producto Interno Bruto Departamental,spreadsheet,78.89,https://nube.ine.gob.bo/index.php/s/Pz4su0x9IRmGUZe/download,True
2026-02-23 16:37:47-04:00,"BENI: DEFLACTOR IMPLÍCITO DEL PRODUCTO INTERNO BRUTO, SEGÚN ACTIVIDAD ECONÓMICA, 1988 – 2024",Producto Interno Bruto Departamental,spreadsheet,79.5,https://nube.ine.gob.bo/index.php/s/RyU99oEj1nxHtfn/download,True
2026-02-23 16:37:47-04:00,"COCHABAMBA: PRODUCTO INTERNO BRUTO A PRECIOS CONSTANTES, SEGÚN ACTIVIDAD ECONÓMICA, 1988 – 2024",Producto Interno Bruto Departamental,spreadsheet,81.23,https://nube.ine.gob.bo/index.php/s/TPp9wVaoTi9eRxp/download,True
2026-02-23 16:37:47-04:00,"ORURO: PRODUCTO INTERNO BRUTO A PRECIOS CORRIENTES, SEGÚN ACTIVIDAD ECONÓMICA, 1988 – 2024",Producto Interno Bruto Departamental,spreadsheet,79.62,https://nube.ine.gob.bo/index.php/s/Tu4spsk5XiQwiMP/download,True
2026-02-23 16:37:47-04:00,"LA PAZ: PRODUCTO INTERNO BRUTO A PRECIOS CORRIENTES, SEGÚN ACTIVIDAD ECONÓMICA, 1988 – 2024",Producto Interno Bruto Departamental,spreadsheet,80.99,https://nube.ine.gob.bo/index.php/s/Vh2xuLSeb2HiFxX/download,True
2026-02-23 16:37:47-04:00,"COCHABAMBA: PARTICIPACIÓN EN EL PRODUCTO INTERNO BRUTO A PRECIOS CORRIENTES, SEGÚN ACTIVIDAD ECONÓMICA, 1988 – 2024",Producto Interno Bruto Departamental,spreadsheet,80.58,https://nube.ine.gob.bo/index.php/s/VzNRxQGMTFKgB0Z/download,True
2026-02-23 16:37:47-04:00,"SANTA CRUZ: PRODUCTO INTERNO BRUTO A PRECIOS CONSTANTES, SEGÚN ACTIVIDAD ECONÓMICA, 1988 – 2024",Producto Interno Bruto Departamental,spreadsheet,80.35,https://nube.ine.gob.bo/index.php/s/WFE06wQEezoctP5/download,True
2026-02-23 16:37:47-04:00,"TARIJA: VARIACION DEL PRODUCTO INTERNO BRUTO A PRECIOS CONSTANTES, SEGÚN ACTIVIDAD ECONÓMICA, 1989 – 2024",Producto Interno Bruto Departamental,spreadsheet,79.64,https://nube.ine.gob.bo/index.php/s/XFZtiPTrzqyCIaW/download,True
2026-02-23 16:37:47-04:00,"PANDO: PRODUCTO INTERNO BRUTO A PRECIOS CORRIENTES, SEGÚN ACTIVIDAD ECONÓMICA, 1988 – 2024",Producto Interno Bruto Departamental,spreadsheet,80.15,https://nube.ine.gob.bo/index.php/s/XfJF9Zv24VAg88d/download,True
2026-02-23 16:37:47-04:00,"PANDO: PARTICIPACIÓN EN EL PRODUCTO INTERNO BRUTO A PRECIOS CORRIENTES, SEGÚN ACTIVIDAD ECONÓMICA, 1988 – 2024",Producto Interno Bruto Departamental,spreadsheet,78.98,https://nube.ine.gob.bo/index.php/s/a6I3bgB5p9hZUSo/download,True
2026-02-23 16:37:47-04:00,"PANDO: DEFLACTOR IMPLÍCITO DEL PRODUCTO INTERNO BRUTO, SEGÚN ACTIVIDAD ECONÓMICA, 1988 – 2024",Producto Interno Bruto Departamental,spreadsheet,79.09,https://nube.ine.gob.bo/index.php/s/cR0vnfwQMvNbTE6/download,True
2026-02-23 16:37:47-04:00,"BENI: PRODUCTO INTERNO BRUTO A PRECIOS CONSTANTES, SEGÚN ACTIVIDAD ECONÓMICA, 1988 – 2024",Producto Interno Bruto Departamental,spreadsheet,81.03,https://nube.ine.gob.bo/index.php/s/f5jJXWvS5DT3joh/download,True
2026-02-23 16:37:47-04:00,"CHUQUISACA: VARIACION DEL PRODUCTO INTERNO BRUTO A PRECIOS CONSTANTES, SEGÚN ACTIVIDAD ECONÓMICA, 1989 – 2024",Producto Interno Bruto Departamental,spreadsheet,80.44,https://nube.ine.gob.bo/index.php/s/fjrtQnTVWO37WXD/download,True
2026-02-23 16:37:47-04:00,"BOLIVIA: DEFLACTOR IMPLÍCITO DEL PRODUCTO INTERNO BRUTO, SEGÚN DEPARTAMENTO, 1988 – 2024",Producto Interno Bruto Departamental,spreadsheet,67.31,https://nube.ine.gob.bo/index.php/s/gFZ8WCmJA0QLXmt/download,True
2026-02-23 16:37:47-04:00,"BOLIVIA: PRODUCTO INTERNO BRUTO, SEGÚN DEPARTAMENTO, 1988 – 2024",Producto Interno Bruto Departamental,spreadsheet,67.59,https://nube.ine.gob.bo/index.php/s/gYngDQAZz7QANop/download,True
2026-02-23 16:37:47-04:00,"LA PAZ: DEFLACTOR IMPLÍCITO DEL PRODUCTO INTERNO BRUTO, SEGÚN ACTIVIDAD ECONÓMICA, 1988 – 2024",Producto Interno Bruto Departamental,spreadsheet,81.39,https://nube.ine.gob.bo/index.php/s/h3nnTCmAw0PXoYA/download,True
2026-02-23 16:37:47-04:00,"CHUQUISACA: PRODUCTO INTERNO BRUTO A PRECIOS CONSTANTES, SEGÚN ACTIVIDAD ECONÓMICA, 1988 – 2024",Producto Interno Bruto Departamental,spreadsheet,81.13,https://nube.ine.gob.bo/index.php/s/hHU8psn75hWR8fV/download,True
2026-02-23 16:37:47-04:00,"BENI: PRODUCTO INTERNO BRUTO A PRECIOS CORRIENTES, SEGÚN ACTIVIDAD ECONÓMICA, 1988 – 2024",Producto Interno Bruto Departamental,spreadsheet,80.07,https://nube.ine.gob.bo/index.php/s/hwx1WCz3vwOBIAr/download,True
2026-02-23 16:37:47-04:00,"ORURO: VARIACION DEL PRODUCTO INTERNO BRUTO A PRECIOS CONSTANTES, SEGÚN ACTIVIDAD ECONÓMICA, 1989 – 2024",Producto Interno Bruto Departamental,spreadsheet,79.58,https://nube.ine.gob.bo/index.php/s/j2az8k6SKotxpMF/download,True
2026-02-23 16:37:47-04:00,"CHUQUISACA: PARTICIPACIÓN EN EL PRODUCTO INTERNO BRUTO A PRECIOS CORRIENTES, SEGÚN ACTIVIDAD ECONÓMICA, 1988 – 2024",Producto Interno Bruto Departamental,spreadsheet,79.98,https://nube.ine.gob.bo/index.php/s/n2BL5kNrHB8vs6E/download,True
2026-02-23 16:37:47-04:00,"POTOSÍ: PARTICIPACIÓN EN EL PRODUCTO INTERNO BRUTO A PRECIOS CORRIENTES, SEGÚN ACTIVIDAD ECONÓMICA, 1988 – 2024",Producto Interno Bruto Departamental,spreadsheet,78.13,https://nube.ine.gob.bo/index.php/s/nVr49vWVKMWZX0f/download,True
2026-02-23 16:37:47-04:00,"SANTA CRUZ: VARIACION DEL PRODUCTO INTERNO BRUTO A PRECIOS CONSTANTES, SEGÚN ACTIVIDAD ECONÓMICA, 1989 – 2024",Producto Interno Bruto Departamental,spreadsheet,79.76,https://nube.ine.gob.bo/index.php/s/ndDJuunchuF1MpK/download,True
2026-02-23 16:37:47-04:00,"LA PAZ: PARTICIPACIÓN EN EL PRODUCTO INTERNO BRUTO A PRECIOS CORRIENTES, SEGÚN ACTIVIDAD ECONÓMICA, 1988 – 2024",Producto Interno Bruto Departamental,spreadsheet,80.04,https://nube.ine.gob.bo/index.php/s/nyW23XSTgZPgPkw/download,True
2026-02-23 16:37:47-04:00,"BENI: PARTICIPACIÓN EN EL PRODUCTO INTERNO BRUTO A PRECIOS CORRIENTES, SEGÚN ACTIVIDAD ECONÓMICA, 1988 – 2024",Producto Interno Bruto Departamental,spreadsheet,79.1,https://nube.ine.gob.bo/index.php/s/oWBU7n0Alb79krY/download,True
2026-02-23 16:37:47-04:00,"ORURO: DEFLACTOR IMPLÍCITO DEL PRODUCTO INTERNO BRUTO, SEGÚN ACTIVIDAD ECONÓMICA, 1988 – 2024",Producto Interno Bruto Departamental,spreadsheet,79.22,https://nube.ine.gob.bo/index.php/s/souZls8D2TGYt2t/download,True
2026-02-23 16:37:47-04:00,"COCHABAMBA: DEFLACTOR IMPLÍCITO DEL PRODUCTO INTERNO BRUTO, SEGÚN ACTIVIDAD ECONÓMICA, 1988 – 2024",Producto Interno Bruto Departamental,spreadsheet,81.14,https://nube.ine.gob.bo/index.php/s/tMREvl7baR6qHQF/download,True
2026-02-23 16:37:47-04:00,"CHUQUISACA: DEFLACTOR IMPLÍCITO DEL PRODUCTO INTERNO BRUTO, SEGÚN ACTIVIDAD ECONÓMICA, 1988 – 2024",Producto Interno Bruto Departamental,spreadsheet,80.32,https://nube.ine.gob.bo/index.php/s/uNDVjo32lwynnmO/download,True
2026-02-23 16:37:47-04:00,"TARIJA: PRODUCTO INTERNO BRUTO A PRECIOS CONSTANTES, SEGÚN ACTIVIDAD ECONÓMICA, 1988 – 2024",Producto Interno Bruto Departamental,spreadsheet,79.97,https://nube.ine.gob.bo/index.php/s/vILrN7dlWg53tMl/download,True
2026-02-23 16:37:47-04:00,"BOLIVIA: PRODUCTO INTERNO BRUTO, SEGÚN DEPARTAMENTO, 1988 – 2024",Producto Interno Bruto Departamental,spreadsheet,65.39,https://nube.ine.gob.bo/index.php/s/xIGHrQ5jDlaLkRc/download,True
2026-02-23 16:37:47-04:00,"TARIJA: PRODUCTO INTERNO BRUTO A PRECIOS CORRIENTES, SEGÚN ACTIVIDAD ECONÓMICA, 1988 – 2024",Producto Interno Bruto Departamental,spreadsheet,80.22,https://nube.ine.gob.bo/index.php/s/xg4O7NWgppCeKjN/download,True
2026-02-23 16:37:47-04:00,"BOLIVIA: CRECIMIENTO DEL PRODUCTO INTERNO BRUTO, SEGÚN DEPARTAMENTO, 1989 – 2024",Producto Interno Bruto Departamental,spreadsheet,67.14,https://nube.ine.gob.bo/index.php/s/ygA05qOqUF2T9q1/download,True
2026-02-23 16:38:06-04:00,"BOLIVIA: PRODUCTO INTERNO BRUTO A PRECIOS CORRIENTES POR ACTIVIDAD ECONÓMICA SEGÚN TRIMESTRE, 1990 – 2024",Producto Interno Bruto Trimestral,spreadsheet,97.63,https://nimbus.ine.gob.bo/index.php/s/2aKZ4Ej2RPCS9G9/download,False
2026-02-23 16:38:06-04:00,"BOLIVIA ESTRUCTURA DE LA OFERTA Y DEMANDA FINAL POR COMPONENTE SEGÚN TRIMESTRE, 1990 – 2024",Producto Interno Bruto Trimestral,spreadsheet,74.13,https://nimbus.ine.gob.bo/index.php/s/5t9wzWoyBz4WX7B/download,False
2026-02-23 16:38:06-04:00,"BOLIVIA: DEFLACTOR IMPLÍCITO DEL PRODUCTO INTERNO BRUTO POR ACTIVIDAD ECONÓMICA SEGÚN TRIMESTRE, 1990 – 2024",Producto Interno Bruto Trimestral,spreadsheet,95.52,https://nimbus.ine.gob.bo/index.php/s/5yXCfFPWWxz7fs3/download,False
2026-02-23 16:38:06-04:00,"BOLIVIA INCIDENCIA EN LA OFERTA Y DEMANDA FINAL A PRECIOS CONSTANTES POR COMPONENTE SEGÚN TRIMESTRE, 1991 – 2024",Producto Interno Bruto Trimestral,spreadsheet,74.91,https://nimbus.ine.gob.bo/index.php/s/ASyZQWxCmJsaXPZ/download,False
2026-02-23 16:38:06-04:00,"BOLIVIA: VARIACIÓN A DOCE MESES DEL PRODUCTO INTERNO BRUTO A PRECIOS CONSTANTES POR ACTIVIDAD ECONÓMICA SEGÚN TRIMESTRE, 1992- 2024",Producto Interno Bruto Trimestral,spreadsheet,92.93,https://nimbus.ine.gob.bo/index.php/s/DZFzyboMMKiBa5R/download,False
2026-02-23 16:38:06-04:00,"BOLIVIA: VARIACIÓN ACUMULADA DEL PRODUCTO INTERNO BRUTO A PRECIOS CONSTANTES POR TIPO DE GASTO SEGÚN TRIMESTRE, 1991 – 2024",Producto Interno Bruto Trimestral,spreadsheet,73.69,https://nimbus.ine.gob.bo/index.php/s/G6GrqKN88LDzHpg/download,False
2026-02-24 15:18:26-04:00,MATRIZ DE PRODUCCION (EN MILES DE BOLIVIANOS DE 1990) ( 2006),Matrices de Producción,spreadsheet,63.73,https://nimbus.ine.gob.bo/index.php/s/3fAiPp2kAEbbCjL/download,False
2026-02-24 15:18:26-04:00,MATRIZ DE PRODUCCION (EN MILES DE BOLIVIANOS DE 1990) ( 2008),Matrices de Producción,spreadsheet,79.2,https://nimbus.ine.gob.bo/index.php/s/5rNSG39P3Epe2Tk/download,False
2026-02-24 15:18:26-04:00,MATRIZ DE PRODUCCION (EN MILES DE BOLIVIANOS DE 1990) ( 2001),Matrices de Producción,spreadsheet,65.12,https://nimbus.ine.gob.bo/index.php/s/7BZfL2SMkggRPd5/download,False
2026-02-24 15:18:26-04:00,MATRIZ DE PRODUCCION (EN MILES DE BOLIVIANOS DE 1990) ( 2002),Matrices de Producción,spreadsheet,63.51,https://nimbus.ine.gob.bo/index.php/s/GaJ64iDo5d6jb6C/download,False
2026-02-24 15:18:27-04:00,MATRIZ DE PRODUCCION (EN MILES DE BOLIVIANOS DE 1990) ( 1994),Matrices de Producción,spreadsheet,64.94,https://nimbus.ine.gob.bo/index.php/s/2m4YzN7aZLjYefk/download,False
2026-02-24 15:18:27-04:00,MATRIZ DE PRODUCCION (EN MILES DE BOLIVIANOS DE 1990) ( 1991),Matrices de Producción,spreadsheet,64.88,https://nimbus.ine.gob.bo/index.php/s/B2ZQpgietJSidTX/download,False
2026-02-24 15:18:27-04:00,MATRIZ DE PRODUCCION (EN MILES DE BOLIVIANOS DE 1990) ( 2011),Matrices de Producción,spreadsheet,64.82,https://nimbus.ine.gob.bo/index.php/s/BE4qacgG2eTB65o/download,False
2026-02-24 15:18:27-04:00,MATRIZ DE PRODUCCION (EN MILES DE BOLIVIANOS DE 1990) ( 1988),Matrices de Producción,spreadsheet,64.17,https://nimbus.ine.gob.bo/index.php/s/Etn2Px3rywaPm5a/download,False
2026-02-24 15:18:27-04:00,MATRIZ DE PRODUCCION (EN MILES DE BOLIVIANOS DE 1990) ( 1995),Matrices de Producción,spreadsheet,64.95,https://nimbus.ine.gob.bo/index.php/s/HAdMmnzgLffFjR2/download,False
2026-02-24 15:18:56-04:00,MATRIZ DE PRODUCCION A PRECIOS CORRIENTES 1998,Matrices de Producción,spreadsheet,65.5,https://nimbus.ine.gob.bo/index.php/s/28tjXB9ePyocqFN/download,False
2026-02-24 15:18:56-04:00,MATRIZ DE PRODUCCION A PRECIOS CORRIENTES 2009,Matrices de Producción,spreadsheet,63.81,https://nimbus.ine.gob.bo/index.php/s/4HrJNY9CjTKMzdN/download,False
2026-02-24 15:18:56-04:00,MATRIZ DE PRODUCCION A PRECIOS CORRIENTES 1993,Matrices de Producción,spreadsheet,64.74,https://nimbus.ine.gob.bo/index.php/s/4b8pdTf9S6y2gB8/download,False
2026-02-24 15:18:56-04:00,MATRIZ DE PRODUCCION A PRECIOS CORRIENTES 1989,Matrices de Producción,spreadsheet,64.63,https://nimbus.ine.gob.bo/index.php/s/5TayDqksj59Eyjn/download,False
2026-02-24 15:18:56-04:00,MATRIZ DE PRODUCCION A PRECIOS CORRIENTES 1991,Matrices de Producción,spreadsheet,64.65,https://nimbus.ine.gob.bo/index.php/s/8EKNMfARMk8iw44/download,False
2026-02-24 15:18:56-04:00,MATRIZ DE PRODUCCION A PRECIOS CORRIENTES 1990,Matrices de Producción,spreadsheet,64.88,https://nimbus.ine.gob.bo/index.php/s/9x95LJmMyC4nrDb/download,False
2026-02-24 15:18:56-04:00,MATRIZ DE PRODUCCION A PRECIOS CORRIENTES 1988,Matrices de Producción,spreadsheet,63.53,https://nimbus.ine.gob.bo/index.php/s/CtrFocR6CTJ45z6/download,False
2026-02-24 15:18:56-04:00,MATRIZ DE PRODUCCION A PRECIOS CORRIENTES 1992,Matrices de Producción,spreadsheet,64.68,https://nimbus.ine.gob.bo/index.php/s/Cw5gdNWgkPs9GM7/download,False
2026-02-24 15:18:56-04:00,MATRIZ DE PRODUCCION A PRECIOS CORRIENTES 2007,Matrices de Producción,spreadsheet,63.52,https://nimbus.ine.gob.bo/index.php/s/Dc7Kidn2QN9YzQS/download,False
2026-02-24 15:18:56-04:00,MATRIZ DE PRODUCCION A PRECIOS CORRIENTES 2010,Matrices de Producción,spreadsheet,63.46,https://nimbus.ine.gob.bo/index.php/s/FTPHBeJyaW5Pzcx/download,False
2026-02-24 15:18:56-04:00,MATRIZ DE PRODUCCION A PRECIOS CORRIENTES 2008,Matrices de Producción,spreadsheet,63.57,https://nimbus.ine.gob.bo/index.php/s/GYPsx2pYfDRmqBb/download,False
2026-02-27 17:19:48-04:00,BOLETÍN ESTADÍSTICO COMEX ENERO 2026,Saldo Comercial,pdf,895.98,https://nimbus.ine.gob.bo/index.php/s/K7AiSi6yadeHWnt/download,True
2026-02-27 21:23:01-04:00,EXPORTACIONES RITEX 2023,Exportaciones,spreadsheet,42.72,https://nube.ine.gob.bo/index.php/s/CMuozYP0oLnHlzl/download,True
2026-02-27 21:23:01-04:00,IMPORTACIONES RITEX 2023,Importaciones,spreadsheet,73.95,https://nube.ine.gob.bo/index.php/s/FriuFQee5wQKAY4/download,True
2026-02-27 21:23:01-04:00,EXPORTACIONES 2025p,Exportaciones,spreadsheet,2741.98,https://nube.ine.gob.bo/index.php/s/GTrosVYkjyqCPP2/download,True
2026-02-27 21:23:01-04:00,IMPORTACIONES RITEX 2025p,Importaciones,spreadsheet,75.16,https://nube.ine.gob.bo/index.php/s/RdwBINRSPaB8vVe/download,True
2026-02-27 21:23:01-04:00,EXPORTACIONES 2023,Exportaciones,spreadsheet,2697.42,https://nube.ine.gob.bo/index.php/s/rUHVXwADuuNDXTz/download,True
2026-02-27 21:23:02-04:00,IMPORTACIONES 2025p,Importaciones,spreadsheet,51584.07,https://nube.ine.gob.bo/index.php/s/22yfb3bJv9SDxim/download,True
2026-02-27 21:23:02-04:00,IMPORTACIONES 2023,Importaciones,spreadsheet,58978.85,https://nube.ine.gob.bo/index.php/s/qPDlbEBgzWWXTHE/download,True
2026-02-27 22:21:22-04:00,EXPORTACIONES 2024p,Exportaciones,spreadsheet,15715.51,https://nube.ine.gob.bo/index.php/s/JLP70pC2xMtnr2z/download,True
2026-03-13 15:10:47-04:00,Bolivia – Producción Nacional de Minerales por Tipo de Mineral según Año y Mes 1990 – 2025,Minería,spreadsheet,314.05,https://nube.ine.gob.bo/index.php/s/WmOchqUHbrnvf6I/download,True
2026-03-13 16:02:56-04:00,Bolivia – Producción de Minerales del Sector de la Minería Chica y Cooperativas por Tipo de Mineral según Año y Mes 1990 – 2025,Minería,spreadsheet,304.82,https://nube.ine.gob.bo/index.php/s/T4XkL09VG3u6OVo/download,True
2026-03-13 16:23:19-04:00,Bolivia – Índice de Volumen de Producción de Minerales por Tipo de Mineral según Año y Mes 1990 – 2025,Minería,spreadsheet,458.6,https://nube.ine.gob.bo/index.php/s/5I9TkHEajt1CRtt/download,True
2026-03-13 16:25:07-04:00,"Bolivia – Índice de Volumen de Producción de Minerales por Subsector de la Minería Chica y Cooperativas y Tipo de Mineral, 2000 – 2025",Minería,spreadsheet,396.09,https://nube.ine.gob.bo/index.php/s/wr80XieLd6IQxdU/download,True
2026-03-16 13:51:21-04:00,BOLETÍN ESTADÍSTICO PRECIOS INTERNACIONALES FEBRERO DE 2026,Precios Internacionales,pdf,1431.55,https://nimbus.ine.gob.bo/index.php/s/9KsXE5Yd4CseQbZ/download,True
2026-03-17 12:59:28-04:00,"BOLIVIA – LINEAS MÓVILES POR DEPARTAMENTO, SEGÚN AÑO Y TRIMESTRE, 1996 – 2025",Telecomunicaciones,spreadsheet,83.35,https://nube.ine.gob.bo/index.php/s/AM6pWsXxnm7q8uK/download,True
2026-03-17 13:02:35-04:00,"BOLIVIA – LINEAS FIJAS POR DEPARTAMENTO, SEGÚN AÑO Y TRIMESTRE, 1996 – 2025",Telecomunicaciones,spreadsheet,82.97,https://nube.ine.gob.bo/index.php/s/UA31iBPQsgTKBZz/download,True
2026-03-17 18:41:12-04:00,"BOLIVIA – SUSCRIPCION A TELEVISION POR CABLE POR DEPARTAMENTO, SEGÚN AÑO Y TRIMESTRE, 2017 – 2025",Telecomunicaciones,spreadsheet,79.22,https://nube.ine.gob.bo/index.php/s/2NJSU6Wgk1CDx0f/download,True
2026-03-17 18:41:39-04:00,"BOLIVIA – CONEXIONES AL SERVICIO DE ACCESO A INTERNET POR DEPARTAMENTO, SEGÚN AÑO Y TRIMESTRE, 2012 – 2025",Telecomunicaciones,spreadsheet,81.75,https://nube.ine.gob.bo/index.php/s/5tRDKsQhjgdHyYn/download,True
2026-03-18 09:21:37-04:00,BOLIVIA – PROMEDIO ANUAL DE CAUDALES EN LOS RÍOS 1998 – 2025,Recursos Hídricos,spreadsheet,97.86,https://nube.ine.gob.bo/index.php/s/8mkEH2MGApDAj8k/download,False
2026-03-18 09:21:37-04:00,BOLIVIA – PROMEDIO ANUAL DE NIVELES EN LOS RÍOS 1998 – 2025,Recursos Hídricos,spreadsheet,82.08,https://nube.ine.gob.bo/index.php/s/AF5m2t1Z4It8iIK/download,False
2026-03-18 09:21:37-04:00,"BOLIVIA – EVAPOTRANSPIRACIÓN POTENCIAL, SEGÚN ESTACIÓN 2008 – 2021",Recursos Hídricos,spreadsheet,82.36,https://nube.ine.gob.bo/index.php/s/gEUZHSBkED24bXM/download,False
2026-03-18 09:59:56-04:00,"BOLIVIA – CONEXIONES AL SERVICIO DE ACCESO A INTERNET POR TIPO DE TECNOLOGÍA, SEGÚN AÑO Y TRIMESTRE, 2012 – 2025",Telecomunicaciones,spreadsheet,77.83,https://nube.ine.gob.bo/index.php/s/Py3xfOWTRDLJPig/download,True
2026-03-18 12:14:30-04:00,BOLIVIA – INDICE DE VOLUMEN DE TELECOMUNICACIONES SEGUN AÑO Y MES 1990 – 2025,Telecomunicaciones,spreadsheet,270.17,https://nube.ine.gob.bo/index.php/s/lax3q58xiGDbLDf/download,True
2026-03-18 15:02:34-04:00,"Bolivia – Distribución de lineas telefónicas fijas en servicio por departamento según año, 1996 – 2025",Cuadros Estadísticos,spreadsheet,77.26,https://nube.ine.gob.bo/index.php/s/YFffOKSPf5cmM9b/download,True
2026-03-18 15:03:03-04:00,"Bolivia – Distribución de líneas telefónicas móviles en servicio por departamento según año, 1996 – 2025",Cuadros Estadísticos,spreadsheet,77.45,https://nube.ine.gob.bo/index.php/s/Z7kUsOqwCa2s1Rp/download,True
2026-03-20 17:23:24-04:00,Bolivia número de conexiones de agua potable por categoría según periodo 2017 – 2025,Cuadros Estadísticos,spreadsheet,77.66,https://nube.ine.gob.bo/index.php/s/fjySPDY72xqtIMG/download,False
2026-03-20 17:23:49-04:00,Bolivia número de usuarios de energía eléctrica por categoría 2017 – 2025,Cuadros Estadísticos,spreadsheet,78.1,https://nube.ine.gob.bo/index.php/s/Bsm5yH2ThD14SFD/download,False
2026-03-20 17:24:07-04:00,Bolivia número de usuarios de gas natural por red por categoría 2017 – 2025,Cuadros Estadísticos,spreadsheet,76.97,https://nube.ine.gob.bo/index.php/s/3t8mkpRL3LzoDID/download,False
2026-04-17 11:33:55-04:00,"BOLIVIA: NÚMERO DE NACIMIENTOS REGISTRADOS EN EL SERVICIO DE REGISTRO CIVIL DE NIÑOS MENORES DE 5 AÑOS POR DEPARTAMENTO, SEXO Y GRUPO DE EDAD, 2015 – 2022",Participación Política,spreadsheet,85.4,https://nube.ine.gob.bo/index.php/s/2rRMphd9CwNaL5d/download,False
2026-04-21 13:11:32-04:00,ECE_4T_2015,Metadatos y Microdatos,zip,18806.15,https://nube.ine.gob.bo/index.php/s/EFHpe3kI1CyOvAQ/download,True
2026-04-21 13:16:34-04:00,ECE_1T_2016,Metadatos y Microdatos,zip,17650.08,https://nube.ine.gob.bo/index.php/s/IoQthJC4BiTpYPs/download,True
2026-04-21 13:17:30-04:00,ECE_2T_2016,Metadatos y Microdatos,zip,17333.84,https://nube.ine.gob.bo/index.php/s/7k9czXaaCT5JcbC/download,True
2026-04-21 13:17:48-04:00,ECE_3T_2016,Metadatos y Microdatos,zip,17526.25,https://nube.ine.gob.bo/index.php/s/zetWH6HTotS0Klh/download,True
2026-04-21 13:18:54-04:00,ECE_4T_2016,Metadatos y Microdatos,zip,17693.28,https://nube.ine.gob.bo/index.php/s/9oG21zAb05ZbYSp/download,True
2026-04-21 13:19:20-04:00,ECE_1T_2017,Metadatos y Microdatos,zip,17842.55,https://nube.ine.gob.bo/index.php/s/TMcxNZJms5eHW2i/download,True
2026-04-21 13:26:52-04:00,ECE_2T_2017,Metadatos y Microdatos,zip,18017.62,https://nube.ine.gob.bo/index.php/s/384RCRLBXlh0lW0/download,True
2026-04-21 13:27:08-04:00,ECE_3T_2017,Metadatos y Microdatos,zip,17972.46,https://nube.ine.gob.bo/index.php/s/RGOOlS3uwGZXYWS/download,True
2026-04-21 13:27:18-04:00,ECE_4T_2017,Metadatos y Microdatos,zip,10827.42,https://nube.ine.gob.bo/index.php/s/ALSMh4PksKR5UG7/download,True
2026-04-21 13:29:22-04:00,ECE_1T_2018,Metadatos y Microdatos,zip,14304.52,https://nube.ine.gob.bo/index.php/s/ocXYtDqPnFOezzw/download,True
2026-04-21 13:29:34-04:00,ECE_2T_2018,Metadatos y Microdatos,zip,13363.25,https://nube.ine.gob.bo/index.php/s/KwC2vfDprnmOU9H/download,True
2026-04-21 13:29:50-04:00,ECE_3T_2018,Metadatos y Microdatos,zip,12931.22,https://nube.ine.gob.bo/index.php/s/3FTHKZ3ZfnWEJkQ/download,True
2026-04-21 13:30:10-04:00,ECE_4T_2018,Metadatos y Microdatos,zip,12582.13,https://nube.ine.gob.bo/index.php/s/Kdv3zcoMoXXouHz/download,True
2026-04-21 13:35:06-04:00,ECE_1T_2019,Metadatos y Microdatos,zip,14842.58,https://nube.ine.gob.bo/index.php/s/fDOMhqotO8lDYwL/download,True
2026-04-21 13:35:24-04:00,ECE_2T_2019,Metadatos y Microdatos,zip,14638.89,https://nube.ine.gob.bo/index.php/s/LjHC8I5Wre2T9lH/download,True
2026-04-21 13:35:40-04:00,ECE_3T_2019,Metadatos y Microdatos,zip,16059.72,https://nube.ine.gob.bo/index.php/s/eZfss39iqSgsrKz/download,True
2026-04-21 13:45:58-04:00,ECE_1T_2020,Metadatos y Microdatos,zip,15944.93,https://nube.ine.gob.bo/index.php/s/f5QyeGVTsLWDIKB/download,True
2026-04-21 13:54:18-04:00,ECE_3T_2021,Metadatos y Microdatos,zip,15179.0,https://nube.ine.gob.bo/index.php/s/htFw0XA00f8qiYu/download,True
2026-04-21 13:54:54-04:00,ECE_4T_2021,Metadatos y Microdatos,zip,15206.54,https://nube.ine.gob.bo/index.php/s/XkhiUrEMfNsHnpJ/download,True
2026-04-21 13:56:48-04:00,ECE_1T_2022,Metadatos y Microdatos,zip,14636.16,https://nube.ine.gob.bo/index.php/s/x4YnVpshZK8b01C/download,True
2026-04-21 13:57:02-04:00,ECE_2T_2022,Metadatos y Microdatos,zip,14580.83,https://nube.ine.gob.bo/index.php/s/wwbleIIMaS2SGxS/download,True
2026-04-21 13:57:16-04:00,ECE_3T_2022,Metadatos y Microdatos,zip,14529.46,https://nube.ine.gob.bo/index.php/s/f6bYExPWHOLAHrP/download,True
2026-04-21 13:57:28-04:00,ECE_4T_2022,Metadatos y Microdatos,zip,14252.31,https://nube.ine.gob.bo/index.php/s/JLwjuLvqflDhMNA/download,True
2026-04-21 14:01:58-04:00,ECE_1T_2023,Metadatos y Microdatos,zip,14115.48,https://nube.ine.gob.bo/index.php/s/r3ry1HSdttkyskk/download,True
2026-04-21 14:02:12-04:00,ECE_2T_2023,Metadatos y Microdatos,zip,14293.63,https://nube.ine.gob.bo/index.php/s/pRyfLgcwt7yUgaA/download,True
2026-04-21 14:02:26-04:00,ECE_3T_2023,Metadatos y Microdatos,zip,14178.48,https://nube.ine.gob.bo/index.php/s/caXV3VlmT3aJ39M/download,True
2026-04-21 14:02:38-04:00,ECE_4T_2024,Metadatos y Microdatos,zip,13056.43,https://nube.ine.gob.bo/index.php/s/Asl6QELhol5z9rQ/download,True
2026-04-21 14:07:30-04:00,ECE_4T_2023,Metadatos y Microdatos,zip,14135.81,https://nube.ine.gob.bo/index.php/s/vMJdJ6Uf3WjNWc7/download,True
2026-04-21 14:08:46-04:00,ECE_2T_2024,Metadatos y Microdatos,zip,13539.55,https://nube.ine.gob.bo/index.php/s/wmb4waTvhqB89S5/download,True
2026-04-21 14:08:58-04:00,ECE_3T_2024,Metadatos y Microdatos,zip,13666.86,https://nube.ine.gob.bo/index.php/s/hFAt83UtgPjYlgH/download,True
2026-04-21 14:09:58-04:00,ECE_1T_2025,Metadatos y Microdatos,zip,12999.72,https://nube.ine.gob.bo/index.php/s/BWTDO7alr2qsNcV/download,True
2026-04-21 14:10:08-04:00,ECE_2T_2025,Metadatos y Microdatos,zip,13057.12,https://nube.ine.gob.bo/index.php/s/dKJIOQnM0dIZrWj/download,True
2026-04-21 14:10:22-04:00,ECE_3T_2025,Metadatos y Microdatos,zip,13353.02,https://nube.ine.gob.bo/index.php/s/vko9VKBeRDYkSSE/download,True
2026-04-22 16:59:49-04:00,Descarga el documento 14.2 MB,BOLETINES-LAST-2025,pdf,14527.24,https://nube.ine.gob.bo/index.php/s/wxZCbQj2jmHBoen/download,True
2026-04-24 14:56:34-04:00,"Bolivia – Cabezas de Bovino Faenadas por Departamento según Año, 1990 – 2025",Subproductos Pecuarios,spreadsheet,84.51,https://nube.ine.gob.bo/index.php/s/GkXetAf92HWODG9/download,True
2026-04-24 14:57:33-04:00,"Bolivia – Producción de Carne Bovina por Departamento según Año, 1990 – 2025",Subproductos Pecuarios,spreadsheet,89.81,https://nube.ine.gob.bo/index.php/s/Tw0F9Wkl1AeJr3N/download,True
2026-04-24 15:00:03-04:00,"Bolivia – Producción de Carne de Alpaca por Departamento según Año, 1990 – 2025",Subproductos Pecuarios,spreadsheet,82.15,https://nube.ine.gob.bo/index.php/s/2xc5Z0Vw4YVgQa3/download,True
2026-04-24 15:00:56-04:00,"Bolivia – Producción de Carne de Llama por Departamento según Año, 1970 – 2025",Subproductos Pecuarios,spreadsheet,82.93,https://nube.ine.gob.bo/index.php/s/DTdfM2VBeI6di0U/download,True
2026-04-24 15:02:17-04:00,"Bolivia – Producción de Carne Ovina por Departamento según Año, 1970 – 2025",Subproductos Pecuarios,spreadsheet,84.96,https://nube.ine.gob.bo/index.php/s/PAFTgsm2iaSV0Zs/download,True
2026-04-24 15:13:51-04:00,"Bolivia – Producción de Fibra de Alpaca por Departamento según Año, 1990 – 2025",Subproductos Pecuarios,spreadsheet,82.96,https://nube.ine.gob.bo/index.php/s/ZW8HLapUAM41rdk/download,True
2026-04-24 15:15:23-04:00,"Bolivia – Producción de Fibra de Llama por Departamento según Año, 1990 – 2025",Subproductos Pecuarios,spreadsheet,82.14,https://nube.ine.gob.bo/index.php/s/8K2XlRPw43pnb6m/download,True
2026-04-24 15:18:44-04:00,"Bolivia – Producción de Lana Ovina por Departamento según Año, 1990 – 2025",Subproductos Pecuarios,spreadsheet,82.75,https://nube.ine.gob.bo/index.php/s/uvs22S4Po5GV1a9/download,True
2026-04-24 15:22:59-04:00,"Bolivia – Producción de Leche Bovina por Departamento según Año, 1990 – 2025",Subproductos Pecuarios,spreadsheet,86.97,https://nube.ine.gob.bo/index.php/s/3D34M6tdXtN9A2P/download,True
2026-04-24 15:23:54-04:00,"Bolivia – Producción de Leche Caprina por Departamento según Año, 1990 – 2025",Subproductos Pecuarios,spreadsheet,82.33,https://nube.ine.gob.bo/index.php/s/sYAHEK3D9czO6l9/download,True
2026-04-24 15:25:40-04:00,"Bolivia – Producción de Carne Caprina por Departamento según Año, 1970 – 2025",Subproductos Pecuarios,spreadsheet,86.26,https://nube.ine.gob.bo/index.php/s/DWkwH69E2oTZjb9/download,True
2026-04-24 15:27:23-04:00,"Bolivia – Producción de Carne Porcina por Departamento según Año, 1970 – 2025",Subproductos Pecuarios,spreadsheet,88.08,https://nube.ine.gob.bo/index.php/s/ezSvnSPWZPo3dUA/download,True
2026-04-27 11:27:11-04:00,"Bolivia- Rendimiento por cultivo campaña verano , por departamento 2013-2025",Agricultura,spreadsheet,217.51,https://nube.ine.gob.bo/index.php/s/Fq9AIIMIFiTtyZY/download,False
2026-04-27 11:59:24-04:00,"Bolivia – Producción de Cuero Bovina por Departamento según Año, 1990 – 2025",Subproductos Pecuarios,spreadsheet,83.27,https://nube.ine.gob.bo/index.php/s/gYvUJxvqG0zyc5M/download,True
2026-04-27 14:55:58-04:00,"Bolivia – Poblacion de Llamas por Departamento Edad y Sexo, 1984 – 2025",Ganadería,excel,343.0,https://nube.ine.gob.bo/index.php/s/64V5T9DWuGJEfjB/download,False
2026-04-28 09:29:40-04:00,ADQUISICIÓN DE EQUIPOS DE COMPUTACIÓN PARA EL INSTITUTO NACIONAL DE ESTADÍSTICA-INE,Convocatorias de Bienes y Servicios,pdf,2496.88,https://nube.ine.gob.bo/index.php/s/BcRKGkfvwYaKnrx/download,True
2026-04-29 13:05:19-04:00,"Bolivia – Existencia de Aves Parrilleras por Departamento, según Años, 1984 – 2025",Avicultura,excel,284.0,https://nube.ine.gob.bo/index.php/s/hPqQnxweOTK8Psg/download,False
2026-04-29 13:08:06-04:00,"Bolivia – Producción de Huevo de Aves Postura por Departamento, según Años, 1984 – 2025",Avicultura,excel,286.0,https://nube.ine.gob.bo/index.php/s/vLLRCcLdwK1RuPt/download,False
2026-04-29 13:17:53-04:00,"Bolivia- Existencia de Aves de Postura por Departamento, según año 1984-2025",Avicultura,excel,280.0,https://nube.ine.gob.bo/index.php/s/LDxH4ed6gvS6IyE/download,False
2026-04-29 15:55:35-04:00,ADQUISICION DE PAPEL RECICLADO TAMAÑO CARTA,Convocatorias de Bienes y Servicios,pdf,768.65,https://nube.ine.gob.bo/index.php/s/23Qk8WthISek9Z5/download,True
2026-04-30 10:32:10-04:00,"Bolivia – Producción Año Agrícola por Departamento, 1984 – 2025",Agricultura,spreadsheet,340.97,https://nube.ine.gob.bo/index.php/s/sDryAo3LRxEvQcr/download,False
2026-04-30 10:42:44-04:00,"Bolivia – Rendimiento Año Agrícola por Departamento, 1984 – 2025",Agricultura,spreadsheet,316.87,https://nube.ine.gob.bo/index.php/s/heefZ2fZlqIIMik/download,False
2026-04-30 10:44:06-04:00,"Bolivia – Superficie Año Agrícola por Departamento, 1984 – 2025",Agricultura,spreadsheet,355.5,https://nube.ine.gob.bo/index.php/s/6kBAE1i0Ys4tF0U/download,False
2026-04-30 10:45:42-04:00,Bolivia- Producción por cultivo campaña invierno por departamento -2012-2025,Agricultura,spreadsheet,153.2,https://nube.ine.gob.bo/index.php/s/DNFbjMZIJiqKFSL/download,False
2026-04-30 10:48:04-04:00,"Bolivia- Producción por cultivo campaña verano , por departamento 2013-2025",Agricultura,spreadsheet,223.9,https://nube.ine.gob.bo/index.php/s/WjZWTG50c17jVw5/download,False
2026-04-30 10:48:27-04:00,"Bolivia- Rendimiento por cultivo campaña invierno, por departamento 2012-2025",Agricultura,spreadsheet,152.05,https://nube.ine.gob.bo/index.php/s/e2S1ntTVNOd24V0/download,False
2026-04-30 10:49:05-04:00,Bolivia- superficie cultivada campaña invierno por departamento 2012-2025,Agricultura,spreadsheet,155.6,https://nube.ine.gob.bo/index.php/s/U4PzxCrwJBTl3MZ/download,False
2026-04-30 10:49:59-04:00,"Bolivia- Superficie cultivada campaña verano , por departamento 2013-2025",Agricultura,spreadsheet,215.43,https://nube.ine.gob.bo/index.php/s/zwSigaUatgigSO4/download,False
2026-04-30 10:50:38-04:00,"Bolivia – Hato Ganado Bovino por Departamento Edad y Sexo, 1984 – 2025",Ganadería,excel,423.5,https://nube.ine.gob.bo/index.php/s/atQAJrU99CFq4dM/download,False
2026-04-30 10:51:00-04:00,"Bolivia – Hato Ganado Caprino por Departamento Edad y Sexo, 1984 – 2025",Ganadería,excel,368.5,https://nube.ine.gob.bo/index.php/s/oZxma1rbu7oYLwc/download,False
2026-04-30 10:51:25-04:00,"Bolivia – Hato Ganado Ovino por Departamento Edad y Sexo, 1984 – 2025",Ganadería,excel,365.0,https://nube.ine.gob.bo/index.php/s/4vyu7cPomL9oBOk/download,False
2026-04-30 10:51:42-04:00,"Bolivia – Hato Ganado Porcino por Departamento Edad y Sexo, 1984 – 2025",Ganadería,excel,380.0,https://nube.ine.gob.bo/index.php/s/5Cy4w5fzfg21siY/download,False
2026-04-30 10:52:31-04:00,"Bolivia- Aves de Postura Destinada a la Producción de Huevo por Departamento, según Años, 1984 – 2025",Avicultura,excel,283.5,https://nube.ine.gob.bo/index.php/s/0dziUM65qKikdGw/download,False
2026-04-30 10:52:41-04:00,"Bolivia – Producción de Carne de Aves Parrilleras por Departamento según Años, 1984 – 2025",Avicultura,excel,288.5,https://nube.ine.gob.bo/index.php/s/wP1KjFCIZ4sKBCN/download,False
2026-04-30 10:52:52-04:00,"Bolivia – Total de pollos Parrilleros Faenados por Departamento, según Años, 1984 – 2025",Avicultura,excel,282.5,https://nube.ine.gob.bo/index.php/s/atBJjvyg4DAb7im/download,False
2026-04-30 16:51:52-04:00,Fichas técnicas de indicadores,Información técnica,pdf,263.51,https://nube.ine.gob.bo/index.php/s/PfMkJJMdRzJAMsy/download,True
2026-04-30 16:51:52-04:00,BOLETÍN ESTADÍSTICO ENCUESTA CONTINUA DE EMPLEO ECE 1T-2026,Boletines Estadísticos,pdf,1901.63,https://nube.ine.gob.bo/index.php/s/Q57lBWqy6t6KhG1/download,True
2026-04-30 23:07:39-04:00,ECE 4T15 3T25,Metadatos y Microdatos,zip,682656.04,https://nube.ine.gob.bo/index.php/s/AS8VvEdfQsXse2r/download,True
2026-05-06 14:29:04-04:00,"Bolivia-Llegada de Viajeros Internacionales Vía Carretera, Según Puesto Fronterizo y Tipo de Viajero Por Año, 2008-2025",ESTADÍSTICAS DE VIAJEROS INTERNACIONALES,excel,294.0,https://nube.ine.gob.bo/index.php/s/Yk3y7z1fyDrrC4P/download,True
2026-05-06 14:55:31-04:00,"Bolivia-Llegada de Viajeros Internacionales, Según Nacionalidad Por Año, 2008-2025",ESTADÍSTICAS DE VIAJEROS INTERNACIONALES,excel,291.0,https://nube.ine.gob.bo/index.php/s/Exvpb7ToDBH3kbh/download,True
2026-05-06 15:03:21-04:00,"Bolivia-Llegada de Viajeros Internacionales Vía Aérea, Según Nacionalidad Por Año, 2008-2025",ESTADÍSTICAS DE VIAJEROS INTERNACIONALES,excel,293.0,https://nube.ine.gob.bo/index.php/s/pcs981LMMuEVXXi/download,True
2026-05-06 15:40:16-04:00,"Bolivia-Llegada de Viajeros Internacionales Vía Carretera, Según Nacionalidad Por Año, 2008-2025",ESTADÍSTICAS DE VIAJEROS INTERNACIONALES,excel,285.0,https://nube.ine.gob.bo/index.php/s/0ZDKmApuvXpyf5H/download,True
2026-05-06 15:50:39-04:00,"Bolivia-Salida de Viajeros Internacionales, Según Modo de Transporte y Tipo de Viajero Por Año, 2008-2025",ESTADÍSTICAS DE VIAJEROS INTERNACIONALES,excel,285.0,https://nube.ine.gob.bo/index.php/s/M8D7b5YR8T7Kqnd/download,True
2026-05-06 15:58:32-04:00,"Bolivia-Salida de Viajeros Internacionales Vía Aérea, Según Aeropuerto y Tipo de Viajero Por Año, 2008-2025",ESTADÍSTICAS DE VIAJEROS INTERNACIONALES,excel,282.0,https://nube.ine.gob.bo/index.php/s/ic9zKqSdDp9xAHE/download,True
2026-05-06 16:14:03-04:00,"Bolivia-Salida de Viajeros Internacionales Vía Carretera, Según Puesto Fronterizo y Tipo de Viajero Por Año, 2008-2025",ESTADÍSTICAS DE VIAJEROS INTERNACIONALES,excel,300.5,https://nube.ine.gob.bo/index.php/s/ZBfLRrBb5265qp3/download,True
2026-05-06 16:44:13-04:00,"Bolivia-Salida de Viajeros Internacionales Vía Aérea, Según Nacionalidad Por Año, 2008-2025",ESTADÍSTICAS DE VIAJEROS INTERNACIONALES,excel,290.5,https://nube.ine.gob.bo/index.php/s/V7PRl8pIvB2b4W7/download,True
2026-05-06 17:24:52-04:00,"Bolivia-Salida de Viajeros Internacionales Vía Carretera, Según Nacionalidad Por Año, 2008-2025",ESTADÍSTICAS DE VIAJEROS INTERNACIONALES,excel,292.0,https://nube.ine.gob.bo/index.php/s/VpIZ0tyB7PJzM4u/download,True
2026-05-06 17:36:20-04:00,"Bolivia-Llegada de Visitantes Internacionales, Según Modo de Transporte y Tipo de Visitante Por Año, 2008-2025",Estadísticas de Flujo de Visitantes,excel,279.0,https://nube.ine.gob.bo/index.php/s/ogV12czY2Z1Ms3f/download,True
2026-05-06 17:49:14-04:00,"Bolivia-Llegada de Visitantes Internacionales Vía Aérea, Según Aeropuerto y Tipo de Visitante Por Año, 2008-2025",Estadísticas de Flujo de Visitantes,excel,287.0,https://nube.ine.gob.bo/index.php/s/ojFnxpLHXrarDKs/download,True
2026-05-06 18:18:21-04:00,"Bolivia-Llegada de Visitantes Internacionales Vía Carretera, Según Puesto Fronterizo y Tipo de Visitante Por Año, 2008-2025",Estadísticas de Flujo de Visitantes,excel,299.5,https://nube.ine.gob.bo/index.php/s/Egq5AMBdzSSjeIn/download,True
2026-05-06 18:27:35-04:00,"Bolivia-Llegada de Visitantes Internacionales, Según Nacionalidad Por Año, 2008 -2025",Estadísticas de Flujo de Visitantes,excel,285.0,https://nube.ine.gob.bo/index.php/s/hLW7dWysjCt7cSh/download,True
2026-05-06 18:33:28-04:00,"Bolivia-Llegada de Visitantes Internacionales Vía Aérea, Según Nacionalidad Por Año, 2008 -2025",Estadísticas de Flujo de Visitantes,excel,291.0,https://nube.ine.gob.bo/index.php/s/ANmbKMWBB24pxAR/download,True
2026-05-06 18:55:25-04:00,"Bolivia-Llegada de Visitantes Internacionales Vía Carretera, Según Nacionalidad Por Año, 2008 -2025",Estadísticas de Flujo de Visitantes,excel,292.5,https://nube.ine.gob.bo/index.php/s/CqL0jwgaDLwn7nu/download,True
2026-05-06 18:58:56-04:00,"Bolivia-Salida de Visitantes Internacionales, Según Modo de Transporte y Tipo de Visitante Por Año, 2008-2025",Estadísticas de Flujo de Visitantes,excel,278.5,https://nube.ine.gob.bo/index.php/s/1NL6SkRlSdtiBC3/download,True
2026-05-06 19:03:54-04:00,"Bolivia-Salida de Visitantes Internacionales Vía Aérea, Según Aeropuerto y Tipo de Visitante Por Año, 2008-2025",Estadísticas de Flujo de Visitantes,excel,282.5,https://nube.ine.gob.bo/index.php/s/fEaJ9pacI9o2dVY/download,True
2026-05-06 19:17:21-04:00,"Bolivia-Salida de Visitantes Internacionales Vía Carretera, Según Puesto Fronterizo y Tipo de Visitante Por Año, 2008-2025",Estadísticas de Flujo de Visitantes,excel,300.0,https://nube.ine.gob.bo/index.php/s/J7SKtynuq9AD3Uu/download,True
2026-05-06 19:23:56-04:00,"Bolivia-Salida de Visitantes Internacionales, Según Nacionalidad Por Año, 2008-2025",Estadísticas de Flujo de Visitantes,excel,292.0,https://nube.ine.gob.bo/index.php/s/H2OP5YNZHTbqvZb/download,True
2026-05-06 19:30:32-04:00,"Bolivia-Salida de Visitantes Internacionales Vía Aérea, Según Nacionalidad Por Año, 2008-2025",Estadísticas de Flujo de Visitantes,excel,291.0,https://nube.ine.gob.bo/index.php/s/1Vp5VMPE0qaIyjg/download,True
2026-05-06 19:35:47-04:00,"Bolivia-Salida de Visitantes Internacionales Vía Carretera, Según Nacionalidad Por Año, 2008-2025",Estadísticas de Flujo de Visitantes,excel,294.0,https://nube.ine.gob.bo/index.php/s/OgYOfPQeXQVFVCs/download,True
2026-05-06 19:36:43-04:00,"Bolivia-Llegada de Viajeros Internacionales, Según Modo de Transporte y Tipo de Viajero Por Año, 2008-2025",ESTADÍSTICAS DE VIAJEROS INTERNACIONALES,excel,280.0,https://nube.ine.gob.bo/index.php/s/uOqpkLb6ck57xKw/download,True
2026-05-06 19:37:02-04:00,"Bolivia-Llegada de Viajeros Internacionales Vía Aérea, Según Aeropuerto y Tipo de Viajero Por Año, 2008-2025",ESTADÍSTICAS DE VIAJEROS INTERNACIONALES,excel,281.5,https://nube.ine.gob.bo/index.php/s/NZ6fOJtCr7xOgTO/download,True
2026-05-06 19:41:05-04:00,"Bolivia-Salida de Viajeros Internacionales, Según Nacionalidad Por Año, 2008-2025",ESTADÍSTICAS DE VIAJEROS INTERNACIONALES,excel,293.0,https://nube.ine.gob.bo/index.php/s/8xbD5tDLV1bkxkG/download,True
2026-05-08 19:28:41-04:00,Censo Nacional de Población y Vivienda 2001 Base REDATAM (343 Municipios),Censos,rar,115646.29,https://nube.ine.gob.bo/index.php/s/3X9rZTENwQknVTP/download,True
2026-05-08 19:30:04-04:00,Censo Nacional de Población y Vivienda 2012 Base REDATAM (343 Municipios),Censos,rar,168440.63,https://nube.ine.gob.bo/index.php/s/46UABj4SVDuhK7a/download,True
2026-05-13 17:49:59-04:00,Documento técnico sobre informalidad,Información técnica,pdf,1238.79,https://nube.ine.gob.bo/index.php/s/jKB2lcuQeYCVF03/download,True
2026-05-20 09:42:25-04:00,"BOLIVIA PROMEDIO DE CAUDALES, POR PUNTO DE CONTROL Y RÍO 1998 – 2026",Recursos Hídricos,spreadsheet,124.35,https://nube.ine.gob.bo/index.php/s/1yQcqunPWrnLls9/download,False
2026-05-20 09:45:23-04:00,"BOLIVIA PROMEDIO DE NIVELES, POR PUNTO DE CONTROL Y RÍO 1998 – 2026",Recursos Hídricos,spreadsheet,115.48,https://nube.ine.gob.bo/index.php/s/kq882sx5MALXtVs/download,False
2026-05-20 17:13:18-04:00,"Bolivia-Oferta Hotelera Según Categoría Hotelera, 2008 – 2025",Estadísticas Hoteleras,spreadsheet,86.74,https://nube.ine.gob.bo/index.php/s/gOJiFmELr56t2jM/download,True
2026-05-22 12:16:13-04:00,BOLIVIA – RECOLECCIÓN DE RESIDUOS POR CIUDAD Y TIPO DE PROCEDENCIA 2010 – 2025,Residuos Sólidos,spreadsheet,89.65,https://nube.ine.gob.bo/index.php/s/95c3wT7ZtZ1Xr3B/download,True
2026-05-22 15:00:36-04:00,ADQUISICIÓN DE EQUIPOS DE COMPUTACIÓN PARA EL INSTITUTO NACIONAL DE ESTADÍSTICA,Convocatorias de Bienes y Servicios,pdf,346.23,https://nube.ine.gob.bo/index.php/s/Dk5rzMRxqNTm9pl/download,True
2026-05-29 11:33:47-04:00,"Bolivia – Conexiones de internet por departamento y tipo de acceso según mes, 2017 – 2026",Cuadros Estadísticos,spreadsheet,102.96,https://nube.ine.gob.bo/index.php/s/0pTmqxfoXNdy6pP/download,True
2026-05-29 12:37:27-04:00,"Bolivia – Distribución de líneas telefónicas móviles en servicio por departamento según mes, 2022 – 2026",Cuadros Estadísticos,spreadsheet,80.32,https://nube.ine.gob.bo/index.php/s/nS12kafARgRSQVw/download,True
2026-05-29 14:15:09-04:00,"Bolivia – Tráfico de llamadas de larga distancia, por departamento según mes, 2016 – 2026",Cuadros Estadísticos,spreadsheet,93.71,https://nube.ine.gob.bo/index.php/s/pCtYWJgKbQ7xWwC/download,True
2026-05-29 14:26:35-04:00,"Bolivia – Tráfico de llamadas de larga distancia por tipo de telefonía según mes, 2016 – 2026",Cuadros Estadísticos,spreadsheet,93.33,https://nube.ine.gob.bo/index.php/s/oAxxkVlbiiGvRuw/download,True
2026-05-29 16:01:00-04:00,"Bolivia – Índice de telecomunicaciones por tipo de servicio según mes, 2017 – 2026",Cuadros Estadísticos,spreadsheet,201.01,https://nube.ine.gob.bo/index.php/s/nF373mFl0aPwEoa/download,True
2026-05-29 16:01:02-04:00,LA PAZ NIVEL PROMEDIO DEL LAGO TITICACA ESTACIÓN HUATAJATA 2009 – 2026,Recursos Hídricos,spreadsheet,80.62,https://nube.ine.gob.bo/index.php/s/8bZ5b5pHkkaPCw2/download,False
2026-05-29 16:01:58-04:00,"Bolivia – Índice de volumen de conexiones de internet por tipo de acceso según mes, 2017 – 2026",Cuadros Estadísticos,spreadsheet,199.72,https://nube.ine.gob.bo/index.php/s/hlQa8hgmX5AaIFA/download,True
2026-05-29 16:06:06-04:00,"Bolivia – Índice de volumen del tráfico de llamadas de larga distancia internacional y nacional según mes, 2017 – 2026",Cuadros Estadísticos,spreadsheet,135.7,https://nube.ine.gob.bo/index.php/s/0jhCDaMfIPK2Bxq/download,True
2026-05-29 16:10:15-04:00,"Bolivia – Índice de volumen de tráfico de llamadas por tipo de telefonía según mes, 2017 – 2026",Cuadros Estadísticos,spreadsheet,132.11,https://nube.ine.gob.bo/index.php/s/KRQTuZXxD9vfBYK/download,True
2026-05-29 16:14:00-04:00,"Bolivia – Índice de volumen de tráfico de llamadas de LD internacional y nacional por tipo de telefonía según mes, 2017 – 2026",Cuadros Estadísticos,spreadsheet,210.25,https://nube.ine.gob.bo/index.php/s/16CRGKNCCXHGkb6/download,True
2026-05-29 16:16:24-04:00,"Bolivia – Conexiones de televisión por cable por departamento según mes, 2017 – 2026",Cuadros Estadísticos,spreadsheet,84.79,https://nube.ine.gob.bo/index.php/s/ZRURQI9xgQ9tIdw/download,True
2026-05-29 16:17:48-04:00,"Bolivia – Distribución de líneas telefónicas fijas en servicio por departamento según mes, 2022 – 2026",Cuadros Estadísticos,spreadsheet,79.93,https://nube.ine.gob.bo/index.php/s/dJfYPTJMkDjrIGN/download,True
2026-05-29 21:00:23-04:00,ADQUISICIÓN DE CHALECOS INSTITUCIONALES,Convocatorias de Bienes y Servicios,pdf,820.84,https://nube.ine.gob.bo/index.php/s/3sN6pZrLSix0qYz/download,True
2026-06-03 22:08:57-04:00,BOLIVIA EVENTOS ADVERSOS DE SEGÚN CATEGORÍA POR AÑO 2006 – 2025,Eventos Adversos de Origen Natural,spreadsheet,80.5,https://nube.ine.gob.bo/index.php/s/yHRDNxrmW3yAo1x/download,True
2026-06-08 18:14:17-04:00,BOLIVIA FAMILIAS AFECTADAS Y DAMNIFICADAS SEGÚN CATEGORÍA 2006 – 2025,Eventos Adversos de Origen Natural,spreadsheet,84.52,https://nube.ine.gob.bo/index.php/s/ZbkoR09mpsk5NbL/download,True
2026-06-10 14:33:12-04:00,BOLIVIA EVENTOS ADVERSOS SEGÚN DEPARTAMENTO POR AÑO 2006 – 2025,Eventos Adversos de Origen Natural,spreadsheet,78.11,https://nube.ine.gob.bo/index.php/s/qAHVcXAshPCk4Uv/download,True
2026-06-10 17:09:55-04:00,BOLIVIA FAMILIAS AFECTADAS Y O DAMNIFICADAS SEGÚN DEPARTAMENTO 2006 – 2025,Eventos Adversos de Origen Natural,spreadsheet,83.89,https://nube.ine.gob.bo/index.php/s/ciIspzjY5UByyb3/download,True
2026-06-11 11:01:08-04:00,Descarga el documento 75.92 MB,BOLETINES-LAST-2025,pdf,73971.46,https://nube.ine.gob.bo/index.php/s/0CglcJlK1hJQH82/download,True
2026-06-12 12:27:31-04:00,Bolivia-Promedio de Tarifas Hoteleras Según Categoría Hotelera 2008 – 2025,Estadísticas Hoteleras,excel,115.0,https://nube.ine.gob.bo/index.php/s/UvwoNSjV2Vh2FZB/download,True
2026-06-12 16:52:50-04:00,Bolivia – Volumen Comercializado de Refinados al Mercado Interno por Producto según Año y Mes 2000 – 2025,Hidrocarburos,spreadsheet,288.17,https://nube.ine.gob.bo/index.php/s/IodKCbYLku1WFLu/download,True
2026-06-15 10:21:07-04:00,BOLETÍN ESTADÍSTICO PRECIOS INTERNACIONALES ABRIL DE 2026,Precios Internacionales,pdf,2531.13,https://nube.ine.gob.bo/index.php/s/FCf88AIyC1NAcDs/download,True
2026-06-15 10:21:08-04:00,BOLETÍN ESTADÍSTICO PRECIOS INTERNACIONALES MAYO DE 2026,Precios Internacionales,pdf,2517.15,https://nube.ine.gob.bo/index.php/s/qcxC0Mvb7hEezmx/download,True
2026-06-17 17:46:21-04:00,"Bolivia Parque Automotor por Tipo De Servicio y Clase de Vehículo, 2003 – 2025",Parque Automotor,spreadsheet,263.32,https://nube.ine.gob.bo/index.php/s/3719r540c6SBqi1/download,True
2026-06-18 09:03:43-04:00,"Chuquisaca Parque Automotor, por Municipio y Clase de Vehículo, 2003 – 2025",Parque Automotor,spreadsheet,271.64,https://nube.ine.gob.bo/index.php/s/KODQRpHfU9ByH6o/download,True
2026-06-18 09:03:47-04:00,"La Paz Parque Automotor, por Municipio y Clase de Vehículo, 2003 – 2025",Parque Automotor,spreadsheet,331.24,https://nube.ine.gob.bo/index.php/s/jqSbLe2vOyIG1ih/download,True
2026-06-18 09:03:51-04:00,"Cochabamba Parque Automotor, por Municipio y Clase de Vehículo, 2003 – 2025",Parque Automotor,spreadsheet,302.44,https://nube.ine.gob.bo/index.php/s/CZrR0dVeY4b3H2C/download,True
2026-06-18 09:03:54-04:00,"Oruro Parque Automotor, por Municipio y Clase de Vehículo, 2003 – 2025",Parque Automotor,spreadsheet,289.42,https://nube.ine.gob.bo/index.php/s/HVzmerBomagDPaw/download,True
2026-06-18 09:03:58-04:00,"Potosí Parque Automotor, por Municipio y Clase de Vehículo, 2003 – 2025",Parque Automotor,spreadsheet,279.29,https://nube.ine.gob.bo/index.php/s/YPI0V9per2xZwOZ/download,True
2026-06-18 09:04:01-04:00,"Tarija Parque Automotor, por Municipio y Clase de Vehículo, 2003 – 2025",Parque Automotor,spreadsheet,268.17,https://nube.ine.gob.bo/index.php/s/MMpMZwzv0RgyARA/download,True
2026-06-18 09:04:05-04:00,"Santa Cruz Parque Automotor, por Municipio y Clase de Vehículo, 2003 – 2025",Parque Automotor,spreadsheet,311.01,https://nube.ine.gob.bo/index.php/s/vHMtPYaiiAxM0Zx/download,True
2026-06-18 09:04:08-04:00,"Beni Parque Automotor, por Municipio y Clase de Vehículo, 2003 – 2025",Parque Automotor,spreadsheet,260.71,https://nube.ine.gob.bo/index.php/s/yaUyZNXjhD4Ihpl/download,True
2026-06-18 11:14:26-04:00,"Pando Parque Automotor, por Municipio y Clase de Vehículo, 2003 – 2025",Parque Automotor,spreadsheet,258.57,https://nube.ine.gob.bo/index.php/s/2k6O3f4t6tpNXKe/download,True
2026-06-18 11:16:12-04:00,"Bolivia – Conversiones de Vehículos a Gas Natural Vehicular según Año y Trimestre, 2010 – 2025",Parque Automotor,spreadsheet,87.58,https://nube.ine.gob.bo/index.php/s/wmW5MXJJdTBtme0/download,True
2026-06-18 11:16:51-04:00,"Bolivia – Conversiones de Vehículos por Tipo de Vehículo a Gas Natural Vehicular según Año, 2017 – 2025",Parque Automotor,spreadsheet,81.06,https://nube.ine.gob.bo/index.php/s/HwaJ6hXpYmfmgTN/download,True
2026-06-18 11:17:23-04:00,"Bolivia – Vehículos con Recalificaciones de Cilindros según Año y Trimestre, 2011 – 2025",Parque Automotor,spreadsheet,95.78,https://nube.ine.gob.bo/index.php/s/MCE8FHTGVukGg8g/download,True
2026-06-18 11:17:59-04:00,"Bolivia – Vehículos con Recalificaciones de Cilindros por Tipo de Vehículo según Año, 2017 – 2025",Parque Automotor,spreadsheet,81.09,https://nube.ine.gob.bo/index.php/s/7QXSILj5eD6oinM/download,True
2026-06-23 12:33:33-04:00,"Bolivia Parque Automotor por Tipo de Servicio, Clase de Vehículo y Modelo, 2003 – 2025",Parque Automotor,spreadsheet,320.39,https://nube.ine.gob.bo/index.php/s/jlXVWWo0rtDU3kB/download,True
2026-06-23 13:03:54-04:00,"Bolivia Parque Automotor por Tipo de Servicio, Clase de Vehículo y Capacidad de Carga, 2003 – 2025",Parque Automotor,spreadsheet,302.05,https://nube.ine.gob.bo/index.php/s/F1KAkKLlf8XzrGn/download,True
2026-06-23 14:31:58-04:00,"Bolivia Parque Automotor por Tipo de Servicio, Clase de Vehículo y Cilindrada, 2003 – 2025",Parque Automotor,spreadsheet,280.68,https://nube.ine.gob.bo/index.php/s/klGBNQVYvPYbMOK/download,True
2026-06-23 14:44:32-04:00,"Bolivia Parque Automotor, según Departamento y Tipo de Servicio, 2003 – 2025",Parque Automotor,spreadsheet,262.15,https://nube.ine.gob.bo/index.php/s/w8kgTAQaj0mkXrz/download,True
2026-06-23 17:28:39-04:00,SERVICIO DE ELABORACIÓN DEL PLAN DE MEDIOS Y EJECUCIÓN PARA LA DIFUSIÓN DE CAMPAÑAS PUBLICITARIAS,Convocatorias de Bienes y Servicios,pdf,161.7,https://nube.ine.gob.bo/index.php/s/uK6hgrGRszSQ7yo/download,True
2026-06-23 17:29:00-04:00,"SERVICIO DE IMPRESIÓN DE MATERIAL COMUNICACIONAL, DIFUSIÓN Y APOYO A LAS ACTIVIDADES DE COMUNICACIÓN DEL CENSO AGROPECUARIO",Convocatorias de Bienes y Servicios,pdf,173.63,https://nube.ine.gob.bo/index.php/s/R0M8Kn0BaC5ks8W/download,True
2026-06-24 15:25:15-04:00,"Bolivia: Índice de consumo de energía eléctrica de la industria manufacturera según trimestre, 2017 – 2026",Cuadros Estadísticos,spreadsheet,277.88,https://nube.ine.gob.bo/index.php/s/YgTbOXPHRemtmqs/download,True
2026-06-24 15:36:13-04:00,Bolivia: Situación económica de la Industria manufacturera segun año y trimestre 2017 – 2026,Cuadros Estadísticos,spreadsheet,262.74,https://nube.ine.gob.bo/index.php/s/RogOGqiVzMQYwGx/download,True
2026-06-24 15:42:14-04:00,Bolivia: Porcentaje de utilización de la capacidad productiva instalada de la industria manufacturera según trimestre 2017 – 2026,Cuadros Estadísticos,spreadsheet,262.79,https://nube.ine.gob.bo/index.php/s/rmFjGFy0nomAE9U/download,True
2026-06-24 16:30:11-04:00,"Bolivia: Índice de volumen de ventas de la industria manufacturera según trimestre, 2017 – 2026",Cuadros Estadísticos,spreadsheet,410.91,https://nube.ine.gob.bo/index.php/s/SFB9GIQSLoMk8ub/download,True
2026-06-24 16:54:46-04:00,"Bolivia: Índice de volumen de producción de la industria manufacturera según trimestre, 2017 – 2026",Cuadros Estadísticos,spreadsheet,412.12,https://nube.ine.gob.bo/index.php/s/POWVT4ZqvMZUIBl/download,True
2026-06-29 07:30:42-04:00,📥,Encuesta de Hogares,spreadsheet,100.25,https://nube.ine.gob.bo/index.php/s/YbkX6fDu8YrgXFY/download,True
2026-06-29 07:31:29-04:00,📥,Encuesta de Hogares,spreadsheet,128.32,https://nube.ine.gob.bo/index.php/s/KS6eAg1hG64vP7s/download,True
2026-06-29 07:32:20-04:00,📥,Encuesta de Hogares,spreadsheet,101.04,https://nube.ine.gob.bo/index.php/s/6qmcDjn3SUmO2nE/download,True
2026-06-29 07:32:44-04:00,📥,Encuesta de Hogares,spreadsheet,99.67,https://nube.ine.gob.bo/index.php/s/dILqz3hPKftHFPM/download,True
2026-06-29 07:33:59-04:00,📥,Encuesta de Hogares,spreadsheet,85.43,https://nube.ine.gob.bo/index.php/s/QX3kWUbSNZs7ASm/download,True
2026-06-29 07:34:53-04:00,📥,Encuesta de Hogares,spreadsheet,91.02,https://nube.ine.gob.bo/index.php/s/lvStRR9mvcOd30W/download,True
2026-06-29 07:35:27-04:00,📥,Encuesta de Hogares,spreadsheet,75.09,https://nube.ine.gob.bo/index.php/s/5IgoDp9yIf24EuI/download,True
2026-06-29 07:35:52-04:00,📥,Encuesta de Hogares,spreadsheet,79.68,https://nube.ine.gob.bo/index.php/s/0Qi0MhCpljuXSW9/download,True
2026-06-29 07:36:22-04:00,📥,Encuesta de Hogares,spreadsheet,72.38,https://nube.ine.gob.bo/index.php/s/E2ComWzIgVjHwne/download,True
2026-06-29 07:36:47-04:00,📥,Encuesta de Hogares,spreadsheet,78.06,https://nube.ine.gob.bo/index.php/s/A6bWu8YlAcGzxRk/download,True
2026-06-29 07:37:57-04:00,📥,Encuesta de Hogares,spreadsheet,92.28,https://nube.ine.gob.bo/index.php/s/WlSFHdonmCEyw2q/download,True
2026-06-29 07:39:10-04:00,📥,Encuesta de Hogares,spreadsheet,85.25,https://nube.ine.gob.bo/index.php/s/ItJQhsymtb1jRLp/download,True
2026-06-29 07:39:37-04:00,📥,Encuesta de Hogares,spreadsheet,86.7,https://nube.ine.gob.bo/index.php/s/eJbQOoTTZsCvEpb/download,True
2026-06-29 07:40:10-04:00,📥,Encuesta de Hogares,spreadsheet,92.34,https://nube.ine.gob.bo/index.php/s/Ibl7mCDPWFdM2Xx/download,True
2026-06-29 07:41:25-04:00,📥,Encuesta de Hogares,spreadsheet,76.55,https://nube.ine.gob.bo/index.php/s/3ETbleoRktQrGhh/download,True
2026-06-29 07:42:13-04:00,📥,Encuesta de Hogares,spreadsheet,92.05,https://nube.ine.gob.bo/index.php/s/1bEJu3g3t9aXXPT/download,True
2026-06-29 07:42:45-04:00,📥,Encuesta de Hogares,spreadsheet,76.92,https://nube.ine.gob.bo/index.php/s/tPuT7pTG0I1hNYw/download,True
2026-06-29 07:43:07-04:00,📥,Encuesta de Hogares,spreadsheet,81.17,https://nube.ine.gob.bo/index.php/s/umlwUmPQSVfhjAN/download,True
2026-06-29 07:43:45-04:00,📥,Encuesta de Hogares,spreadsheet,82.6,https://nube.ine.gob.bo/index.php/s/vdy5sLHiMdY6Jrl/download,True
2026-06-29 07:44:10-04:00,📥,Encuesta de Hogares,spreadsheet,80.76,https://nube.ine.gob.bo/index.php/s/kk1bbqJLwwy0Vaf/download,True
2026-06-29 07:44:40-04:00,📥,Encuesta de Hogares,spreadsheet,80.62,https://nube.ine.gob.bo/index.php/s/uTLzdcUfAQSaSHU/download,True
2026-06-29 07:45:02-04:00,📥,Encuesta de Hogares,spreadsheet,85.69,https://nube.ine.gob.bo/index.php/s/JjkWII5aMEPaVCd/download,True
2026-06-29 07:45:40-04:00,📥,Encuesta de Hogares,spreadsheet,91.91,https://nube.ine.gob.bo/index.php/s/WPhwEPQ37I76P5D/download,True
2026-06-29 07:46:05-04:00,📥,Encuesta de Hogares,spreadsheet,72.01,https://nube.ine.gob.bo/index.php/s/2JO0yFstcmkpZ2r/download,True
2026-06-29 07:46:40-04:00,📥,Encuesta de Hogares,spreadsheet,73.74,https://nube.ine.gob.bo/index.php/s/dARxFdn2WmoRQiG/download,True
2026-06-29 07:46:59-04:00,📥,Encuesta de Hogares,spreadsheet,70.43,https://nube.ine.gob.bo/index.php/s/Ehfyl4yetauuIIb/download,True
2026-06-29 07:47:23-04:00,📥,Encuesta de Hogares,spreadsheet,76.97,https://nube.ine.gob.bo/index.php/s/uIr2Y8wrC7Ozktt/download,True
2026-06-29 07:47:43-04:00,📥,Encuesta de Hogares,spreadsheet,66.06,https://nube.ine.gob.bo/index.php/s/Yt3dz2cPBcXfDEP/download,True
2026-06-29 07:48:04-04:00,📥,Encuesta de Hogares,spreadsheet,72.65,https://nube.ine.gob.bo/index.php/s/7SCzw5h0PpGeSa9/download,True
2026-06-29 07:48:46-04:00,📥,Encuesta de Hogares,spreadsheet,91.17,https://nube.ine.gob.bo/index.php/s/IFrqgBHUT756FdM/download,True
2026-06-29 09:38:29-04:00,"SANTA CRUZ: INGRESO PROMEDIO MENSUAL EN LA OCUPACIÓN PRINCIPAL, SEGÚN CARACTERÍSTICAS OCUPACIONALES, 2011 – 2025",Encuesta de Hogares (desde 1999 a la fecha),spreadsheet,182.21,https://nube.ine.gob.bo/index.php/s/WP6OKvnakOAt1DR/download,True
2026-06-29 09:46:18-04:00,"BOLIVIA: HOGARES SEGÚN ÁREA, TIPO Y TENENCIA DE LA VIVIENDA, 2011 – 2025",Encuesta de Hogares,spreadsheet,90.95,https://nube.ine.gob.bo/index.php/s/zx19H6zT6yv0Gqq/download,True
2026-06-29 09:46:27-04:00,"BOLIVIA: HOGARES SEGÚN DEPARTAMENTO Y TIPO DE VIVIENDA, 2011-2025",Encuesta de Hogares,spreadsheet,76.26,https://nube.ine.gob.bo/index.php/s/6kOhSpqOB4l74ym/download,True
2026-06-29 09:48:23-04:00,"BOLIVIA: HOGARES SEGÚN ÁREA Y TENENCIA DE LA VIVIENDA, 2011 – 2025",Encuesta de Hogares,spreadsheet,91.78,https://nube.ine.gob.bo/index.php/s/AaaU17hIxfH6NHO/download,True
2026-06-29 09:48:49-04:00,📥,Encuesta de Hogares (desde 1999 a la fecha),spreadsheet,174.86,https://nube.ine.gob.bo/index.php/s/6sCn0SRj9CEn1xp/download,True
2026-06-29 09:49:51-04:00,📥,Encuesta de Hogares (desde 1999 a la fecha),spreadsheet,146.57,https://nube.ine.gob.bo/index.php/s/6jVcOTuuobDffyQ/download,True
2026-06-29 09:50:06-04:00,📥,Encuesta de Hogares (desde 1999 a la fecha),spreadsheet,199.73,https://nube.ine.gob.bo/index.php/s/MrYtkdnZNgZcput/download,True
2026-06-29 09:50:45-04:00,📥,Encuesta de Hogares (desde 1999 a la fecha),spreadsheet,242.59,https://nube.ine.gob.bo/index.php/s/Whg5teAAiF3IG3C/download,True
2026-06-29 09:51:09-04:00,📥,Encuesta de Hogares (desde 1999 a la fecha),spreadsheet,110.42,https://nube.ine.gob.bo/index.php/s/Hk0FXFbSli3tJ4m/download,True
2026-06-29 09:51:28-04:00,📥,Encuesta de Hogares (desde 1999 a la fecha),spreadsheet,116.14,https://nube.ine.gob.bo/index.php/s/S63Wt5EfEqfyn4V/download,True
2026-06-29 09:51:46-04:00,📥,Encuesta de Hogares (desde 1999 a la fecha),spreadsheet,189.48,https://nube.ine.gob.bo/index.php/s/9lQs5u0XjCj1DAi/download,True
2026-06-29 09:52:02-04:00,📥,Encuesta de Hogares (desde 1999 a la fecha),spreadsheet,184.75,https://nube.ine.gob.bo/index.php/s/dHLRCCCDJp6dVl0/download,True
2026-06-29 09:52:25-04:00,📥,Encuesta de Hogares (desde 1999 a la fecha),spreadsheet,110.35,https://nube.ine.gob.bo/index.php/s/dw7XyrtT4H74t5n/download,True
2026-06-29 09:52:44-04:00,📥,Encuesta de Hogares (desde 1999 a la fecha),spreadsheet,191.65,https://nube.ine.gob.bo/index.php/s/pCoctRty3InicmM/download,True
2026-06-29 09:54:45-04:00,"BOLIVIA-ÁREA RURAL: INGRESO PROMEDIO MENSUAL EN LA OCUPACIÓN PRINCIPAL POR SEXO, SEGÚN CARACTERÍSTICAS OCUPACIONALES, 2011 – 2025",Encuesta de Hogares (desde 1999 a la fecha),spreadsheet,173.86,https://nube.ine.gob.bo/index.php/s/s2xI57RHmXUJQXI/download,True
2026-06-29 09:55:17-04:00,"BOLIVIA: HOGARES SEGÚN DEPARTAMENTO Y TENENCIA DE LA VIVIENDA, 2011-2025",Encuesta de Hogares,spreadsheet,76.59,https://nube.ine.gob.bo/index.php/s/q1yPOSWgSZcohFj/download,True
2026-06-29 09:58:46-04:00,"ORURO: INGRESO PROMEDIO MENSUAL EN LA OCUPACIÓN PRINCIPAL, SEGÚN CARACTERÍSTICAS OCUPACIONALES, 2011 – 2025",Encuesta de Hogares (desde 1999 a la fecha),spreadsheet,108.11,https://nube.ine.gob.bo/index.php/s/2QQRravOxYLlIG3/download,True
2026-06-29 09:58:49-04:00,"BOLIVIA: HOGARES SEGÚN ÁREA Y MATERIALES DE CONSTRUCCIÓN UTILIZADOS EN PAREDES DE LA VIVIENDA, 2011 – 2025",Encuesta de Hogares,spreadsheet,81.12,https://nube.ine.gob.bo/index.php/s/Vy2h1z3wRFvz7Kh/download,True
2026-06-29 09:59:10-04:00,"POTOSÍ: INGRESO PROMEDIO MENSUAL EN LA OCUPACIÓN PRINCIPAL, SEGÚN CARACTERÍSTICAS OCUPACIONALES, 2011 – 2025",Encuesta de Hogares (desde 1999 a la fecha),spreadsheet,114.15,https://nube.ine.gob.bo/index.php/s/HTd00I0vmiqyTb6/download,True
2026-06-29 09:59:42-04:00,"TARIJA: INGRESO PROMEDIO MENSUAL EN LA OCUPACIÓN PRINCIPAL, SEGÚN CARACTERÍSTICAS OCUPACIONALES, 2011 – 2025",Encuesta de Hogares (desde 1999 a la fecha),spreadsheet,186.96,https://nube.ine.gob.bo/index.php/s/GzjITKqAnmLfGD2/download,True
2026-06-29 10:01:23-04:00,"PANDO: INGRESO PROMEDIO MENSUAL EN LA OCUPACIÓN PRINCIPAL, SEGÚN CARACTERÍSTICAS OCUPACIONALES, 2011 – 2025",Encuesta de Hogares (desde 1999 a la fecha),spreadsheet,189.52,https://nube.ine.gob.bo/index.php/s/xy2pZ74tC2MmEi3/download,True
2026-06-29 10:01:34-04:00,"BENI: INGRESO PROMEDIO MENSUAL EN LA OCUPACIÓN PRINCIPAL, SEGÚN CARACTERÍSTICAS OCUPACIONALES, 2011 – 2025",Encuesta de Hogares (desde 1999 a la fecha),spreadsheet,108.94,https://nube.ine.gob.bo/index.php/s/vEXjCkM94KxsS98/download,True
2026-06-29 10:03:16-04:00,📥,Encuesta de Hogares,spreadsheet,97.84,https://nube.ine.gob.bo/index.php/s/SB5KVfqLDSXuXcm/download,True
2026-06-29 10:04:03-04:00,📥,Encuesta de Hogares,spreadsheet,72.17,https://nube.ine.gob.bo/index.php/s/291L7f6GjRvGpy6/download,True
2026-06-29 10:04:33-04:00,📥,Encuesta de Hogares,spreadsheet,91.5,https://nube.ine.gob.bo/index.php/s/sEW3rNxeaRNnngk/download,True
2026-06-29 10:06:46-04:00,"BOLIVIA: COBERTURA DE SEGUROS DE SALUD, SEGÚN DEPARTAMENTO Y SECTOR, 2011-2025",Encuesta de Hogares,spreadsheet,102.98,https://nube.ine.gob.bo/index.php/s/g2qsqDEfSPN2hKM/download,True
2026-06-29 10:07:11-04:00,"BOLIVIA: POBLACIÓN REGISTRADA O AFILIADA A SEGUROS DE SALUD, SEGÚN SEXO Y SECTOR, 2011-2025",Encuesta de Hogares,spreadsheet,92.61,https://nube.ine.gob.bo/index.php/s/QENMTkakBt1pglk/download,True
2026-06-29 10:09:02-04:00,"BOLIVIA: HOGARES SEGÚN DEPARTAMENTO Y MATERIAL DE CONSTRUCCIÓN UTILIZADO EN PAREDES DE LA VIVIENDA, 2011-2025",Encuesta de Hogares,spreadsheet,82.5,https://nube.ine.gob.bo/index.php/s/NFoXLM3sUYKLQoG/download,True
2026-06-29 10:09:56-04:00,📥,Encuesta de Hogares,spreadsheet,98.67,https://nube.ine.gob.bo/index.php/s/XcwoCSzmOzTpPB0/download,True
2026-06-29 10:11:13-04:00,"BOLIVIA: HOGARES SEGÚN ÁREA Y MATERIALES DE CONSTRUCCIÓN UTILIZADOS EN TECHOS DE LA VIVIENDA, 2011 – 2025",Encuesta de Hogares,spreadsheet,80.61,https://nube.ine.gob.bo/index.php/s/Y93y7DsgNf6dFk3/download,True
2026-06-29 10:16:01-04:00,"BOLIVIA: HOGARES SEGÚN DEPARTAMENTO Y MATERIALES DE CONSTRUCCIÓN UTILIZADO EN TECHOS DE LA VIVIENDA, 2011-2025",Encuesta de Hogares,spreadsheet,80.35,https://nube.ine.gob.bo/index.php/s/HlOoE73RTZOZu31/download,True
2026-06-29 10:20:14-04:00,"BOLIVIA: HOGARES SEGÚN ÁREA Y MATERIALES DE CONSTRUCCIÓN UTILIZADOS EN PISOS DE LA VIVIENDA, 2011 – 2025",Encuesta de Hogares,spreadsheet,85.55,https://nube.ine.gob.bo/index.php/s/2ylTYTjkB3UIw8q/download,True
2026-06-29 10:28:01-04:00,"BOLIVIA: HOGARES SEGÚN DEPARTAMENTO Y MATERIALES DE CONSTRUCCIÓN UTILIZADO EN PISOS DE LA VIVIENDA, 2011-2025",Encuesta de Hogares,spreadsheet,91.93,https://nube.ine.gob.bo/index.php/s/N4xTXlFQsO4WsaN/download,True
2026-06-29 10:31:21-04:00,"BOLIVIA: HOGARES SEGÚN ÁREA, NÚMERO DE PERSONAS POR CUARTO O HABITACIONES PARA DORMIR, 2011 – 2025",Encuesta de Hogares,spreadsheet,71.88,https://nube.ine.gob.bo/index.php/s/Blp9su5rbXvdy6i/download,True
2026-06-29 10:36:14-04:00,"BOLIVIA: HOGARES SEGÚN DEPARTAMENTO Y NÚMERO DE PERSONAS POR CUARTO O HABITACIONES PARA DORMIR, 2011-2025",Encuesta de Hogares,spreadsheet,73.41,https://nube.ine.gob.bo/index.php/s/hphUcuqZECONyy0/download,True
2026-06-29 10:38:36-04:00,"BOLIVIA: HOGARES SEGÚN ÁREA Y NÚMERO DE PERSONAS POR CUARTO O HABITACIONES MULTIUSO, 2011 – 2025",Encuesta de Hogares,spreadsheet,70.33,https://nube.ine.gob.bo/index.php/s/7vbpjMNPWdabxNZ/download,True
2026-06-29 10:41:44-04:00,"BOLIVIA: HOGARES SEGÚN ÁREA Y DISPONIBILIDAD DE CUARTO EXCLUSIVO PARA COCINAR, 2011 – 2025",Encuesta de Hogares,spreadsheet,66.12,https://nube.ine.gob.bo/index.php/s/3PsjQ039dVUHUkp/download,True
2026-06-29 11:00:56-04:00,"BOLIVIA: HOGARES SEGÚN DEPARTAMENTO Y NÚMERO DE PERSONAS POR CUARTO O HABITACIONES MULTIUSO, 2011-2025",Encuesta de Hogares,spreadsheet,76.65,https://nube.ine.gob.bo/index.php/s/WM6w5QGdaQ5ZQaC/download,True
2026-06-29 11:02:42-04:00,📥,Pobreza y Desigualdad,spreadsheet,300.86,https://nube.ine.gob.bo/index.php/s/ybB63ivM10ViiJH/download,True
2026-06-29 11:03:17-04:00,📥,Pobreza y Desigualdad,spreadsheet,301.08,https://nube.ine.gob.bo/index.php/s/pmC0tIulettaTEG/download,True
2026-06-29 11:03:56-04:00,"BOLIVIA: HOGARES SEGÚN DEPARTAMENTO Y DISPONIBILIDAD DE CUARTO EXCLUSIVO PARA COCINAR, 2011-2025",Encuesta de Hogares,spreadsheet,72.32,https://nube.ine.gob.bo/index.php/s/MdFy6WyyhwHh2U6/download,True
2026-06-29 11:18:25-04:00,"BOLIVIA: INCIDENCIA DE POBREZA(1), SEGÚN DEPARTAMENTO, 2016-2025",Pobreza y Desigualdad,spreadsheet,347.83,https://nube.ine.gob.bo/index.php/s/Jwbz9yvOAjt3eFo/download,True
2026-06-29 11:19:00-04:00,"BOLIVIA: RAZÓN DE PERCENTIL PARA EL INGRESO PER CÁPITA MENSUAL, 2005 – 2025",Pobreza y Desigualdad,spreadsheet,311.09,https://nube.ine.gob.bo/index.php/s/WwHJTCz1GFtDAvJ/download,True
2026-06-29 11:32:58-04:00,"BOLIVIA:INDICADORES DE POBREZA EXTREMA(1), SEGÚN ÁREA, 2016-2025",Pobreza y Desigualdad,spreadsheet,317.38,https://nube.ine.gob.bo/index.php/s/S9q946tPUVX3P8i/download,True
2026-06-29 11:33:14-04:00,"BOLIVIA: INCIDENCIA DE POBREZA EXTREMA(1), SEGÚN DEPARTAMENTO, 2016-2025",Pobreza y Desigualdad,spreadsheet,328.28,https://nube.ine.gob.bo/index.php/s/sXTvYcP5MQeRaU9/download,True
2026-06-29 11:34:20-04:00,"BOLIVIA: ÍNDICE DE GINI PARA EL INGRESO PER CÁPITA MENSUAL, SEGÚN ÁREA, 2005 – 2025",Pobreza y Desigualdad,spreadsheet,320.46,https://nube.ine.gob.bo/index.php/s/HUlsrhvWNgm5hvC/download,True
2026-06-29 12:42:51-04:00,"BOLIVIA: HOGARES CON ACCESO A TECNOLOGÍAS DE INFORMACIÓN Y COMUNICACIÓN (TIC), SEGÚN ÁREA, 2013 – 2025",Encuesta de Hogares,spreadsheet,91.82,https://nube.ine.gob.bo/index.php/s/XcwdNXsCJfVkr3C/download,True
2026-06-29 13:21:05-04:00,"BOLIVIA: POBLACIÓN DE 5 AÑOS O MÁS DE EDAD QUE UTILIZARON TECNOLOGÍAS DE INFORMACIÓN Y COMUNICACIÓN (TIC) EN LOS ÚLTIMOS TRES MESES, SEGÚN SEXO, 2013 – 2025",Encuesta de Hogares,spreadsheet,85.3,https://nube.ine.gob.bo/index.php/s/vkCvWQMAlncaBIH/download,True
2026-06-29 13:22:18-04:00,"BOLIVIA: POBLACIÓN DE 5 AÑOS O MÁS DE EDAD QUE UTILIZARON TECNOLOGÍAS DE INFORMACIÓN Y COMUNICACIÓN (TIC) EN LOS ÚLTIMOS TRES MESES, SEGÚN ÁREA, 2013 – 2025",Encuesta de Hogares,spreadsheet,86.76,https://nube.ine.gob.bo/index.php/s/3Vt3FHQ6kjWVtN1/download,True
2026-06-29 13:24:20-04:00,"BOLIVIA: POBLACIÓN DE 5 AÑOS O MÁS DE EDAD QUE UTILIZARON TECNOLOGÍAS DE INFORMACIÓN Y COMUNICACIÓN (TIC) EN LOS ÚLTIMOS TRES MESES, SEGÚN DEPARTAMENTO, 2013 – 2025",Encuesta de Hogares,spreadsheet,92.32,https://nube.ine.gob.bo/index.php/s/X5LEIq7q6k3hMdf/download,True
2026-06-29 13:52:13-04:00,"BOLIVIA: NIVEL DE INSTRUCCIÓN ALCANZADO POR LA POBLACIÓN DE 19 AÑOS O MÁS EDAD POR SEXO, SEGÚN ÁREA, 2011 – 2025",Encuesta de Hogares,spreadsheet,100.03,https://nube.ine.gob.bo/index.php/s/7glyCeGM8VOs2i7/download,True
2026-06-29 13:52:20-04:00,"BOLIVIA: NIVEL DE INSTRUCCIÓN ALCANZADO POR LA POBLACIÓN DE 19 AÑOS O MÁS EDAD POR SEXO, SEGÚN DEPARTAMENTO, 2011 – 2025",Encuesta de Hogares,spreadsheet,127.49,https://nube.ine.gob.bo/index.php/s/uiLVtPaJA4G7pEl/download,True
2026-06-29 13:59:27-04:00,"BOLIVIA: POBLACIÓN MATRICULADA DE 5 A 39 AÑOS DE EDAD POR SEXO, SEGÚN ÁREA Y NIVEL DE MATRICULACIÓN, 2011-2025",Encuesta de Hogares,spreadsheet,100.75,https://nube.ine.gob.bo/index.php/s/JojT78gzirAuTIb/download,True
2026-06-29 14:03:01-04:00,"BOLIVIA: POBLACIÓN MATRICULADA DE 5 A 39 AÑOS DE EDAD POR TIPO DE ESTABLECIMIENTO, SEGÚN SEXO Y NIVEL DE MATRICULACIÓN, 2011-2025",Encuesta de Hogares,spreadsheet,99.08,https://nube.ine.gob.bo/index.php/s/GlnicKcFWeIsEaU/download,True
2026-06-29 14:06:13-04:00,"BOLIVIA: TASA DE ALFABETISMO EN LA POBLACIÓN DE 15 AÑOS O MÁS DE EDAD POR SEXO, SEGÚN ÁREA, 2011 – 2025",Encuesta de Hogares,spreadsheet,85.46,https://nube.ine.gob.bo/index.php/s/HRHjzE1kfiShQht/download,True
2026-06-29 14:07:24-04:00,"BOLIVIA: TASA DE ALFABETISMO EN LA POBLACIÓN DE 15 AÑOS O MÁS DE EDAD POR SEXO, SEGÚN DEPARTAMENTO, 2011 – 2025",Encuesta de Hogares,spreadsheet,91.02,https://nube.ine.gob.bo/index.php/s/GIFqZt96AIQbvYM/download,True
2026-06-29 14:08:38-04:00,"BOLIVIA: TASA DE ASISTENCIA DE LA POBLACIÓN ENTRE 6 Y 19 AÑOS DE EDAD POR SEXO, SEGÚN ÁREA, 2011- 2025",Encuesta de Hogares,spreadsheet,75.1,https://nube.ine.gob.bo/index.php/s/DEQaYKvgJkqTMjp/download,True
2026-06-29 14:09:43-04:00,"BOLIVIA: TASA DE ASISTENCIA DE LA POBLACIÓN ENTRE 6 Y 19 AÑOS DE EDAD POR SEXO, SEGÚN DEPARTAMENTO, 2011 – 2025",Encuesta de Hogares,spreadsheet,79.33,https://nube.ine.gob.bo/index.php/s/pVShhoVZXB1QkHf/download,True
2026-06-29 14:28:37-04:00,"BOLIVIA: AÑOS PROMEDIO DE ESTUDIO DE LA POBLACIÓN DE 19 AÑOS O MÁS DE EDAD POR SEXO, SEGÚN ÁREA, 2011 – 2025",Encuesta de Hogares,spreadsheet,72.46,https://nube.ine.gob.bo/index.php/s/pyNlxnnRgxO0VjE/download,True
2026-06-29 14:29:45-04:00,"BOLIVIA: AÑOS PROMEDIO DE ESTUDIO DE LA POBLACIÓN DE 19 AÑOS O MÁS DE EDAD POR SEXO, SEGÚN DEPARTAMENTO, 2011 – 2025",Encuesta de Hogares,spreadsheet,78.13,https://nube.ine.gob.bo/index.php/s/u7VoDxjjhfmx3R8/download,True
2026-06-29 16:02:46-04:00,"BOLIVIA-ÁREA URBANA: INGRESO PROMEDIO MENSUAL EN LA OCUPACIÓN PRINCIPAL POR SEXO, SEGÚN CARACTERÍSTICAS OCUPACIONALES, 2011 – 2025",Encuesta de Hogares (desde 1999 a la fecha),spreadsheet,173.8,https://nube.ine.gob.bo/index.php/s/ZmoZRM0mpTuhvJw/download,True
2026-06-29 16:03:49-04:00,"LA PAZ: INGRESO PROMEDIO MENSUAL EN LA OCUPACIÓN PRINCIPAL, SEGÚN CARACTERÍSTICAS OCUPACIONALES, 2011 – 2025",Encuesta de Hogares (desde 1999 a la fecha),spreadsheet,196.94,https://nube.ine.gob.bo/index.php/s/JKTz1HtHQO57BAL/download,True
2026-06-29 16:03:56-04:00,"COCHABAMBA: INGRESO PROMEDIO MENSUAL EN LA OCUPACIÓN PRINCIPAL, SEGÚN CARACTERÍSTICAS OCUPACIONALES, 2011 – 2025",Encuesta de Hogares (desde 1999 a la fecha),spreadsheet,240.19,https://nube.ine.gob.bo/index.php/s/pHcjTECBbyCPf20/download,True
2026-06-29 16:30:26-04:00,"CHUQUISACA: INGRESO PROMEDIO MENSUAL EN LA OCUPACIÓN PRINCIPAL, SEGÚN CARACTERÍSTICAS OCUPACIONALES, 2011 – 2025",Encuesta de Hogares (desde 1999 a la fecha),spreadsheet,143.87,https://nube.ine.gob.bo/index.php/s/K9HqrFZscdRhIze/download,True
2026-06-29 16:59:40-04:00,📥,Encuesta de Hogares (desde 1999 a la fecha),spreadsheet,237.53,https://nube.ine.gob.bo/index.php/s/p1Oby47LC99fddD/download,True
2026-06-29 17:02:48-04:00,"BOLIVIA: NÚMERO PROMEDIO DE PERSONAS POR HOGAR, SEGÚN ÁREA Y DEPARTAMENTO, 2011-2025",Población y Hechos Vitales,spreadsheet,79.92,https://nube.ine.gob.bo/index.php/s/68yjStOmfpg7Mpr/download,True
2026-06-29 17:03:32-04:00,"BOLIVIA: HOGARES SEGÚN ÁREA Y TIPO DE HOGAR, 2011-2025",Población y Hechos Vitales,spreadsheet,85.9,https://nube.ine.gob.bo/index.php/s/9uaK9NbIXP5thTq/download,True
2026-06-29 17:04:29-04:00,"BOLIVIA: HOGARES SEGÚN DEPARTAMENTO Y TIPO DE HOGAR, 2011-2025",Población y Hechos Vitales,spreadsheet,99.32,https://nube.ine.gob.bo/index.php/s/0cLkDNOzU38AXXc/download,True
2026-06-29 17:04:53-04:00,"BOLIVIA: HOGARES POR SEXO DEL JEFE DE HOGAR, SEGÚN ÁREA Y TIPO DE HOGAR, 2011-2025",Población y Hechos Vitales,spreadsheet,96.95,https://nube.ine.gob.bo/index.php/s/B4EkMYdxjf6dAdI/download,True
2026-06-29 17:05:14-04:00,"BOLIVIA: HOGARES POR SEXO DEL JEFE DE HOGAR, SEGÚN DEPARTAMENTO Y TIPO DE HOGAR, 2011-2025",Población y Hechos Vitales,spreadsheet,125.9,https://nube.ine.gob.bo/index.php/s/2vmHjhQMyvvOUTC/download,True
2026-06-29 17:05:44-04:00,"BOLIVIA: POBLACIÓN DE 4 AÑOS O MÁS DE EDAD POR SEXO, SEGÚN ÁREA E IDIOMA MATERNO, 2011-2025",Población y Hechos Vitales,spreadsheet,88.4,https://nube.ine.gob.bo/index.php/s/ZOKM43T8T8TPVao/download,True
2026-06-29 17:06:05-04:00,"BOLIVIA: POBLACIÓN DE 4 AÑOS O MÁS DE EDAD POR SEXO, SEGÚN DEPARTAMENTO E IDIOMA MATERNO, 2011-2025",Población y Hechos Vitales,spreadsheet,111.13,https://nube.ine.gob.bo/index.php/s/6mEEoJlGL7WHKWy/download,True
2026-06-29 17:26:40-04:00,"BOLIVIA: COBERTURA DE SEGUROS DE SALUD, SEGÚN SEXO Y SECTOR, 2011-2025",Encuesta de Hogares,spreadsheet,93.49,https://nube.ine.gob.bo/index.php/s/MvEVt0xd2pfoJue/download,True
2026-06-29 17:27:56-04:00,"BOLIVIA: POBLACIÓN REGISTRADA O AFILIADA A SEGUROS DE SALUD, SEGÚN ÁREA Y SECTOR, 2011-2025",Encuesta de Hogares,spreadsheet,93.39,https://nube.ine.gob.bo/index.php/s/nXkCywOxOmYOQMv/download,True
2026-06-29 17:28:28-04:00,📥,Encuesta de Hogares,spreadsheet,91.82,https://nube.ine.gob.bo/index.php/s/4pBLzNgNMiKPEGX/download,True
2026-06-29 17:28:52-04:00,📥,Encuesta de Hogares,spreadsheet,90.93,https://nube.ine.gob.bo/index.php/s/3Q4sn0MW9b3H1Q8/download,True
2026-06-29 17:34:34-04:00,📥,Pobreza y Desigualdad,spreadsheet,342.49,https://nube.ine.gob.bo/index.php/s/AnJyjxVMfERfWeA/download,True
2026-06-29 18:01:13-04:00,"BOLIVIA: POBLACIÓN FEMENINA DE 13 A 50 AÑOS, SEGÚN ÁREA Y PERSONAL DE ATENCIÓN DEL ÚLTIMO PARTO, 2011 – 2019, 2021 – 2025",Encuesta de Hogares,spreadsheet,89.14,https://nube.ine.gob.bo/index.php/s/3M0gcwHSk0X7cfd/download,True
2026-06-29 18:02:37-04:00,"BOLIVIA: POBLACIÓN FEMENINA DE 13 A 50 AÑOS, SEGÚN DEPARTAMENTO Y PERSONAL DE ATENCIÓN DEL ÚLTIMO PARTO, 2011 – 2019, 2021 – 2025",Encuesta de Hogares,spreadsheet,94.41,https://nube.ine.gob.bo/index.php/s/rlKInOdnn4u4viE/download,True
2026-06-29 18:02:56-04:00,"BOLIVIA: POBLACIÓN FEMENINA DE 13 A 50 AÑOS, SEGÚN ÁREA Y LUGAR DE ATENCIÓN DEL ÚLTIMO PARTO, 2011 – 2019, 2021",Encuesta de Hogares,spreadsheet,87.8,https://nube.ine.gob.bo/index.php/s/cE0fH5NyZBxyLW3/download,True
2026-06-29 18:03:43-04:00,"BOLIVIA: POBLACIÓN FEMENINA DE 13 A 50 AÑOS, SEGÚN DEPARTAMENTO Y LUGAR DE ATENCIÓN DEL ÚLTIMO PARTO, 2011-2019, 2021",Encuesta de Hogares,spreadsheet,90.75,https://nube.ine.gob.bo/index.php/s/h2glnQCWJT8VAeO/download,True
2026-06-29 18:04:55-04:00,"BOLIVIA: POBLACIÓN MENOR DE CINCO AÑOS QUE TUVO ENFERMEDADES DIARREICAS AGUDAS, SEGÚN ÁREA Y DEPARTAMENTO, 2011-2019, 2021",Encuesta de Hogares,spreadsheet,88.31,https://nube.ine.gob.bo/index.php/s/gLTBJ2WD0sGgsb2/download,True
2026-06-29 18:05:37-04:00,"BOLIVIA: POBLACIÓN MENOR DE CINCO AÑOS QUE TUVO INFECCIÓN RESPIRATORIA AGUDA, SEGÚN ÁREA Y DEPARTAMENTO, 2011-2019, 2021",Encuesta de Hogares,spreadsheet,88.67,https://nube.ine.gob.bo/index.php/s/HOOGU4SivkSgq0D/download,True
2026-06-29 18:06:54-04:00,"BOLIVIA: POBLACIÓN DE 15 AÑOS O MÁS DE EDAD QUE CONSUMIÓ BEBIDAS ALCOHÓLICAS, SEGÚN ÁREA Y DEPARTAMENTO, 2012-2019, 2021",Encuesta de Hogares,spreadsheet,88.12,https://nube.ine.gob.bo/index.php/s/JsMAjUeflQz1oWX/download,True
2026-06-29 18:07:29-04:00,"BOLIVIA: POBLACIÓN DE 5 O MÁS AÑOS DE EDAD QUE EN SU TIEMPO LIBRE PRACTICA ALGÚN DEPORTE O ACTIVIDAD FÍSICA, SEGÚN ÁREA Y DEPARTAMENTO, 2016 – 2019, 2021",Encuesta de Hogares,spreadsheet,87.33,https://nube.ine.gob.bo/index.php/s/8TM3NnyjkWmv55Z/download,True
2026-06-29 18:08:18-04:00,"BOLIVIA: POBLACIÓN DE 5 O MÁS AÑOS DE EDAD QUE EN SU TIEMPO LIBRE PRACTICA ALGÚN DEPORTE O ACTIVIDAD FÍSICA, SEGÚN ÁREA Y TIPO DE ACTIVIDAD, 2016 – 2019, 2021",Encuesta de Hogares,spreadsheet,89.6,https://nube.ine.gob.bo/index.php/s/fFtlymVTx5DDa4M/download,True
2026-06-29 18:09:15-04:00,"BOLIVIA: POBLACIÓN DE 5 O MÁS AÑOS DE EDAD QUE EN SU TIEMPO LIBRE PRACTICA ALGÚN DEPORTE O ACTIVIDAD FÍSICA, SEGÚN DEPARTAMENTO Y TIPO DE ACTIVIDAD, 2016 – 2019, 2021",Encuesta de Hogares,spreadsheet,96.99,https://nube.ine.gob.bo/index.php/s/oapL3hNFXfhAM4A/download,True
2026-06-29 18:10:04-04:00,"BOLIVIA: POBLACIÓN QUE POR PROBLEMAS DE SALUD ACUDE A ESTABLECIMIENTOS DE SALUD O ATIENDE SU SALUD CON SOLUCIONES CASERAS O AUTOMEDICACIÓN, SEGÚN ÁREA, 2014 – 2019, 2021 – 2025",Encuesta de Hogares,spreadsheet,90.27,https://nube.ine.gob.bo/index.php/s/zRJFOv5uI52OFcx/download,True
2026-06-29 18:10:51-04:00,"BOLIVIA: POBLACIÓN QUE POR PROBLEMAS DE SALUD ACUDE A ESTABLECIMIENTOS DE SALUD O ATIENDE SU SALUD CON SOLUCIONES CASERAS O AUTOMEDICACIÓN, SEGÚN DEPARTAMENTO, 2014 – 2019, 2021 – 2025",Encuesta de Hogares,spreadsheet,98.81,https://nube.ine.gob.bo/index.php/s/IdK6nSV4lSWxsEB/download,True
2026-06-29 18:11:40-04:00,"BOLIVIA: POBLACIÓN QUE POR PROBLEMAS DE SALUD ACUDE A ESTABLECIMIENTOS DE SALUD O ATIENDE SU SALUD CON SOLUCIONES CASERAS O AUTOMEDICACIÓN, SEGÚN SEXO, 2014 – 2019, 2021 – 2025",Encuesta de Hogares,spreadsheet,90.24,https://nube.ine.gob.bo/index.php/s/f9Q249yMWNK2sbN/download,True
2026-06-29 18:12:32-04:00,"BOLIVIA: POBLACIÓN DE 15 AÑOS O MÁS DE EDAD QUE FUMÓ CIGARRILLOS, SEGÚN ÁREA Y DEPARTAMENTO, 2012-2019, 2021",Encuesta de Hogares,spreadsheet,87.97,https://nube.ine.gob.bo/index.php/s/CbbWUCo0EkzBKtA/download,True
2026-06-29 20:21:15-04:00,📥,Pobreza y Desigualdad,spreadsheet,343.35,https://nube.ine.gob.bo/index.php/s/ZWnDDuYv9evyJIq/download,True
2026-06-29 20:35:45-04:00,📥,Pobreza y Desigualdad,spreadsheet,308.99,https://nube.ine.gob.bo/index.php/s/Ht8vL4jRsqfr4Ro/download,True
2026-06-29 20:37:43-04:00,"BOLIVIA: COBERTURA DE SEGUROS DE SALUD, SEGÚN ÁREA Y SECTOR, 2011-2025",Encuesta de Hogares,spreadsheet,93.17,https://nube.ine.gob.bo/index.php/s/hjDrKdPKrALAVSU/download,True
2026-06-29 20:42:16-04:00,"BOLIVIA: POBLACIÓN REGISTRADA O AFILIADA A SEGUROS DE SALUD, SEGÚN DEPARTAMENTO Y SECTOR, 2011-2025",Encuesta de Hogares,spreadsheet,103.0,https://nube.ine.gob.bo/index.php/s/wi9hzGcYur11veb/download,True
2026-06-30 12:25:36-04:00,"Bolivia – Salario Medio Nominal del Sector Público según Grupo Institucional, 2017-2026",Cuadros Estadísticos,spreadsheet,68.05,https://nube.ine.gob.bo/index.php/s/4jbBwOG4Hr3WygM/download,True
2026-06-30 12:25:38-04:00,"Bolivia – Salario Medio Nominal del Sector Público por Grupo Ocupacional, 2017-2026",Cuadros Estadísticos,spreadsheet,182.2,https://nube.ine.gob.bo/index.php/s/kGV5UgCigos3GJp/download,True
2026-06-30 12:25:42-04:00,"Bolivia – Salario Medio Real del Sector Público según Grupo Institucional, 2017-2026",Cuadros Estadísticos,spreadsheet,189.23,https://nube.ine.gob.bo/index.php/s/u6zPhayPPvmQkMM/download,True
2026-06-30 12:25:44-04:00,"Bolivia – Salario Medio Real del Sector Público por Grupo Ocupacional, 2017-2026",Cuadros Estadísticos,spreadsheet,182.23,https://nube.ine.gob.bo/index.php/s/PyaM3CjLNSezgNt/download,True
2026-06-30 12:25:48-04:00,"Bolivia – Remuneración Media Nominal del Sector Público según Grupo Institucional, 2017-2026",Cuadros Estadísticos,spreadsheet,68.05,https://nube.ine.gob.bo/index.php/s/Geoo4A3QIh8y5u9/download,True
2026-06-30 12:25:51-04:00,"Bolivia – Remuneración Media Nominal del Sector Público por Grupo Ocupacional, 2017-2026",Cuadros Estadísticos,spreadsheet,182.42,https://nube.ine.gob.bo/index.php/s/pJSikhgBdmnaHV3/download,True
2026-06-30 12:25:54-04:00,"Bolivia – Remuneración Media Real del Sector Público según Grupo Institucional, 2017-2026",Cuadros Estadísticos,spreadsheet,68.15,https://nube.ine.gob.bo/index.php/s/oGPBVfiOl5aSAg3/download,True
2026-06-30 12:25:57-04:00,"Bolivia – Remuneración Media Real del Sector Público por Grupo Ocupacional, 2017-2026",Cuadros Estadísticos,spreadsheet,182.44,https://nube.ine.gob.bo/index.php/s/s28NkHom1Td65ex/download,True
2026-06-30 12:26:01-04:00,"Bolivia – Número de Asalariados del Sector Público por mes según Grupo Institucional, 2017-2026",Cuadros Estadísticos,spreadsheet,60.37,https://nube.ine.gob.bo/index.php/s/JTD38u2MMfnlCwM/download,True
2026-06-30 12:26:03-04:00,"Bolivia – Número de Asalariados del Sector Público por Grupo Ocupacional, 2017-2026",Cuadros Estadísticos,spreadsheet,176.9,https://nube.ine.gob.bo/index.php/s/N6zfoWMkadrqoxk/download,True
2026-06-30 12:26:14-04:00,"Bolivia – Índice de Salario Medio Nominal del Sector Público según Grupo Institucional, 2017-2026",Cuadros Estadísticos,spreadsheet,188.4,https://nube.ine.gob.bo/index.php/s/U8Vf7xb8YTktY8Q/download,True
2026-06-30 12:26:23-04:00,"Bolivia – Índice de Salario Medio Nominal del Sector Público por Grupo Ocupacional, 2017-2026",Cuadros Estadísticos,spreadsheet,652.76,https://nube.ine.gob.bo/index.php/s/KI1PE1iENu2Sz5Y/download,True
2026-06-30 12:26:32-04:00,"Bolivia – Índice de Salario Medio Real del Sector Público según Grupo Institucional, 2017-2026",Cuadros Estadísticos,spreadsheet,189.31,https://nube.ine.gob.bo/index.php/s/1tv1BhYJSUYRZa4/download,True
2026-06-30 12:26:43-04:00,"Bolivia – Índice de Salario Medio Real del Sector Público por Grupo Ocupacional, 2017-2026",Cuadros Estadísticos,spreadsheet,895.46,https://nube.ine.gob.bo/index.php/s/6Ri9Whmkr49I4XC/download,True
2026-06-30 12:26:54-04:00,"Bolivia – Índice de Remuneración Media Nominal del Sector Público según Grupo Institucional, 2017-2026",Cuadros Estadísticos,spreadsheet,188.44,https://nube.ine.gob.bo/index.php/s/w3X1xawtukxyT58/download,True
2026-06-30 12:27:13-04:00,"Bolivia – Índice de Remuneración Media Nominal del Sector Público por Grupo Ocupacional, 2017-2026",Cuadros Estadísticos,spreadsheet,531.69,https://nube.ine.gob.bo/index.php/s/KNMlnKKeLNmnqaq/download,True
2026-06-30 12:27:22-04:00,"Bolivia – Índice de Remuneración Media Real del Sector Público según Grupo Institucional, 2017-2026",Cuadros Estadísticos,spreadsheet,189.27,https://nube.ine.gob.bo/index.php/s/ZWWIOda3CqdnaE6/download,True
2026-06-30 12:27:29-04:00,"Bolivia – Índice de Remuneración Media Real del Sector Público por Grupo Ocupacional, 2017-2026",Cuadros Estadísticos,spreadsheet,532.17,https://nube.ine.gob.bo/index.php/s/UD6oP9w9JQWC1hD/download,True
2026-06-30 12:27:39-04:00,"Bolivia – Índice de Empleo del Sector Público según Grupo Institucional, 2017-2026",Cuadros Estadísticos,spreadsheet,188.7,https://nube.ine.gob.bo/index.php/s/g2YGPT4XRqeP7jN/download,True
2026-06-30 12:27:48-04:00,"Bolivia – Índice de Empleo del Sector Público por Grupo Ocupacional, 2017-2026",Cuadros Estadísticos,spreadsheet,532.12,https://nube.ine.gob.bo/index.php/s/gBZEYCN6JxdEHt2/download,True
2026-06-30 12:35:25-04:00,📥,Población y Hechos Vitales,spreadsheet,79.89,https://nube.ine.gob.bo/index.php/s/3ZSkFN0n0Ant0Dt/download,True
2026-06-30 12:37:06-04:00,📥,Población y Hechos Vitales,spreadsheet,85.2,https://nube.ine.gob.bo/index.php/s/uFgLkRukE3NPNGL/download,True
2026-06-30 12:38:02-04:00,📥,Población y Hechos Vitales,spreadsheet,96.53,https://nube.ine.gob.bo/index.php/s/OhsD1CGAe669FXA/download,True
2026-06-30 12:41:25-04:00,📥,Población y Hechos Vitales,spreadsheet,95.87,https://nube.ine.gob.bo/index.php/s/dtY04OUDPIMBR6l/download,True
2026-06-30 12:43:53-04:00,📥,Población y Hechos Vitales,spreadsheet,123.03,https://nube.ine.gob.bo/index.php/s/YWoHx5RFr0nTUwP/download,True
2026-06-30 12:47:14-04:00,📥,Población y Hechos Vitales,spreadsheet,87.14,https://nube.ine.gob.bo/index.php/s/sUM6oQWXgSTXtHF/download,True
2026-06-30 12:47:19-04:00,"Bolivia – Salario Medio Nominal del Sector Privado según Actividad Económica, 2018-2026",Cuadros Estadísticos,spreadsheet,248.67,https://nube.ine.gob.bo/index.php/s/R7XxWK4J1XJZPA9/download,True
2026-06-30 12:47:27-04:00,"Bolivia – Salario Medio Nominal del Sector Privado según Actividad Económica (Hombres), 2018-2026",Cuadros Estadísticos,spreadsheet,248.69,https://nube.ine.gob.bo/index.php/s/cme6zPh9CeZPCJv/download,True
2026-06-30 12:47:35-04:00,"Bolivia – Salario Medio Nominal del Sector Privado según Actividad Económica (Mujeres), 2018-2026",Cuadros Estadísticos,spreadsheet,248.68,https://nube.ine.gob.bo/index.php/s/gDLnKzlj0aX5ULD/download,True
2026-06-30 12:47:42-04:00,"Bolivia – Salario Medio Real del Sector Privado según Actividad Económica, 2018-2026",Cuadros Estadísticos,spreadsheet,248.73,https://nube.ine.gob.bo/index.php/s/dKWWhB6fNnbr0dt/download,True
2026-06-30 12:47:50-04:00,"Bolivia – Salario Medio Real del Sector Privado según Actividad Económica (Hombres), 2018-2026",Cuadros Estadísticos,spreadsheet,248.92,https://nube.ine.gob.bo/index.php/s/ISpom5nzaPTTrCV/download,True
2026-06-30 12:47:58-04:00,"Bolivia – Salario Medio Real del Sector Privado según Actividad Económica (Mujeres), 2018-2026",Cuadros Estadísticos,spreadsheet,248.77,https://nube.ine.gob.bo/index.php/s/DC7Sxnh2EinQM35/download,True
2026-06-30 12:48:07-04:00,"Bolivia – Salario Medio Nominal del Sector Privado según Grupo ocupacional, 2018-2026",Cuadros Estadísticos,spreadsheet,1866.82,https://nube.ine.gob.bo/index.php/s/fduMnIQYrJHJUpB/download,True
2026-06-30 12:48:17-04:00,"Bolivia – Salario Medio Nominal del Sector Privado según Grupo ocupacional (Hombres), 2018-2026",Cuadros Estadísticos,spreadsheet,1866.73,https://nube.ine.gob.bo/index.php/s/QTQyBUuIcKprTdi/download,True
2026-06-30 12:48:26-04:00,📥,Población y Hechos Vitales,spreadsheet,109.4,https://nube.ine.gob.bo/index.php/s/3vNRpa83ilpLcMb/download,True
2026-06-30 12:48:26-04:00,"Bolivia – Salario Medio Nominal del Sector Privado según Grupo ocupacional (Mujeres), 2018-2026",Cuadros Estadísticos,spreadsheet,1866.77,https://nube.ine.gob.bo/index.php/s/mUx99zRcDOM1VS8/download,True
2026-06-30 12:48:36-04:00,"Bolivia – Salario Medio Real del Sector Privado según Grupo ocupacional, 2018-2026",Cuadros Estadísticos,spreadsheet,1866.58,https://nube.ine.gob.bo/index.php/s/LzuDzpo5dA3OsO9/download,True
2026-06-30 12:48:45-04:00,"Bolivia – Salario Medio Real del Sector Privado según Grupo ocupacional (Hombres), 2018-2026",Cuadros Estadísticos,spreadsheet,1866.62,https://nube.ine.gob.bo/index.php/s/zDkhed8FTMqKAlj/download,True
2026-06-30 12:48:54-04:00,"Bolivia – Salario Medio Real del Sector Privado según Grupo ocupacional (Mujeres), 2018-2026",Cuadros Estadísticos,spreadsheet,1866.64,https://nube.ine.gob.bo/index.php/s/gklYZ8dQp2nZuuB/download,True
2026-06-30 12:49:02-04:00,"Bolivia – Remuneración Media Nominal del Sector Privado según Actividad Económica, 2018-2026",Cuadros Estadísticos,spreadsheet,249.16,https://nube.ine.gob.bo/index.php/s/LRZnUDIL1OVy1gf/download,True
2026-06-30 12:49:20-04:00,"Bolivia – Remuneración Media Real del Sector Privado según Actividad Económica, 2018-2026",Cuadros Estadísticos,spreadsheet,249.34,https://nube.ine.gob.bo/index.php/s/u5r1j5UJA6z9I3D/download,True
2026-06-30 12:49:29-04:00,"Bolivia – Remuneración Media Real del Sector Privado según Grupo ocupacional, 2018-2026",Cuadros Estadísticos,spreadsheet,1866.58,https://nube.ine.gob.bo/index.php/s/8qUsI9ulu2ekH2y/download,True
2026-06-30 12:49:51-04:00,"Bolivia – Índice de Salario Medio Nominal del Sector Privado según Actividad Económica, 2018-2026",Cuadros Estadísticos,spreadsheet,244.32,https://nube.ine.gob.bo/index.php/s/SC94lVvDFQug0T1/download,True
2026-06-30 12:49:59-04:00,"Bolivia – Índice de Salario Medio Nominal del Sector Privado según Grupo ocupacional, 2018-2026",Cuadros Estadísticos,spreadsheet,2349.49,https://nube.ine.gob.bo/index.php/s/MwVu0DYkrfi5C9W/download,True
2026-06-30 12:50:05-04:00,"Bolivia – Índice de Salario Medio Real del Sector Privado según Actividad Económica, 2018-2026",Cuadros Estadísticos,spreadsheet,246.69,https://nube.ine.gob.bo/index.php/s/NQbBAmbU2shyZhD/download,True
2026-06-30 12:50:14-04:00,"Bolivia – Índice de Salario Medio Real del Sector Privado según Grupo ocupacional, 2018-2026",Cuadros Estadísticos,spreadsheet,2107.48,https://nube.ine.gob.bo/index.php/s/xZIwoBbUqCfaocT/download,True
2026-06-30 12:50:20-04:00,"Bolivia – Índice de Remuneración Media Nominal del Sector Privado según Actividad Económica, 2018-2026",Cuadros Estadísticos,spreadsheet,245.69,https://nube.ine.gob.bo/index.php/s/hh2FR4OFuqXigaF/download,True
2026-06-30 12:50:28-04:00,"Bolivia – Índice de Remuneración Media Nominal del Sector Privado según Grupo ocupacional, 2018-2026",Cuadros Estadísticos,spreadsheet,2228.75,https://nube.ine.gob.bo/index.php/s/tvjhXJ703TlXiu4/download,True
2026-06-30 12:50:36-04:00,"Bolivia – Índice de Remuneración Media Real del Sector Privado según Actividad Económica, 2018-2026",Cuadros Estadísticos,spreadsheet,247.23,https://nube.ine.gob.bo/index.php/s/6W2q2wpbxuI4uwG/download,True
2026-06-30 12:50:44-04:00,"Bolivia – Índice de Remuneración Media Real del Sector Privado según Grupo ocupacional, 2018-2026",Cuadros Estadísticos,spreadsheet,2228.96,https://nube.ine.gob.bo/index.php/s/dfyI55uN02Llnrw/download,True
2026-06-30 13:30:48-04:00,📥,Encuesta de Hogares,spreadsheet,88.9,https://nube.ine.gob.bo/index.php/s/mucGz9XVs9Jr9xl/download,True
2026-06-30 13:36:51-04:00,📥,Encuesta de Hogares,spreadsheet,94.74,https://nube.ine.gob.bo/index.php/s/F7sS3sXF4N9T4kN/download,True
2026-06-30 13:49:43-04:00,📥,Encuesta de Hogares,spreadsheet,87.74,https://nube.ine.gob.bo/index.php/s/admyBIEF5n6HxbG/download,True
2026-06-30 13:50:48-04:00,📥,Encuesta de Hogares,spreadsheet,91.44,https://nube.ine.gob.bo/index.php/s/PDdUMQCaibX8Cmf/download,True
2026-06-30 13:51:07-04:00,📥,Encuesta de Hogares,spreadsheet,88.4,https://nube.ine.gob.bo/index.php/s/T0m6xOy5ZQr74jp/download,True
2026-06-30 13:51:31-04:00,📥,Encuesta de Hogares,spreadsheet,88.43,https://nube.ine.gob.bo/index.php/s/xYFnTKjIhSPE24Y/download,True
2026-06-30 13:54:14-04:00,📥,Encuesta de Hogares,spreadsheet,88.26,https://nube.ine.gob.bo/index.php/s/nx58E0C4a1Bj7Ll/download,True
2026-06-30 13:57:37-04:00,📥,Encuesta de Hogares,spreadsheet,102.09,https://nube.ine.gob.bo/index.php/s/fuuXwvcX2UCHeyw/download,True
2026-06-30 13:59:03-04:00,📥,Encuesta de Hogares,spreadsheet,87.24,https://nube.ine.gob.bo/index.php/s/b2zTRzAJoOFmY4G/download,True
2026-06-30 13:59:17-04:00,📥,Encuesta de Hogares,spreadsheet,88.11,https://nube.ine.gob.bo/index.php/s/ZugMctEIUw2pTry/download,True
2026-06-30 14:00:54-04:00,📥,Encuesta de Hogares,spreadsheet,89.06,https://nube.ine.gob.bo/index.php/s/cZe9VxP8cLGXzbo/download,True
2026-06-30 14:02:06-04:00,"BOLIVIA: HOGARES CON ACCESO A TECNOLOGÍAS DE INFORMACIÓN Y COMUNICACIÓN (TIC), SEGÚN DEPARTAMENTO, 2014 – 2025",Encuesta de Hogares,spreadsheet,100.62,https://nube.ine.gob.bo/index.php/s/VjaCnOOUHpKnioD/download,True
2026-06-30 14:02:20-04:00,📥,Encuesta de Hogares,spreadsheet,95.25,https://nube.ine.gob.bo/index.php/s/OXpWnLV3fLKNXda/download,True
2026-06-30 14:04:15-04:00,📥,Encuesta de Hogares,spreadsheet,90.09,https://nube.ine.gob.bo/index.php/s/GmzICV6tZSxSEHM/download,True
2026-06-30 14:05:17-04:00,📥,Encuesta de Hogares,spreadsheet,98.59,https://nube.ine.gob.bo/index.php/s/MMc0OvzldC1HHVS/download,True
2026-06-30 14:06:16-04:00,📥,Encuesta de Hogares,spreadsheet,90.07,https://nube.ine.gob.bo/index.php/s/Jx3E8UVHTqPwsdm/download,True
2026-06-30 14:24:53-04:00,"Bolivia – Número de Asalariados del Sector Privado por mes según Actividad Económica, 2018-2026",Cuadros Estadísticos,spreadsheet,149.99,https://nube.ine.gob.bo/index.php/s/vIW7fkkHhb6ssbS/download,True
2026-06-30 14:27:19-04:00,"Bolivia – Número de Asalariados del Sector Privado según Grupo ocupacional, 2018-2026",Cuadros Estadísticos,spreadsheet,87.79,https://nube.ine.gob.bo/index.php/s/8622qIMxwORG5Vm/download,True
2026-06-30 14:29:42-04:00,"Bolivia – Índice de Empleo del Sector Privado según Actividad Económica, 2018-2026",Cuadros Estadísticos,spreadsheet,171.33,https://nube.ine.gob.bo/index.php/s/54dCLH3yh5H2kjS/download,True
2026-06-30 14:30:25-04:00,"Bolivia – Índice de Empleo del Sector Privado según Grupo ocupacional, 2018-2026",Cuadros Estadísticos,spreadsheet,93.16,https://nube.ine.gob.bo/index.php/s/qOopTjDrZtcNS1h/download,True
2026-06-30 15:19:31-04:00,"BOLIVIA: POBLACIÓN DE 15 AÑOS O MÁS POR CONDICIÓN DE VÍCTIMA DE ALGÚN HECHO DELICTIVO, SEGÚN CARACTERÍSTICA SELECCIONADA, 2016 – 2025",Encuestas,spreadsheet,97.19,https://nube.ine.gob.bo/index.php/s/8VOyNQbcloG5H11/download,True
2026-06-30 15:21:05-04:00,"BOLIVIA: PERCEPCIÓN DE SEGURIDAD DE LA POBLACIÓN DE 15 AÑOS O MÁS, SOBRE CÚANTA CONFIANZA LES INSPIRA LA POLICIA BOLIVIANA, SEGÚN CARACTERÍSTICA SELECCIONADA, 2021 Y 2025",Encuestas,spreadsheet,99.5,https://nube.ine.gob.bo/index.php/s/a4q9WLUjbsIb8MO/download,True
2026-06-30 15:33:14-04:00,"BOLIVIA: HOGARES SEGÚN ÁREA Y PROCEDENCIA DEL AGUA, 2011 – 2025",Encuesta de Hogares,spreadsheet,311.79,https://nube.ine.gob.bo/index.php/s/01dhProjvEFrLZY/download,True
2026-06-30 15:33:14-04:00,"BOLIVIA: HOGARES SEGÚN DEPARTAMENTO Y PROCEDENCIA DE AGUA, 2011-2025",Encuesta de Hogares,spreadsheet,94.84,https://nube.ine.gob.bo/index.php/s/5JPgkew940xanUL/download,True
2026-06-30 15:33:15-04:00,"BOLIVIA: HOGARES SEGÚN DEPARTAMENTO Y DISTRIBUCIÓN DEL AGUA, 2011-2025",Encuesta de Hogares,spreadsheet,95.87,https://nube.ine.gob.bo/index.php/s/9XGZSc8cYbmCaQF/download,True
2026-06-30 15:33:15-04:00,"BOLIVIA: HOGARES SEGÚN ÁREA Y DISTRIBUCIÓN DEL AGUA, 2011 – 2025",Encuesta de Hogares,spreadsheet,104.52,https://nube.ine.gob.bo/index.php/s/oZSKcdvSREkT4Iw/download,True
2026-06-30 15:33:16-04:00,"BOLIVIA: POBLACIÓN SEGÚN ÁREA Y ACCESO A FUENTE MEJORADA DE AGUA, 2011 – 2025",Encuesta de Hogares,spreadsheet,105.69,https://nube.ine.gob.bo/index.php/s/LSoK3LEdbMpalxt/download,True
2026-06-30 15:33:16-04:00,"BOLIVIA: POBLACIÓN SEGÚN ÁREA Y ACCESO A SANEAMIENTO MEJORADO, 2011 – 2025",Encuesta de Hogares,spreadsheet,104.54,https://nube.ine.gob.bo/index.php/s/Z2Ke12ojN7H25CX/download,True
2026-06-30 15:33:16-04:00,"BOLIVIA: POBLACION SEGÚN DEPARTAMENTO Y ACCESO A FUENTE MEJORADA DE AGUA, 2011 – 2025",Encuesta de Hogares,spreadsheet,105.54,https://nube.ine.gob.bo/index.php/s/joDXlnK8rIj5ZFH/download,True
2026-06-30 15:33:17-04:00,"BOLIVIA: HOGARES SEGÚN ÁREA Y DISPONIBILIDAD DEL BAÑO O SERVICIO SANITARIO, 2011 – 2025",Encuesta de Hogares,spreadsheet,101.74,https://nube.ine.gob.bo/index.php/s/81Zc0uH4Mp8vp5r/download,True
2026-06-30 15:33:17-04:00,"BOLIVIA: POBLACION SEGÚN DEPARTAMENTO A SANEAMIENTO MEJORADO, 2011 – 2025",Encuesta de Hogares,spreadsheet,104.53,https://nube.ine.gob.bo/index.php/s/Ax3gXAPdnAPxGLy/download,True
2026-06-30 15:33:17-04:00,"BOLIVIA: HOGARES SEGÚN DEPARTAMENTO Y DISPONIBILIDAD DE BAÑO O SERVICIO SANITARIO, 2011-2025",Encuesta de Hogares,spreadsheet,93.65,https://nube.ine.gob.bo/index.php/s/m9AdcFmAecsQWeL/download,True
2026-06-30 15:33:18-04:00,"BOLIVIA: HOGARES SEGÚN ÁREA  Y DESAGÜE DEL BAÑO O SERVICIO SANITARIO, 2011-2025",Encuesta de Hogares,spreadsheet,92.09,https://nube.ine.gob.bo/index.php/s/6xAh0SyrFXjbY4A/download,True
2026-06-30 15:33:18-04:00,"BOLIVIA: HOGARES SEGÚN ÁREA Y MODALIDAD DE USO DEL BAÑO O SERVICIO SANITARIO, 2011 – 2025",Encuesta de Hogares,spreadsheet,102.01,https://nube.ine.gob.bo/index.php/s/7uYpgTsJEsdDmJ5/download,True
2026-06-30 15:33:18-04:00,"BOLIVIA: HOGARES SEGÚN DEPARTAMENTO Y MODALIDAD DE USO DEL BAÑO O SERVICIO SANITARIO, 2011-2025",Encuesta de Hogares,spreadsheet,95.89,https://nube.ine.gob.bo/index.php/s/oSTAPVh42chDz1Y/download,True
2026-06-30 15:33:19-04:00,"BOLIVIA: HOGARES SEGÚN ÁREA Y DISPONIBILIDAD DE ENERGÍA ELÉCTRICA, 2011 – 2025",Encuesta de Hogares,spreadsheet,89.09,https://nube.ine.gob.bo/index.php/s/GBCMTSW67e8BE65/download,True
2026-06-30 15:33:19-04:00,"BOLIVIA: HOGARES SEGÚN DEPARTAMENTO Y DESAGÜE DEL BAÑO O SERVICIO SANITARIO, 2011-2025",Encuesta de Hogares,spreadsheet,102.64,https://nube.ine.gob.bo/index.php/s/whVKOCf4kd5ikOO/download,True
2026-06-30 15:33:20-04:00,"BOLIVIA: HOGARES SEGÚN DEPARTAMENTO Y TIPO DE COMBUSTIBLE UTILIZADO PARA COCINAR, 2011-2025",Encuesta de Hogares,spreadsheet,101.19,https://nube.ine.gob.bo/index.php/s/3Wt2lTdzZ06Zhpp/download,True
2026-06-30 15:33:20-04:00,"BOLIVIA: HOGARES SEGÚN DEPARTAMENTO Y DISPONIBILIDAD DE ENERGÍA ELÉCTRICA, 2011-2025",Encuesta de Hogares,spreadsheet,94.19,https://nube.ine.gob.bo/index.php/s/9kCy39MfyH1nG9y/download,True
2026-06-30 15:33:20-04:00,"BOLIVIA: HOGARES SEGÚN ÁREA Y TIPO DE COMBUSTIBLE UTILIZADO PARA COCINAR, 2011 – 2025",Encuesta de Hogares,spreadsheet,110.59,https://nube.ine.gob.bo/index.php/s/NnrleBGcg1QE3zf/download,True
2026-06-30 15:33:21-04:00,"BOLIVIA: HOGARES SEGÚN DEPARTAMENTO Y DISPOSICIÓN DE LA BASURA, 2011-2025",Encuesta de Hogares,spreadsheet,104.87,https://nube.ine.gob.bo/index.php/s/2j40r6AHKRjGrXi/download,True
2026-06-30 15:33:21-04:00,"BOLIVIA: HOGARES SEGÚN ÁREA Y DISPONIBILIDAD DE SERVICIO TELEFÓNICO FIJO, 2011 – 2025",Encuesta de Hogares,spreadsheet,89.17,https://nube.ine.gob.bo/index.php/s/IqKTsOcFNWQJiul/download,True
2026-06-30 15:33:21-04:00,"BOLIVIA: HOGARES SEGÚN ÁREA Y DISPOSICIÓN DE LA BASURA, 2011 – 2025",Encuesta de Hogares,spreadsheet,106.23,https://nube.ine.gob.bo/index.php/s/LFvZa1AgyjSYlkt/download,True
2026-06-30 15:34:19-04:00,📥,Encuesta de Hogares,spreadsheet,95.05,https://nube.ine.gob.bo/index.php/s/nmM4MJyGXt4DIHs/download,True
2026-06-30 15:34:19-04:00,📥,Encuesta de Hogares,spreadsheet,263.24,https://nube.ine.gob.bo/index.php/s/q74MOL3P4B6ws3s/download,True
2026-06-30 15:34:19-04:00,📥,Encuesta de Hogares,spreadsheet,104.61,https://nube.ine.gob.bo/index.php/s/qJt1I4LCk1eLIWR/download,True
2026-06-30 15:34:20-04:00,📥,Encuesta de Hogares,spreadsheet,104.11,https://nube.ine.gob.bo/index.php/s/nokpSeuCFinExTx/download,True
2026-06-30 15:34:20-04:00,📥,Encuesta de Hogares,spreadsheet,96.41,https://nube.ine.gob.bo/index.php/s/x8JaBJbHTNmgdbT/download,True
2026-06-30 15:34:21-04:00,📥,Encuesta de Hogares,spreadsheet,105.97,https://nube.ine.gob.bo/index.php/s/8Bh7fApkNXsGaXg/download,True
2026-06-30 15:34:21-04:00,📥,Encuesta de Hogares,spreadsheet,104.37,https://nube.ine.gob.bo/index.php/s/B8QwKR1zd88a0uH/download,True
2026-06-30 15:34:22-04:00,📥,Encuesta de Hogares,spreadsheet,101.48,https://nube.ine.gob.bo/index.php/s/1G8N5HKCIu7KsF0/download,True
2026-06-30 15:34:22-04:00,📥,Encuesta de Hogares,spreadsheet,93.97,https://nube.ine.gob.bo/index.php/s/cr6vRBcIHrvU1Qn/download,True
2026-06-30 15:34:22-04:00,📥,Encuesta de Hogares,spreadsheet,103.21,https://nube.ine.gob.bo/index.php/s/n84EeyvcLnjB6La/download,True
2026-06-30 15:34:23-04:00,📥,Encuesta de Hogares,spreadsheet,96.14,https://nube.ine.gob.bo/index.php/s/Gf9sGj0AeetGV7r/download,True
2026-06-30 15:34:23-04:00,📥,Encuesta de Hogares,spreadsheet,102.05,https://nube.ine.gob.bo/index.php/s/sRnCYRfmcZVKzBE/download,True
2026-06-30 15:34:24-04:00,📥,Encuesta de Hogares,spreadsheet,91.91,https://nube.ine.gob.bo/index.php/s/ZFaTN1c1TTEcqK8/download,True
2026-06-30 15:34:24-04:00,📥,Encuesta de Hogares,spreadsheet,102.69,https://nube.ine.gob.bo/index.php/s/ueRBC60NFju8FAo/download,True
2026-06-30 15:34:25-04:00,📥,Encuesta de Hogares,spreadsheet,91.09,https://nube.ine.gob.bo/index.php/s/acHotXQY2kfkGC5/download,True
2026-06-30 15:34:25-04:00,📥,Encuesta de Hogares,spreadsheet,110.15,https://nube.ine.gob.bo/index.php/s/hhFESofMiv7YpGZ/download,True
2026-06-30 15:34:25-04:00,📥,Encuesta de Hogares,spreadsheet,94.41,https://nube.ine.gob.bo/index.php/s/iUHDqs8R2M2T7Ql/download,True
2026-06-30 15:34:26-04:00,📥,Encuesta de Hogares,spreadsheet,101.71,https://nube.ine.gob.bo/index.php/s/ZDFU71kQEN8bUvG/download,True
2026-06-30 15:34:26-04:00,📥,Encuesta de Hogares,spreadsheet,89.02,https://nube.ine.gob.bo/index.php/s/bc1I6XnlISFwM0Z/download,True
2026-06-30 15:34:27-04:00,📥,Encuesta de Hogares,spreadsheet,104.75,https://nube.ine.gob.bo/index.php/s/Rq5Dj0YcWCI2fPo/download,True
2026-06-30 15:34:27-04:00,📥,Encuesta de Hogares,spreadsheet,106.13,https://nube.ine.gob.bo/index.php/s/xwGu7hyRFpvPQxr/download,True
2026-06-30 15:55:05-04:00,"BOLIVIA: LÍNEAS DE POBREZA Y POBREZA EXTREMA EN BOLIVIANOS POR PERSONA AL MES, SEGÚN ÁREA Y CIUDAD 2016 – 2025",Pobreza y Desigualdad,spreadsheet,327.03,https://nube.ine.gob.bo/index.php/s/DT1xxsLildqwBq1/download,True
2026-06-30 15:56:21-04:00,📥,Pobreza y Desigualdad,spreadsheet,320.43,https://nube.ine.gob.bo/index.php/s/0ap0uccAMh9zMX5/download,True
2026-06-30 16:02:24-04:00,📥,Pobreza y Desigualdad,spreadsheet,68.83,https://nube.ine.gob.bo/index.php/s/bNBX2DDzNkLrxJd/download,True
2026-06-30 17:00:39-04:00,"Bolivia-Gasto Turístico de Visitantes Nacionales En el Exterior, Según Tipo De Gasto Por Año, 2008 – 2025",ESTADÍSTICAS GASTO DE TURISMO INTERNACIONAL,excel,108.5,https://nube.ine.gob.bo/index.php/s/Bc9Zcf35AoxUebe/download,True
2026-06-30 17:02:50-04:00,"Bolivia-Gasto Turístico de Visitantes Extranjeros En Bolivia, Según Tipo De Gasto Por Año, 2008 – 2025",ESTADÍSTICAS GASTO DE TURISMO INTERNACIONAL,excel,107.0,https://nube.ine.gob.bo/index.php/s/RICV5ycF6dLvJtH/download,True
2026-06-30 17:13:00-04:00,"Bolivia-Gasto Turístico de Visitantes Extranjeros En Bolivia, Según País de Residencia Por Año, 2008 – 2025",ESTADÍSTICAS GASTO DE TURISMO INTERNACIONAL,excel,112.0,https://nube.ine.gob.bo/index.php/s/Sh8U8RFDEI8TDt2/download,True
2026-07-01 09:47:41-04:00,"Bolivia – Remuneración Media Nominal del Sector Privado según Grupo ocupacional, 2018-2026",Cuadros Estadísticos,spreadsheet,95.58,https://nube.ine.gob.bo/index.php/s/9oqrJoLKv6seSkb/download,True
2026-07-01 12:39:48-04:00,"BOLIVIA: INGRESO PROMEDIO MENSUAL EN LA OCUPACIÓN PRINCIPAL POR SEXO, SEGÚN CARACTERÍSTICAS OCUPACIONALES, 2011 – 2025",Encuesta de Hogares (desde 1999 a la fecha),spreadsheet,228.62,https://nube.ine.gob.bo/index.php/s/oBjVChRY5iZRdlO/download,True
2026-07-01 12:39:50-04:00,📥,Encuesta de Hogares (desde 1999 a la fecha),spreadsheet,237.5,https://nube.ine.gob.bo/index.php/s/niXpw0grNGA1Bwn/download,True
2026-07-01 13:14:08-04:00,"BOLIVIA: POBLACIÓN MATRICULADA DE 5 A 39 AÑOS DE EDAD POR TIPO DE ESTABLECIMIENTO, SEGÚN ÁREA Y NIVEL DE MATRICULACIÓN, 2011–2025",Encuesta de Hogares,spreadsheet,105.82,https://nube.ine.gob.bo/index.php/s/TZ8yluQexiCSLNd/download,True
2026-07-01 13:14:09-04:00,📥,Encuesta de Hogares,spreadsheet,106.5,https://nube.ine.gob.bo/index.php/s/Grr9aRA0vPdFRuK/download,True
2026-07-01 14:13:21-04:00,"BOLIVIA: INDICADORES DE POBREZA(1), SEGÚN ÁREA, 2016-2025",Pobreza y Desigualdad,spreadsheet,318.2,https://nube.ine.gob.bo/index.php/s/MwlP5BcDCs1yIg1/download,True
2026-07-02 11:15:04-04:00,📥,Encuestas,spreadsheet,97.15,https://nube.ine.gob.bo/index.php/s/UgacdwuUVtQeABW/download,True
2026-07-02 11:15:14-04:00,📥,Encuestas,spreadsheet,100.4,https://nube.ine.gob.bo/index.php/s/AA85vK5BWvWcD3I/download,True
2026-07-02 11:15:29-04:00,📥,Encuestas,spreadsheet,98.74,https://nube.ine.gob.bo/index.php/s/3smzp5O5FmPWKyO/download,True
2026-07-02 13:16:39-04:00,"BOLIVIA: HOGARES SEGÚN ÁREA E INDICE DE CALIDAD DE LA VIVIENDA, 2011 – 2025",Encuesta de Hogares,spreadsheet,101.96,https://nube.ine.gob.bo/index.php/s/aLX5N5norTlPF3q/download,True
2026-07-03 16:58:04-04:00,Reporte 2026,Atención al usuario,spreadsheet,138.39,https://nube.ine.gob.bo/index.php/s/9LSGbF9qnUzBWhQ/download,False
2026-07-06 14:34:07-04:00,"BOLIVIA: PROYECCIONES DE POBLACIÓN, SEGÚN DEPARTAMENTO Y MUNICIPIO/TIOC, 2024-2034",Población y Hechos Vitales,spreadsheet,115.32,https://nimbus.ine.gob.bo/index.php/s/Gx4TRNsi4fT2TH8/download,True
2026-07-07 16:57:09-04:00,"Bolivia – Poblacion de Alpacas por Departamento Edad y Sexo, 1984 – 2025",Ganadería,excel,328.0,https://nube.ine.gob.bo/index.php/s/tfK0hYczAP0k1G4/download,False
2026-07-13 17:28:16-04:00,ECE_4T_2025,Metadatos y Microdatos,zip,11769.27,https://nube.ine.gob.bo/index.php/s/JPojzL0wrdaGMlr/download,True
2026-07-14 08:52:23-04:00,CONTRATACIÓN DE SERVICIO DE SEGUROS PARA EL INSTITUTO NACIONAL DE ESTADÍSTICA – INE GESTIÓN 2026-2027,Convocatorias de Bienes y Servicios,pdf,488.75,https://nube.ine.gob.bo/index.php/s/LBsTWCmnUG4PLPm/download,True
2026-07-21 12:01:42-04:00,BOLETÍN ESTADÍSTICO PRECIOS INTERNACIONALES JUNIO DE 2026,Precios Internacionales,pdf,2151.18,https://nube.ine.gob.bo/index.php/s/URVVpgGQqggyLnd/download,True
2026-07-23 10:34:43-04:00,"Índice General, Variación Mensual, Acumulada y a 12 meses, Según Grandes Grupos – Nacional",Cuadros Estadísticos,spreadsheet,283.28,https://nube.ine.gob.bo/index.php/s/ab4KDjpY9AHXTrK/download,False
2026-07-23 10:34:43-04:00,"Índice General, Variación Mensual, Acumulada y a 12 meses – Nacional",Cuadros Estadísticos,spreadsheet,308.19,https://nube.ine.gob.bo/index.php/s/gjVsrO1oBQPjKNY/download,False
2026-07-28 12:37:43-04:00,Bolivia: Producción bruta de gas natural y de hidrocarburos líquidos según mes 2010 – 2026,Cuadros Estadísticos,spreadsheet,267.71,https://nube.ine.gob.bo/index.php/s/19q3Ondwb7sUWTw/download,False
2026-07-29 12:40:43-04:00,"Bolivia – Área urbana: Distribución porcentual de la población de 14 años o más de edad en la ocupación principal por mes, según actividad económica, 2015 – 2026",Bolivia,spreadsheet,123.18,https://nube.ine.gob.bo/index.php/s/iEgD0gCiaazjjLp/download,True
2026-07-29 12:41:25-04:00,"Bolivia – Área urbana: Distribución porcentual de la población de 14 años o más de edad en la ocupación principal por mes, según sexo y categoría en el empleo, 2015 – 2026",Bolivia,spreadsheet,129.89,https://nube.ine.gob.bo/index.php/s/0eP5Gwuv3hihYVU/download,True
2026-07-29 12:42:24-04:00,"Bolivia: Distribución porcentual de la población de 14 años o más de edad en la ocupación principal por mes, según sexo y categoría en el empleo, 2015 – 2026",Bolivia,spreadsheet,128.11,https://nube.ine.gob.bo/index.php/s/X4WOKFLBhsDtegG/download,True
2026-07-29 12:43:06-04:00,"Bolivia: Distribución Porcentual de la población de 14 años o más de edad en la ocupación principal por mes, según actividad económica, 2015 – 2026",Bolivia,spreadsheet,122.2,https://nube.ine.gob.bo/index.php/s/lECrE3Cqk8unb0w/download,True
2026-07-29 12:44:04-04:00,"Bolivia: Distribución porcentual de la población de 14 años o más de edad en la ocupación principal por mes, según sexo y grupo ocupacional, 2015 – 2026",Bolivia,spreadsheet,139.18,https://nube.ine.gob.bo/index.php/s/shVYnKPUBaahvpZ/download,True
2026-07-29 12:44:40-04:00,"Bolivia – Área urbana: Distribución porcentual de la población de 14 años o más de edad en la ocupación principal por mes, según sexo y grupo ocupacional, 2015 – 2026",Bolivia,spreadsheet,142.74,https://nube.ine.gob.bo/index.php/s/Ksky8JKg5yQguTQ/download,True
2026-07-29 12:46:03-04:00,"Bolivia: Población por mes, según condición de actividad y sexo, 2015 – 2026","Bolivia: Población por mes, según condición de actividad y sexo",spreadsheet,126.08,https://nube.ine.gob.bo/index.php/s/t1BXNMXqRC8AY41/download,True
2026-07-29 12:46:42-04:00,"Bolivia – Área rural: Población por mes, según condición de actividad y sexo, 2015 – 2026","Bolivia – Área rural: Población por mes, según condición de actividad y sexo",spreadsheet,120.6,https://nube.ine.gob.bo/index.php/s/hgTfE6Ua2v6pFZQ/download,True
2026-07-29 12:47:24-04:00,"Bolivia – Área urbana: Población por mes, según condición de actividad y sexo, 2015 – 2026","Bolivia – Área urbana: Población por mes, según condición de actividad y sexo",spreadsheet,127.72,https://nube.ine.gob.bo/index.php/s/ogXh3nVAULLpj6X/download,True
2026-07-29 12:51:14-04:00,"Bolivia: Principales indicadores de empleo por mes, según grupo de departamentos 2015 – 2026","Bolivia: Principales indicadores de empleo por mes, según grupo de departamentos",spreadsheet,134.55,https://nube.ine.gob.bo/index.php/s/5Ynsp1FNH73vaKv/download,True
2026-07-29 12:51:43-04:00,"Bolivia – Área urbana: Tasa de desocupación desestacionalizada por mes, según sexo, 2015 – 2026",Bolivia – Área urbana: Tasa de desocupación desestacionalizada,spreadsheet,121.9,https://nube.ine.gob.bo/index.php/s/5TvMscznkP1SxvQ/download,True
2026-07-29 12:52:27-04:00,"Bolivia – Área rural: Principales indicadores de empleo por mes, según sexo, 2015 – 2026","Bolivia – Área rural: Principales indicadores de empleo por mes, según sexo",spreadsheet,126.02,https://nube.ine.gob.bo/index.php/s/D5nEKnskfQDIvps/download,True
2026-07-29 12:53:17-04:00,"Bolivia – Área urbana: Principales indicadores de empleo por mes, según sexo, 2015 – 2026","Bolivia – Área urbana: Principales indicadores de empleo por mes, según sexo",spreadsheet,141.05,https://nube.ine.gob.bo/index.php/s/gYrqPEzraaEDirg/download,True
2026-07-29 12:54:01-04:00,"Bolivia: Principales indicadores de empleo por mes, según sexo, 2015 – 2026","Bolivia: Principales indicadores de empleo por mes, según sexo",spreadsheet,145.06,https://nube.ine.gob.bo/index.php/s/MUm3nJ7CcBGERPz/download,True
2026-07-29 12:54:39-04:00,"Bolivia – Área urbana: Principales indicadores de empleo por mes, según grupo de departamentos 2015 – 2026","Bolivia – Área urbana: Principales indicadores de empleo por mes, según grupo de departamentos",spreadsheet,138.05,https://nube.ine.gob.bo/index.php/s/R0O3amCVdLxEhwl/download,True
2026-07-29 13:05:26-04:00,"Bolivia – Área urbana: Distribución porcentual de la población de 14 años o más de edad en la ocupación principal por trimestre, según sexo y grupo ocupacional, 2015 – 2026",Bolivia,spreadsheet,110.74,https://nube.ine.gob.bo/index.php/s/4hn7geW9raWc65M/download,True
2026-07-29 13:06:22-04:00,"Bolivia – Área urbana: Distribución porcentual de la población de 14 años o más de edad en la ocupación principal por trimestre, según sexo y actividad económica, 2015 – 2026",Bolivia,spreadsheet,133.39,https://nube.ine.gob.bo/index.php/s/nNE76aIPgYpaKCe/download,True
2026-07-29 13:39:24-04:00,"Bolivia: Distribución Porcentual de la población de 14 años o más de edad en la ocupación principal por trimestre, según sexo y actividad económica, 2015 – 2026",Bolivia,spreadsheet,130.15,https://nube.ine.gob.bo/index.php/s/H9ldFOklpyakuRh/download,True
2026-07-29 13:41:23-04:00,"Bolivia – Área Rural: Distribución porcentual de la población de 14 años o más de edad en la ocupación principal por trimestre, según sexo y categoría en el empleo, 2015 – 2026",Bolivia,spreadsheet,102.25,https://nube.ine.gob.bo/index.php/s/kFHr7PCDtQx0678/download,True
2026-07-29 13:42:00-04:00,"Bolivia: Distribución porcentual de la población de 14 años o más de edad en la ocupación principal por trimestre, según sexo y categoría en el empleo, 2015 – 2026",Bolivia,spreadsheet,102.22,https://nube.ine.gob.bo/index.php/s/fy87Pmt8EiKGJRX/download,True
2026-07-29 13:42:33-04:00,"Bolivia – Área Rural: Distribución porcentual de la población de 14 años o más de edad en la ocupación principal por trimestre, según sexo y actividad económica, 2015 – 2026",Bolivia,spreadsheet,112.24,https://nube.ine.gob.bo/index.php/s/vOSv2oEbAMOlDpp/download,True
2026-07-29 13:43:12-04:00,"Bolivia – Área urbana: Distribución porcentual de la población de 14 años o más de edad en la ocupación principal por trimestre, según sexo y categoría en el empleo, 2015 – 2026",Bolivia,spreadsheet,103.08,https://nube.ine.gob.bo/index.php/s/KLjMO17cdSVQr9h/download,True
2026-07-29 13:44:09-04:00,"Bolivia: Distribución Porcentual de la población de 14 años o más de edad en la ocupación principal por trimestre, según sexo y grupo ocupacional, 2015 – 2026",Bolivia,spreadsheet,109.2,https://nube.ine.gob.bo/index.php/s/p5VtPPc9kBbB5kf/download,True
2026-07-29 13:45:37-04:00,"Bolivia – Área Rural: Distribución porcentual de la población de 14 años o más de edad en la ocupación principal por trimestre, según sexo y grupo ocupacional, 2015 – 2026",Bolivia,spreadsheet,106.07,https://nube.ine.gob.bo/index.php/s/756uutZaqg8dyaw/download,True
2026-07-29 13:47:07-04:00,"Bolivia – Área Rural: Promedio de horas trabajadas por semana en la ocupación principal por trimestre, según sexo y actividad económica, 2015 – 2026",Bolivia,spreadsheet,107.89,https://nube.ine.gob.bo/index.php/s/9NACbwC1Ja8rVQQ/download,True
2026-07-29 13:48:59-04:00,"Bolivia – Área urbana: Promedio de horas trabajadas por semana en la ocupación principal por trimestre, según sexo y actividad económica, 2015 – 2026",Bolivia,spreadsheet,128.55,https://nube.ine.gob.bo/index.php/s/4A6skV4yuqNthgp/download,True
2026-07-29 13:49:32-04:00,"Bolivia: Promedio de horas trabajadas por semana en la ocupación principal por trimestre, según sexo y actividad económica, 2015 – 2026",Bolivia,spreadsheet,124.46,https://nube.ine.gob.bo/index.php/s/63I3zM2hCxwTeqd/download,True
2026-07-29 13:50:00-04:00,"Bolivia – Área urbana: Promedio de horas trabajadas por semana en la ocupación principal por trimestre, según sexo y categoría en el empleo, 2015 – 2026",Bolivia,spreadsheet,99.83,https://nube.ine.gob.bo/index.php/s/wSRsxUpSNk2Usu7/download,True
2026-07-29 13:50:29-04:00,"Bolivia – Área Rural: Promedio de horas trabajadas por semana en la ocupación principal por trimestre, según sexo y categoría en el empleo, 2015 – 2026",Bolivia,spreadsheet,98.23,https://nube.ine.gob.bo/index.php/s/fDExR2cLMNL9QBo/download,True
2026-07-29 13:50:59-04:00,"Bolivia – Área urbana: Promedio de horas trabajadas por semana en la ocupación principal por trimestre, según sexo y grupo ocupacional, 2015- 2026",Bolivia,spreadsheet,107.55,https://nube.ine.gob.bo/index.php/s/hTxINIcbhzTqxwg/download,True
2026-07-29 13:51:26-04:00,"Bolivia: Promedio de horas trabajadas por semana en la ocupación principal por trimestre, según sexo y categoría en el empleo, 2015 – 2026",Bolivia,spreadsheet,98.86,https://nube.ine.gob.bo/index.php/s/1BPJX7LEEtrfhBC/download,True
2026-07-29 13:52:00-04:00,"Bolivia – Área Rural: Promedio de horas trabajadas por semana en la ocupación principal por trimestre, según sexo y grupo ocupacional, 2015- 2026",Bolivia,spreadsheet,105.67,https://nube.ine.gob.bo/index.php/s/i9wSe6YmEGwu6Bc/download,True
2026-07-29 13:52:27-04:00,"Bolivia: Promedio de horas trabajadas por semana en la ocupación principal por trimestre, según sexo y grupo ocupacional, 2015 – 2026",Bolivia,spreadsheet,106.06,https://nube.ine.gob.bo/index.php/s/UATmZQnncNwQoLx/download,True
2026-07-29 13:54:28-04:00,"Chuquisaca, Oruro, Potosí, Tarija, Beni y Pando: Distribución porcentual de la población de 14 años o más de edad en la ocupación principal por trimestre, según sexo y categoría en el empleo, 2015 – 2026",Resto de Bolivia,spreadsheet,102.1,https://nube.ine.gob.bo/index.php/s/MZmHa6868tE5iNQ/download,True
2026-07-29 13:55:00-04:00,"Cochabamba: Distribución porcentual de la población de 14 años o más de edad en la ocupación principal por trimestre, según sexo y categoría en el empleo, 2015 – 2026",Cochabamba,spreadsheet,101.89,https://nube.ine.gob.bo/index.php/s/u3EcST12WVQPPjm/download,True
2026-07-29 13:55:33-04:00,"Santa Cruz: Distribución porcentual de la población de 14 años o más de edad en la ocupación principal por trimestre, según sexo y categoría en el empleo, 2015 – 2026",Santa Cruz,spreadsheet,101.24,https://nube.ine.gob.bo/index.php/s/cHH577xMWBcAvDj/download,True
2026-07-29 13:56:07-04:00,"La Paz: Distribución porcentual de la población de 14 años o más de edad en la ocupación principal por trimestre, según sexo y categoría en el empleo, 2015 – 2026",La Paz,spreadsheet,104.02,https://nube.ine.gob.bo/index.php/s/fMMcBETFgVqsIUy/download,True
2026-07-29 13:56:41-04:00,"Santa Cruz – Área urbana: Distribución porcentual de la población de 14 años o más de edad en la ocupación principal por trimestre, según sexo y grupo ocupacional, 2015 – 2026",Santa Cruz,spreadsheet,106.96,https://nube.ine.gob.bo/index.php/s/oH5NtowpOL4sPAI/download,True
2026-07-29 13:57:08-04:00,"Chuquisaca, Oruro, Potosí, Tarija, Beni y Pando- Área urbana: Distribución porcentual de la población de 14 años o más de edad en la ocupación principal por trimestre, según sexo y grupo ocupacional, 2015 – 2026",Resto de Bolivia,spreadsheet,107.2,https://nube.ine.gob.bo/index.php/s/5wTNfffl0NDWmbX/download,True
2026-07-29 13:57:48-04:00,"Chuquisaca, Oruro, Potosí, Tarija, Beni y Pando: Distribución porcentual de la población de 14 años o más de edad en la ocupación principal por trimestre, según sexo y grupo ocupacional, 2015 – 2026",Resto de Bolivia,spreadsheet,105.44,https://nube.ine.gob.bo/index.php/s/SWITAk7FtHT525F/download,True
2026-07-29 13:58:34-04:00,"Cochabamba – Área urbana: Distribución porcentual de la población de 14 años o más de edad en la ocupación principal por trimestre, según sexo y grupo ocupacional, 2015 – 2026",Cochabamba,spreadsheet,107.03,https://nube.ine.gob.bo/index.php/s/VSD0IbIzUjAsY7M/download,True
2026-07-29 13:59:04-04:00,"La Paz – Área urbana: Distribución porcentual de la población de 14 años o más de edad en la ocupación principal por trimestre, según sexo y grupo ocupacional, 2015 – 2026",La Paz,spreadsheet,107.04,https://nube.ine.gob.bo/index.php/s/cCeBVkNI3g7wlTN/download,True
2026-07-29 13:59:52-04:00,"Santa Cruz: Distribución porcentual de la población de 14 años o más de edad en la ocupación principal por trimestre, según sexo y grupo ocupacional, 2015 – 2026",Santa Cruz,spreadsheet,105.04,https://nube.ine.gob.bo/index.php/s/ybZRPamNT6u8Hoy/download,True
2026-07-29 14:00:38-04:00,"Cochabamba: Distribución porcentual de la población de 14 años o más de edad en la ocupación principal por trimestre, según sexo y grupo ocupacional, 2015 – 2026",Cochabamba,spreadsheet,105.66,https://nube.ine.gob.bo/index.php/s/zHYguR0g9Zasuvy/download,True
2026-07-29 14:01:11-04:00,"La Paz: Distribución porcentual de la población de 14 años o más de edad en la ocupación principal por trimestre, según sexo y grupo ocupacional, 2015 – 2026",La Paz,spreadsheet,105.53,https://nube.ine.gob.bo/index.php/s/7qMruB6tqpSk6VL/download,True
2026-07-29 14:04:43-04:00,"La Paz – Área urbana: Distribución porcentual de la población de 14 años o más de edad en la ocupación principal por trimestre, según sexo y categoría en el empleo, 2015 – 2026",La Paz,spreadsheet,103.17,https://nube.ine.gob.bo/index.php/s/r4E73vGr8eFeMLL/download,True
2026-07-29 14:06:50-04:00,"Cochabamba – Área urbana: Distribución porcentual de la población de 14 años o más de edad en la ocupación principal por trimestre, según actividad económica, 2015 – 2026",Cochabamba,spreadsheet,101.61,https://nube.ine.gob.bo/index.php/s/SeqvxqQcKa5UInV/download,True
2026-07-29 14:07:22-04:00,"Santa Cruz – Área urbana: Distribución porcentual de la población de 14 años o más de edad en la ocupación principal por trimestre, según actividad económica, 2015 – 2026",Santa Cruz,spreadsheet,101.56,https://nube.ine.gob.bo/index.php/s/Hfr83y8ijYkJr7H/download,True
2026-07-29 14:07:51-04:00,"La Paz – Área urbana: Distribución porcentual de la población de 14 años o más de edad en la ocupación principal por trimestre, según actividad económica, 2015 – 2026",La Paz,spreadsheet,101.6,https://nube.ine.gob.bo/index.php/s/bT5ub9gqe8ZvpAv/download,True
2026-07-29 14:08:22-04:00,"Chuquisaca, Oruro, Potosí, Tarija, Beni y Pando: Distribución porcentual de la población de 14 años o más de edad en la ocupación principal por trimestre, según actividad económica, 2015 – 2026",Resto de Bolivia,spreadsheet,101.02,https://nube.ine.gob.bo/index.php/s/gsnSscldE3QNCZq/download,True
2026-07-29 14:08:50-04:00,"Chuquisaca, Oruro, Potosí, Tarija, Beni y Pando – Área urbana: Distribución porcentual de la población de 14 años o más de edad en la ocupación principal por trimestre, según actividad económica, 2015 – 2026",Resto de Bolivia,spreadsheet,101.57,https://nube.ine.gob.bo/index.php/s/Akp4BOTqIEZ8UK4/download,True
2026-07-29 14:09:20-04:00,"Santa Cruz: Distribución porcentual de la población de 14 años o más de edad en la ocupación principal por trimestre, según actividad económica, 2015 – 2026",Santa Cruz,spreadsheet,101.01,https://nube.ine.gob.bo/index.php/s/d7D4DNC2g95dapa/download,True
2026-07-29 14:09:46-04:00,"Cochabamba: Distribución porcentual de la población de 14 años o más de edad en la ocupación principal por trimestre, según actividad económica, 2015 – 2026",Cochabamba,spreadsheet,100.3,https://nube.ine.gob.bo/index.php/s/JygHk4vO2q1N5nU/download,True
2026-07-29 14:10:20-04:00,"Cochabamba – Área urbana: Distribución porcentual de la población de 14 años o más de edad en la ocupación principal por trimestre, según sexo y categoría en el empleo, 2015 – 2026",Cochabamba,spreadsheet,102.77,https://nube.ine.gob.bo/index.php/s/LI6alXSDUDRz9gj/download,True
2026-07-29 14:10:51-04:00,"La Paz: Distribución porcentual de la población de 14 años o más de edad en la ocupación principal por trimestre, según actividad económica, 2015 – 2026",La Paz,spreadsheet,101.41,https://nube.ine.gob.bo/index.php/s/EXEPxsnKWFcoKan/download,True
2026-07-29 14:11:29-04:00,"Santa Cruz – Área urbana: Distribución porcentual de la población de 14 años o más de edad en la ocupación principal por trimestre, según sexo y categoría en el empleo, 2015 – 2026",Santa Cruz,spreadsheet,102.6,https://nube.ine.gob.bo/index.php/s/H3hdSOR3LDxnUNf/download,True
2026-07-29 14:11:58-04:00,"Chuquisaca, Oruro, Potosí, Tarija, Beni y Pando – Área urbana: Distribución porcentual de la población de 14 años o más de edad en la ocupación principal por trimestre, según sexo y categoría en el empleo, 2015 – 2026",Resto de Bolivia,spreadsheet,103.75,https://nube.ine.gob.bo/index.php/s/nBLQf6x4VsqLgFx/download,True
2026-07-29 14:20:53-04:00,"Chuquisaca, Oruro, Potosí, Tarija, Beni y Pando – Área urbana: Población por trimestre, según condición de actividad y sexo, 2015 – 2026","Otros Departamentos – Área urbana: Población por trimestre, según condición de actividad y sexo",spreadsheet,99.96,https://nube.ine.gob.bo/index.php/s/GjOKiuP4o9sJmbS/download,True
2026-07-29 14:21:19-04:00,"Santa Cruz – Área urbana: Población por trimestre, según condición de actividad y sexo, 2015 – 2026","Santa Cruz – Área urbana: Población por trimestre, según condición de actividad y sexo",spreadsheet,100.09,https://nube.ine.gob.bo/index.php/s/oVmjsx0LBBWEd6A/download,False
2026-07-29 14:21:42-04:00,"Cochabamba – Área urbana: Población por trimestre, según condición de actividad y sexo, 2015 – 2026","Cochabamba – Área urbana: Población por trimestre, según condición de actividad y sexo",spreadsheet,100.01,https://nube.ine.gob.bo/index.php/s/enQ8h1wlbbYLXQq/download,False
2026-07-29 14:22:12-04:00,"La Paz – Área urbana: Población por trimestre, según condición de actividad y sexo, 2015 – 2026","La Paz – Área urbana: Población por trimestre, según condición de actividad y sexo",spreadsheet,99.84,https://nube.ine.gob.bo/index.php/s/gh3xaRyt4wbIMdw/download,False
2026-07-29 14:22:47-04:00,"Bolivia – Área urbana: Población por trimestre, según condición de actividad y sexo, 2015 – 2026","Bolivia – Área urbana: Población por trimestre, según condición de actividad y sexo",spreadsheet,107.84,https://nube.ine.gob.bo/index.php/s/wgTtlXIXzFr9l5y/download,False
2026-07-29 14:23:13-04:00,"Bolivia – Área Rural: Población por trimestre, según condición de actividad y sexo, 2015 – 2026","Bolivia – Área Rural: Población por trimestre, según condición de actividad y sexo",spreadsheet,101.7,https://nube.ine.gob.bo/index.php/s/GmJmH75fcupS3cL/download,False
2026-07-29 14:23:48-04:00,"Bolivia: Población por trimestre, según condición de actividad y sexo, 2015 – 2026","Bolivia: Población por trimestre, según condición de actividad y sexo",spreadsheet,106.86,https://nube.ine.gob.bo/index.php/s/TtxZNbReTQv6mWA/download,False
2026-07-29 14:26:03-04:00,"Santa Cruz – Área urbana: Principales indicadores de empleo por trimestre, según sexo, 2015 – 2026","Santa Cruz – Área urbana: Principales indicadores de empleo por trimestre, según sexo",spreadsheet,107.14,https://nube.ine.gob.bo/index.php/s/rI09yxsn5JeTcVK/download,True
2026-07-29 14:26:31-04:00,"Cochabamba – Área urbana: Principales indicadores de empleo por trimestre, según sexo, 2015 – 2026","Cochabamba – Área urbana: Principales indicadores de empleo por trimestre, según sexo",spreadsheet,106.96,https://nube.ine.gob.bo/index.php/s/9hIqWSdWe4sYx77/download,True
2026-07-29 14:27:00-04:00,"Chuquisaca, Oruro, Potosí, Tarija, Beni y Pando: Principales indicadores de empleo por trimestre, según sexo, 2015 – 2026","Otros Departamentos: Principales indicadores de empleo por trimestre, según sexo",spreadsheet,105.48,https://nube.ine.gob.bo/index.php/s/ybZJ8wf1N1eoMaC/download,True
2026-07-29 14:27:29-04:00,"La Paz – Área urbana: Principales indicadores de empleo por trimestre, según sexo, 2015 – 2026","La Paz – Área urbana: Principales indicadores de empleo por trimestre, según sexo",spreadsheet,106.95,https://nube.ine.gob.bo/index.php/s/uCWkDKixEkKSVgy/download,True
2026-07-29 14:27:58-04:00,"Santa Cruz: Principales indicadores de empleo por trimestre, según sexo, 2015 – 2026","Santa Cruz: Principales indicadores de empleo por trimestre, según sexo",spreadsheet,105.66,https://nube.ine.gob.bo/index.php/s/SxtIofw9oo9EHYU/download,True
2026-07-29 14:28:28-04:00,"La Paz: Principales Indicadores de empleo por trimestre, según sexo, 2015 – 2026","La Paz: Principales Indicadores de empleo por trimestre, según sexo",spreadsheet,105.36,https://nube.ine.gob.bo/index.php/s/mBLZ88X8Rg5Vu8Y/download,True
2026-07-29 14:28:54-04:00,"Bolivia – Área Rural: Principales indicadores de empleo por trimestre, según sexo, 2015 – 2026","Bolivia – Área Rural: Principales indicadores de empleo por trimestre, según sexo",spreadsheet,103.42,https://nube.ine.gob.bo/index.php/s/E5Mah6Xqb92ZFRB/download,True
2026-07-29 14:29:19-04:00,"Cochabamba: Principales indicadores de empleo por trimestre, según sexo, 2015 – 2026","Cochabamba: Principales indicadores de empleo por trimestre, según sexo",spreadsheet,105.33,https://nube.ine.gob.bo/index.php/s/13OkNi9obxBVIKm/download,True
2026-07-29 14:29:50-04:00,"Chuquisaca, Oruro, Potosí, Tarija, Beni y Pando – Área urbana: Principales indicadores de empleo por trimestre, según sexo, 2015 – 2026","Otros Departamentos – Área urbana: Principales indicadores de empleo por trimestre, según sexo",spreadsheet,107.02,https://nube.ine.gob.bo/index.php/s/GuJEWLvhuVeYgIB/download,True
2026-07-29 14:30:18-04:00,"Bolivia – Área urbana: Principales indicadores de empleo por trimestre, según sexo, 2015 – 2026","Bolivia – Área urbana: Principales indicadores de empleo por trimestre, según sexo",spreadsheet,106.94,https://nube.ine.gob.bo/index.php/s/PKrWH5Qphd8OlFR/download,True
2026-07-29 14:30:44-04:00,"Bolivia: Principales Indicadores de empleo por trimestre, según sexo, 2015 – 2026","Bolivia: Principales Indicadores de empleo por trimestre, según sexo",spreadsheet,105.3,https://nube.ine.gob.bo/index.php/s/5F7TvwjVgzCVn0h/download,True
2026-07-31 20:59:47-04:00,BOLETÍN ESTADÍSTICO COMEX JUNIO 2026,Saldo Comercial,pdf,962.46,https://nimbus.ine.gob.bo/index.php/s/CQajPdwe77dJG6s/download,True
2026-08-01 09:33:05-04:00,"Bolivia – Comercio Exterior según Países, 1992 – 2026",Saldo Comercial,spreadsheet,2202.43,https://nube.ine.gob.bo/index.php/s/0rN1yGRumyuIVHx/download,True
2026-08-01 09:33:05-04:00,"Bolivia – Comercio Exterior según Año y Trimestre, 1992 – 2026",Saldo Comercial,spreadsheet,86.76,https://nube.ine.gob.bo/index.php/s/3N1WGxWqB8qntmM/download,True
2026-08-01 09:33:05-04:00,"Bolivia – Comercio Exterior según Clasificación Uniforme para el Comercio Internacional, 1992 – 2026",Saldo Comercial,spreadsheet,1293.78,https://nube.ine.gob.bo/index.php/s/9Exzmw9AdYipqG9/download,True
2026-08-01 09:33:05-04:00,"Bolivia – Comercio Exterior según Año y Mes, 1992 – 2026",Saldo Comercial,spreadsheet,103.5,https://nube.ine.gob.bo/index.php/s/YmNagUYOHcty0fZ/download,True
2026-08-01 09:33:05-04:00,"Bolivia – Comercio Exterior según Grandes Categorías Económicas, 1992 – 2026",Saldo Comercial,spreadsheet,511.97,https://nube.ine.gob.bo/index.php/s/oXl98KJQsspLm0a/download,True
2026-08-01 09:46:23-04:00,"Bolivia – Exportaciones según País de Destino y Producto por Año y Mes, 2017 – 2026",Exportaciones,spreadsheet,931.81,https://nube.ine.gob.bo/index.php/s/0ToRunCr9uUpLOH/download,False
2026-08-01 09:46:23-04:00,"Bolivia – Exportaciones según Clasificación Uniforme para el Comercio Internacional por Año y Mes, 1992 – 2026",Exportaciones,spreadsheet,897.39,https://nube.ine.gob.bo/index.php/s/CpA4Ifn970h32Wp/download,False
2026-08-01 09:46:23-04:00,"Bolivia – Exportaciones según País de Destino por Año y Mes, 1992 – 2026",Exportaciones,spreadsheet,1073.16,https://nube.ine.gob.bo/index.php/s/S01Wuf1I35GbFDA/download,False
2026-08-01 09:46:23-04:00,"Bolivia – Exportaciones según País de Destino y Producto por Año, 2010 – 2026",Exportaciones,spreadsheet,331.67,https://nube.ine.gob.bo/index.php/s/UM0CTaUNXnPUSX4/download,False
2026-08-01 09:46:23-04:00,"Bolivia – Exportaciones según Departamento y Producto por Año, 2010 – 2026",Exportaciones,spreadsheet,117.03,https://nube.ine.gob.bo/index.php/s/WZY6zSwUD3XV1sc/download,False
2026-08-01 09:46:23-04:00,"Bolivia – Exportaciones según Departamento y Producto por Año y Mes, 2017 – 2026",Exportaciones,spreadsheet,288.73,https://nube.ine.gob.bo/index.php/s/Z2K43QnfeGoT0we/download,False
2026-08-01 09:46:23-04:00,"Bolivia – Exportaciones según Grandes Categorías Económicas por Año y Mes, 1992 – 2026",Exportaciones,spreadsheet,404.02,https://nube.ine.gob.bo/index.php/s/xwkBkig3lAy9uMr/download,False
2026-08-01 09:46:23-04:00,"Bolivia – Exportaciones según Actividad Económica y Producto por Año y Mes, 1992 – 2026",Exportaciones,spreadsheet,858.88,https://nube.ine.gob.bo/index.php/s/yJT9Q8KKyvhG4pi/download,False
2026-08-01 09:46:23-04:00,"Bolivia- Exportaciones según Productos Tradicionales y No Tradicionales por Año y Mes, 1992 – 2026",Exportaciones,spreadsheet,595.67,https://nube.ine.gob.bo/index.php/s/zUQc65wIGkw1KUy/download,False
2026-08-01 09:53:23-04:00,EXPORTACIONES ENE A JUN 2026p,Exportaciones,spreadsheet,3176.12,https://nube.ine.gob.bo/index.php/s/Jy9SGV9rYzMtKSk/download,True
2026-08-01 09:53:23-04:00,EXPORTACIONES RITEX ENE A JUN 2026p,Exportaciones,spreadsheet,23.35,https://nube.ine.gob.bo/index.php/s/sc7WfTasPsfoRK9/download,True
2026-08-01 09:58:44-04:00,"Bolivia – Importaciones Agregadas según Clasificación Uso o Destino Económico por Año y Mes, 1992 – 2026",Importaciones,spreadsheet,283.23,https://nube.ine.gob.bo/index.php/s/3MDafqtdVNXRwmU/download,False
2026-08-01 09:58:44-04:00,Bolivia – Importaciones según Clasificación Internacional Industrial Uniforme por Año y Mes 1992 – 2026,Importaciones,spreadsheet,471.02,https://nube.ine.gob.bo/index.php/s/JqbOsowvzhvzt4E/download,False
2026-08-01 09:58:44-04:00,Bolivia – Importaciones según Grandes Categorías Económicas por Año y Mes 1992 – 2026,Importaciones,spreadsheet,354.11,https://nube.ine.gob.bo/index.php/s/PeKYjrquj8UOjyA/download,False
2026-08-01 09:58:44-04:00,Bolivia – Importaciones por Año y Mes 1992 – 2026,Importaciones,spreadsheet,108.0,https://nube.ine.gob.bo/index.php/s/jYn9F8zMaAiAj3C/download,False
2026-08-01 09:58:44-04:00,Bolivia – Importaciones según Clasificación Uniforme para el Comercio Internacional por Año y Mes 1992 – 2026,Importaciones,spreadsheet,838.08,https://nube.ine.gob.bo/index.php/s/sK59y78md8YZKSn/download,False
2026-08-01 09:58:44-04:00,Bolivia – Importaciones según Clasificación Uso o Destino Económico por Año y Mes 1992 – 2026,Importaciones,spreadsheet,587.78,https://nube.ine.gob.bo/index.php/s/uVLkFa0Hr1vtlSb/download,False
2026-08-01 10:02:53-04:00,IMPORTACIONES ENE A JUN 2026p,Importaciones,spreadsheet,26808.32,https://nube.ine.gob.bo/index.php/s/YjZXxbAfU1BoDI0/download,True
2026-08-01 10:02:53-04:00,IMPORTACIONES RITEX ENE A JUN 2026p,Importaciones,spreadsheet,48.86,https://nube.ine.gob.bo/index.php/s/yfv5YS76EH5qxMy/download,True
2026-08-03 14:31:46-04:00,Bolivia – Ventas de Cemento por Departamento según Año y Mes 1991 – 2025,Estadísticas Coyunturales,spreadsheet,306.31,https://nube.ine.gob.bo/index.php/s/KkklD3dMnq2McoL/download,True
2026-08-03 14:32:01-04:00,Bolivia – Producción de Cemento por Departamento según Año y Mes 1991 – 2025,Estadísticas Coyunturales,spreadsheet,307.5,https://nube.ine.gob.bo/index.php/s/KO5oEVNveSsP3Qm/download,True
2026-08-03 14:46:58-04:00,Bolivia – Consumo de Cemento por Departamento según Año y Mes 2000 – 2026,"Producción, Venta y Consumo de Cemento",spreadsheet,298.19,https://nube.ine.gob.bo/index.php/s/8Zv5IDKUwWjvsDI/download,False
2026-08-03 16:48:45-04:00,Bolivia-Llegada de Viajeros Internacionales Por Modo de Transporte y Tipo de Viajero Según Año y Mes 2008-2026,ESTADÍSTICAS DE VIAJEROS INTERNACIONALES,spreadsheet,97.37,https://nube.ine.gob.bo/index.php/s/xCFk5987qwAB1P0/download,True
2026-08-03 17:44:55-04:00,"Bolivia-Llegada de Visitantes Internacionales, Por Modo de Transporte y Tipo de Visitante Según Año y Mes 2008 – 2026",Estadísticas de Flujo de Visitantes,spreadsheet,97.8,https://nube.ine.gob.bo/index.php/s/gkCjJ0Qtk3pV6Ip/download,True
2026-08-03 17:48:03-04:00,"Bolivia-Salida de Viajeros Internacionales, Por Modo de Transporte y Tipo de Viajero Según Año y Mes 2008 -2026",ESTADÍSTICAS DE VIAJEROS INTERNACIONALES,spreadsheet,98.26,https://nube.ine.gob.bo/index.php/s/2sbeNGWaGN511kk/download,True
2026-08-03 17:58:58-04:00,"Bolivia-Salida de Visitantes Internacionales, Por Modo de Transporte y Tipo de Visitante Según Año y Mes 2008 – 2026",Estadísticas de Flujo de Visitantes,spreadsheet,97.97,https://nube.ine.gob.bo/index.php/s/L8qI22SOzNy4kzl/download,True
2026-08-03 18:23:09-04:00,"Bolivia-Llegada de Visitantes Internacionales, Vía Carretera Por Puesto Fronterizo y Tipo de Visitante Según Año y Mes 2008 – 2026",Estadísticas de Flujo de Visitantes,spreadsheet,179.07,https://nube.ine.gob.bo/index.php/s/prTn3iaHFUknQ1i/download,True
2026-08-03 18:27:19-04:00,"Bolivia-Llegada de Visitantes Internacionales, Vía Aérea Por Aeropuerto y Tipo de Visitante, Según Año y Mes 2008 – 2026",Estadísticas de Flujo de Visitantes,spreadsheet,105.72,https://nube.ine.gob.bo/index.php/s/jhxyjklvDl1gkEk/download,True
2026-08-03 18:57:44-04:00,"Bolivia-Llegada de Visitantes Internacionales, Según Nacionalidad, Por Año y Mes 2008 – 2026",Estadísticas de Flujo de Visitantes,spreadsheet,151.37,https://nube.ine.gob.bo/index.php/s/1TYrTr0xywl3Oye/download,True
2026-08-03 19:16:38-04:00,"Bolivia-Llegada de Visitantes Internacionales Vía Aérea, Según Nacionalidad, Por Año y Mes 2008 – 2026",Estadísticas de Flujo de Visitantes,spreadsheet,165.9,https://nube.ine.gob.bo/index.php/s/SheQvKO5etDvUqI/download,True
2026-08-04 09:55:28-04:00,"BOLIVIA: NÚMERO DE DENUNCIAS DE CASOS DE TRATA Y TRÁFICO DE PERSONAS, SEGÚN DEPARTAMENTO Y TIPO DE DELITO, 2012 – 2022",Registros Administrativos,excel,339.5,https://nube.ine.gob.bo/index.php/s/uZKA2r6ZKJkWYFK/download,True
2026-08-04 16:03:27-04:00,Índice a nivel Productos,Nacional,spreadsheet,693.3,https://nube.ine.gob.bo/index.php/s/EjTPKb5MzOfvwMy/download,True
2026-08-04 16:03:27-04:00,Ponderaciones  a nivel Productos,Nacional,spreadsheet,193.89,https://nube.ine.gob.bo/index.php/s/ezfFayApO0t1zYy/download,True
2026-08-04 16:03:27-04:00,"Índice General, Variación Mensual, Acumulada y a 12 Meses por División",Nacional,spreadsheet,336.24,https://nube.ine.gob.bo/index.php/s/hHW2hufGdM4iAr6/download,True
2026-08-04 16:03:27-04:00,"Índice General, Variación Mensual, Acumulada y a 12 Meses",Nacional,spreadsheet,245.21,https://nube.ine.gob.bo/index.php/s/hXU43RQvTre7Nie/download,True
2026-08-04 16:03:27-04:00,"Índice general, variación mensual, acumulada y a 12 meses de Alimentos",Nacional,spreadsheet,728.21,https://nube.ine.gob.bo/index.php/s/uMMkb6JAlq2o1RR/download,True
2026-08-04 16:03:27-04:00,"Índice general, variación mensual, acumulada y a 12 meses de No Alimentos",Nacional,spreadsheet,727.64,https://nube.ine.gob.bo/index.php/s/yPNgyacqggWB3vc/download,True
2026-08-04 16:05:58-04:00,Índices a nivel producto,Ciudades y Conurbaciones,spreadsheet,2731.52,https://nube.ine.gob.bo/index.php/s/60CW6xLvw6S6Uva/download,True
2026-08-04 16:05:58-04:00,Ponderación a nivel de Ciudades Capitales y Conurbaciones,Ciudades y Conurbaciones,spreadsheet,174.47,https://nube.ine.gob.bo/index.php/s/PSCzifeYZSOqN0j/download,True
2026-08-04 16:05:58-04:00,Ponderaciones a nivel producto,Ciudades y Conurbaciones,spreadsheet,292.55,https://nube.ine.gob.bo/index.php/s/XhOefkHWG7HSkyL/download,True
2026-08-04 16:05:58-04:00,"Índice general, variación mensual, acumulada y a 12 meses de No Alimentos por Ciudad",Ciudades y Conurbaciones,spreadsheet,856.94,https://nube.ine.gob.bo/index.php/s/d6SZ78n2v4izvdn/download,True
2026-08-04 16:05:58-04:00,Precios Promedio,Ciudades y Conurbaciones,spreadsheet,1856.15,https://nube.ine.gob.bo/index.php/s/gnKtKpNCdQemQ4y/download,True
2026-08-04 16:05:58-04:00,"Índice General, Variación Mensual, Acumulada y a 12 Meses por Ciudad según división",Ciudades y Conurbaciones,spreadsheet,1506.75,https://nube.ine.gob.bo/index.php/s/jyOfFCEcl9T4y3Q/download,True
2026-08-04 16:05:58-04:00,"Índice General, Variación Mensual, Acumulada y a 12 Meses por Ciudad",Ciudades y Conurbaciones,spreadsheet,294.74,https://nube.ine.gob.bo/index.php/s/uk21yWRK3tEd0ZI/download,True
2026-08-04 16:05:58-04:00,"Índice general, variación mensual, acumulada y a 12 meses de Alimentos por Ciudad",Ciudades y Conurbaciones,spreadsheet,864.27,https://nube.ine.gob.bo/index.php/s/vmf8hN14t6yXASD/download,True
2026-08-04 16:06:09-04:00,"Bolivia: Índice general, variación mensual, acumulada y a 12 meses de No Alimentos",Serie Histórica Empalmada,spreadsheet,785.0,https://nube.ine.gob.bo/index.php/s/KaHS5B4HPQKVlXC/download,True
2026-08-04 16:06:09-04:00,"Ciudades y Conurbaciones: Índice general, variación mensual, acumulada y a 12 meses de Alimentos",Serie Histórica Empalmada,spreadsheet,938.78,https://nube.ine.gob.bo/index.php/s/UKxi4PoTXTbRpjh/download,True
2026-08-04 16:06:09-04:00,"Índice General, Variación Mensual, Acumulada y a 12 Meses",Serie Histórica Empalmada,spreadsheet,321.35,https://nube.ine.gob.bo/index.php/s/kP0sTBuUVMZoNA4/download,True
2026-08-04 16:06:09-04:00,"Índice General, Variación Mensual, Acumulada y a 12 Meses por Ciudad",Serie Histórica Empalmada,spreadsheet,380.33,https://nube.ine.gob.bo/index.php/s/q6h3zuFLgdY51M4/download,True
2026-08-04 16:06:09-04:00,"Índice General, Variación Mensual, Acumulada y a 12 Meses por Ciudad según división",Serie Histórica Empalmada,spreadsheet,2369.26,https://nube.ine.gob.bo/index.php/s/x0pD6uMFrIHOQ37/download,True
2026-08-04 16:06:09-04:00,"Bolivia: Índice general, variación mensual, acumulada y a 12 meses de Alimentos",Serie Histórica Empalmada,spreadsheet,785.57,https://nube.ine.gob.bo/index.php/s/yzvQp0Yea28JtXn/download,True
2026-08-04 16:06:09-04:00,"Índice General, Variación Mensual, Acumulada y a 12 Meses por División",Serie Histórica Empalmada,spreadsheet,482.34,https://nube.ine.gob.bo/index.php/s/zIggHgpHl5V5WVS/download,True
2026-08-04 16:06:10-04:00,"Ciudades y Conurbaciones: Índice general, variación mensual, acumulada y a 12 meses de No Alimentos",Serie Histórica Empalmada,spreadsheet,937.84,https://nube.ine.gob.bo/index.php/s/gosCprTlg4CuAyp/download,True
2026-08-05 10:53:13-04:00,Bolivia – Importaciones según País de Origen por Año y Mes 1992 – 2026,Importaciones,spreadsheet,1402.33,https://nube.ine.gob.bo/index.php/s/PIKeAYbOtD47sAY/download,False
2026-08-05 15:36:20-04:00,"BOLIVIA – RECOLECCIÓN DE RESIDUOS SÓLIDOS POR TIPO DE PROCEDENCIA, SEGÚN AÑO Y MES, 2005 – 2026",Residuos Sólidos,spreadsheet,281.06,https://nube.ine.gob.bo/index.php/s/GdeLDaLjgJS2TSV/download,True
2026-08-05 15:57:36-04:00,"BOLIVIA – RECOLECCIÓN DE RESIDUOS SÓLIDOS POR CIUDADES, SEGÚN AÑO Y MES 2005 – 2026",Residuos Sólidos,spreadsheet,285.99,https://nube.ine.gob.bo/index.php/s/g5rkdQURLhKl37f/download,True
2026-08-10 09:28:51-04:00,Bolivia – Cargas de Pollitos BB A Granjas registradas por departamento según Año y Mes 2019 – 2026,Avicultura,spreadsheet,91.59,https://nube.ine.gob.bo/index.php/s/mYtBMlCLMg2CTvu/download,False
2026-08-10 09:32:34-04:00,Bolivia – Producción de Carne de pollos parrilleros de granjas registradas por departamento según Año y Mes 2019 – 2026,Avicultura,spreadsheet,95.63,https://nube.ine.gob.bo/index.php/s/x9MHeNGChkXIyaR/download,False
2026-08-10 09:34:48-04:00,"Bolivia – Número de pollos parrilleros faenados de Granjas Registradas por departamento, según Año y Mes 2019 – 2026",Avicultura,spreadsheet,91.26,https://nube.ine.gob.bo/index.php/s/N2QW27YGHYzWg7V/download,False
2026-08-10 09:39:21-04:00,Bolivia – Producción de Carne de Ganado Bovino según Año y Mes por Ciudad 2005 – 2026,Subproductos Pecuarios,spreadsheet,115.67,https://nube.ine.gob.bo/index.php/s/Hf5zhf7eYeAVT0V/download,True
2026-08-10 09:45:26-04:00,"BOLIVIA: EVENTOS ADVERSOS DE ORIGEN NATURAL, SEGÚN CATEGORÍA POR DEPARTAMENTO, 2024 – 2026",Eventos Adversos de Origen Natural,spreadsheet,88.35,https://nube.ine.gob.bo/index.php/s/DIPxosrghxlFgn9/download,True
2026-08-10 09:52:20-04:00,Bolivia – Numero de Cabezas Faenadas de Ganado Bovino según Año y Mes por Ciudad 2005 – 2026,Subproductos Pecuarios,spreadsheet,104.02,https://nube.ine.gob.bo/index.php/s/VASnWBKid2LjJIc/download,True
2026-08-10 09:57:01-04:00,Bolivia – Producción de Carne de Ganado porcino según Año y Mes por Ciudad 2018 – 2026,Subproductos Pecuarios,spreadsheet,93.3,https://nube.ine.gob.bo/index.php/s/kzjz79a0NUF8NHh/download,True
2026-08-10 10:03:20-04:00,Bolivia – Numero de Cabezas Faenadas de Ganado porcino según Año y Mes 2018 – 2026,Subproductos Pecuarios,spreadsheet,87.66,https://nube.ine.gob.bo/index.php/s/6rVnOXNJPPD1xhn/download,True
2026-08-10 11:32:16-04:00,"Bolivia: Índice de volumen de producción de refinados de petróleo y otros combustibles por producto según mes, 2017 – 2026",Cuadros Estadísticos,spreadsheet,345.62,https://nube.ine.gob.bo/index.php/s/W4DyiM5rf9rQMaM/download,False
2026-08-10 11:35:36-04:00,"Bolivia: Índice de volumen comercializado de derivados al mercado interno por producto según mes, 2017 – 2026",Cuadros Estadísticos,spreadsheet,317.78,https://nube.ine.gob.bo/index.php/s/y12Bd9n9kXD5aZI/download,False
2026-08-10 18:15:48-04:00,"Bolivia – Índice De Valor De Exportaciones, Según Grandes Categorías Económicas, 2016 – 2026",Cuadros Estadísticos,spreadsheet,307.35,https://nube.ine.gob.bo/index.php/s/gGNpF9FL4cuAyIi/download,False
2026-08-10 18:15:49-04:00,"Bolivia – Índice De Valor De Exportaciones, Según La Clasificación Uniforme Para El Comercio Internacional, 2016 – 2026",Cuadros Estadísticos,spreadsheet,325.12,https://nube.ine.gob.bo/index.php/s/UWqAbfdaFAa1JaZ/download,False
2026-08-10 18:15:51-04:00,"Bolivia – Índice De Valor De Exportaciones, Según Productos Tradicionales y No Tradicionales 1980 – 2026",Cuadros Estadísticos,spreadsheet,773.08,https://nube.ine.gob.bo/index.php/s/cb2JM2yroEUmDNs/download,False
2026-08-10 18:15:52-04:00,"Bolivia – Índice De Valor De Importaciones, Según Grandes Categorías Económicas, 2016 – 2026",Cuadros Estadísticos,spreadsheet,307.18,https://nube.ine.gob.bo/index.php/s/CYjfVsOOTIVi6oI/download,False
2026-08-10 18:15:54-04:00,"Bolivia – Índice De Valor De Importaciones, Según La Clasificación De Uso o Destino Económico (CUODE) 1980 – 2026",Cuadros Estadísticos,spreadsheet,588.94,https://nube.ine.gob.bo/index.php/s/VmPWyOhKS51Pcks/download,False
2026-08-10 18:15:56-04:00,"Bolivia – Índice De Valor De Importaciones, Según La Clasificación Uniforme Para El Comercio Internacional, 2016 – 2026",Cuadros Estadísticos,spreadsheet,320.29,https://nube.ine.gob.bo/index.php/s/DIsYCRpvnEdDhY3/download,False
2026-08-10 18:15:58-04:00,"Bolivia – Índice De Valor Unitario De Exportaciones, Según Grandes Categorías Económicas, 2016 – 2026",Cuadros Estadísticos,spreadsheet,306.63,https://nube.ine.gob.bo/index.php/s/IRAjxjlPiHCuu9H/download,False
2026-08-10 18:15:59-04:00,"Bolivia – Índice De Valor Unitario De Exportaciones, Según La Clasificación Uniforme Para El Comercio Internacional, 2016 – 2026",Cuadros Estadísticos,spreadsheet,323.72,https://nube.ine.gob.bo/index.php/s/C96fUaRaiABDQjt/download,False
2026-08-10 18:16:00-04:00,"Bolivia – Índice De Valor Unitario De Exportaciones, Según Productos Tradicionales y No Tradicionales 1980 – 2026",Cuadros Estadísticos,spreadsheet,768.08,https://nube.ine.gob.bo/index.php/s/jl2H4wPveRKGo1k/download,False
2026-08-10 18:16:02-04:00,"Bolivia – Índice De Valor Unitario De Importaciones, Según Grandes Categorías Económicas, 2016 – 2026",Cuadros Estadísticos,spreadsheet,305.89,https://nube.ine.gob.bo/index.php/s/nLbuRJy2wB8jZTZ/download,False
2026-08-10 18:16:04-04:00,"Bolivia – Índice De Valor Unitario De Importaciones, Según La Clasificación De Uso o Destino Económico (CUODE) 1980 – 2026",Cuadros Estadísticos,spreadsheet,584.92,https://nube.ine.gob.bo/index.php/s/TgvidYlPAkiuIiq/download,False
2026-08-10 18:16:05-04:00,"Bolivia – Índice De Valor Unitario De Importaciones, Según La Clasificación Uniforme Para El Comercio Internacional, 2016 – 2026",Cuadros Estadísticos,spreadsheet,318.4,https://nube.ine.gob.bo/index.php/s/RJLQe5Di5A8e3uD/download,False
2026-08-10 18:16:07-04:00,"Bolivia – Índice De Volumen De Exportaciones, Según Grandes Categorías Económicas, 2016 – 2026",Cuadros Estadísticos,spreadsheet,307.06,https://nube.ine.gob.bo/index.php/s/fvSTwriQ6vWWXaX/download,False
2026-08-10 18:16:08-04:00,"Bolivia – Índice De Volumen De Exportaciones, Según La Clasificación Uniforme Para El Comercio Internacional, 2016 – 2026",Cuadros Estadísticos,spreadsheet,324.89,https://nube.ine.gob.bo/index.php/s/K5dbsB9Yubhwc2n/download,False
2026-08-10 18:16:09-04:00,"Bolivia – Índice De Volumen De Exportaciones, Según Productos Tradicionales y No Tradicionales 1980 – 2026",Cuadros Estadísticos,spreadsheet,772.14,https://nube.ine.gob.bo/index.php/s/26SMMicEkHp3GiX/download,False
2026-08-10 18:16:10-04:00,"Bolivia – Índice De Volumen De Importaciones, Según Grandes Categorías Económicas, 2016 – 2026",Cuadros Estadísticos,spreadsheet,307.12,https://nube.ine.gob.bo/index.php/s/hqHrZNrLNoDkv42/download,False
2026-08-10 18:16:11-04:00,"Bolivia – Índice De Volumen De Importaciones, Según La Clasificación De Uso o Destino Económico (CUODE) 1980 – 2026",Cuadros Estadísticos,spreadsheet,588.66,https://nube.ine.gob.bo/index.php/s/jvXGmBXqvjbUDPE/download,False
2026-08-10 18:16:12-04:00,"Bolivia – Índice De Volumen De Importaciones, Según La Clasificación Uniforme Para El Comercio Internacional, 2016 – 2026",Cuadros Estadísticos,spreadsheet,320.24,https://nube.ine.gob.bo/index.php/s/DvkanEMs6mL0eYM/download,False
2026-08-10 18:23:09-04:00,"Bolivia – Índice de Términos de Intercambio, 1981 – 2026",Cuadros Estadísticos,spreadsheet,346.9,https://nube.ine.gob.bo/index.php/s/L9cueJrEcSTCZjy/download,False
2026-08-11 11:19:13-04:00,Bolivia – Longitud Ferroviaria 2014 – 2025,Infraestructura Vial,spreadsheet,77.14,https://nube.ine.gob.bo/index.php/s/IAhPAQerokcuSMx/download,True
2026-08-11 11:21:32-04:00,"Bolivia – Longitud Numero de Cabinas Numero de Torres, 2025",Infraestructura Vial,spreadsheet,78.23,https://nube.ine.gob.bo/index.php/s/X508mqetlAhbAaJ/download,True
2026-08-11 11:25:04-04:00,"Bolivia – Infraestructura Fluvial según Sistema, 2018 – 2025",Infraestructura Vial,spreadsheet,77.9,https://nube.ine.gob.bo/index.php/s/prA3KVAGjw0rl9B/download,True
2026-08-11 11:26:54-04:00,Bolivia – Navegación Fluvial según Sistema 2014 – 2025,Infraestructura Vial,spreadsheet,79.3,https://nube.ine.gob.bo/index.php/s/gVU9r2MII4FVDlR/download,True
2026-08-11 11:28:59-04:00,"Bolivia – Sistema de Distribución de Redes de Gas según Red por Departamento y Municipio, 2019 – 2025",Infraestructura Vial,spreadsheet,92.6,https://nube.ine.gob.bo/index.php/s/SgKHR7BlLy0Uccj/download,True
2026-08-11 11:34:19-04:00,"Bolivia – Infraestructura Aeroportuaria Construida y Ampliada según Aeropuerto, Aeródromo al 2025",Infraestructura Vial,spreadsheet,81.1,https://nube.ine.gob.bo/index.php/s/tjND2p1qQwsH2UD/download,True
2026-08-11 11:35:50-04:00,Bolivia – Longitud del Sistema de Transporte de Gasoducto al 2025,Infraestructura Vial,spreadsheet,77.46,https://nube.ine.gob.bo/index.php/s/YipTUPhMe8dJJp4/download,True
2026-08-11 11:49:11-04:00,Bolivia – Longitud del Sistema de Transporte de Oleoducto al 2025,Infraestructura Vial,spreadsheet,77.79,https://nube.ine.gob.bo/index.php/s/rxhxzsSZY4WcS8q/download,True
2026-08-11 11:50:31-04:00,Bolivia – Longitud del Sistema de Transporte de Poliducto al 2025,Infraestructura Vial,spreadsheet,77.62,https://nube.ine.gob.bo/index.php/s/I0Jm68CSR0HnnnP/download,True
2026-08-11 14:38:33-04:00,"Bolivia – Estaciones de Servicio de Recarga para Vehículo Eléctricos (Electrolineras), 2025",Infraestructura Vial,spreadsheet,77.41,https://nube.ine.gob.bo/index.php/s/hE2GqEgfMxe64uC/download,True
2026-08-11 14:40:34-04:00,"Bolivia – Longitud de Aedromos Privados Según Departamento, 2019 – 2025",Infraestructura Vial,spreadsheet,77.42,https://nube.ine.gob.bo/index.php/s/wUxZr7AVj9rf25E/download,True
2026-08-12 09:41:18-04:00,"Bolivia: Índice de volumen de Producción de minerales por subsector de la minería mediana y tipo de mineral según mes, 2017 – 2026",Cuadros Estadísticos,spreadsheet,310.19,https://nube.ine.gob.bo/index.php/s/U561kRx8xpIXQ23/download,False
2026-08-12 09:41:45-04:00,"Bolivia: Índice de volumen de Producción de minerales por subsector de la minería estatal y tipo de mineral según Año mes, 2017 – 2026",Cuadros Estadísticos,spreadsheet,304.42,https://nube.ine.gob.bo/index.php/s/XZ6iccZDpCiwkVb/download,False
2026-08-12 09:49:11-04:00,"Bolivia: Índice de volumen de Producción de minerales por subsector de la minería chica y cooperativas y tipo de mineral, 2017 – 2026",Cuadros Estadísticos,spreadsheet,321.16,https://nube.ine.gob.bo/index.php/s/TqHVKVAkpBktFze/download,False
2026-08-12 09:49:47-04:00,"Bolivia: Índice de volumen de producción de minerales por tipo de mineral según mes, 2017 – 2026",Cuadros Estadísticos,spreadsheet,319.54,https://nube.ine.gob.bo/index.php/s/CGD6VkxgCFy7eAC/download,False
2026-08-12 09:51:39-04:00,"Bolivia: Producción de Minerales del Sector de la Minería Mediana por Tipo de Mineral según Año y Mes, 1990 – 2026",Cuadros Estadísticos,spreadsheet,306.2,https://nube.ine.gob.bo/index.php/s/9y6jnkXZ7IZzNqD/download,False
2026-08-12 09:52:07-04:00,Bolivia: Producción de minerales del sector estatal por tipo de mineral según mes 2017 – 2026,Cuadros Estadísticos,spreadsheet,268.31,https://nube.ine.gob.bo/index.php/s/z1oiVBLqnUqcI4P/download,False
2026-08-12 09:52:26-04:00,"Bolivia: Producción nacional de minerales por tipo de mineral según mes, 2017 – 2026",Cuadros Estadísticos,spreadsheet,280.51,https://nube.ine.gob.bo/index.php/s/qoHmcpyMTL1Ah1G/download,False
2026-08-12 09:52:53-04:00,Bolivia: Producción de minerales del sector de la minería chica y cooperativas por tipo de mineral según mes 1990 – 2026,Cuadros Estadísticos,spreadsheet,305.64,https://nube.ine.gob.bo/index.php/s/bkZiLa2Znyh8MjR/download,False
2026-08-12 09:53:18-04:00,"Bolivia: Cotización oficial de minerales por tipo de mineral según mes, 2017 – 2026",Cuadros Estadísticos,spreadsheet,271.07,https://nube.ine.gob.bo/index.php/s/VrWcSjTgHQt3kFP/download,False
2026-08-12 11:45:41-04:00,Bolivia – Número de Permisos de Construcción desagregado por Tipo de Trámite según año y mes 2008 – 2026,Permisos de Construcción,excel,133.0,https://nube.ine.gob.bo/index.php/s/jLb5wFW0JvKCqtR/download,False
2026-08-12 12:14:00-04:00,Bolivia – Superficie registrada en Permisos de Construcción desagregado por Tipo de Trámite según año y mes 2008 – 2026,Permisos de Construcción,excel,140.0,https://nube.ine.gob.bo/index.php/s/Ys6tEPQpLWYR4ba/download,False
2026-08-12 12:54:04-04:00,"Índice General, Variación Mensual, Acumulada y a 12 meses, de Origen Importado",Cuadros Estadísticos,spreadsheet,680.41,https://nube.ine.gob.bo/index.php/s/6cOqG7VDO7lkx61/download,True
2026-08-12 12:54:04-04:00,"Índice General, Variación Mensual, Acumulada y a 12 meses",Cuadros Estadísticos,spreadsheet,260.95,https://nube.ine.gob.bo/index.php/s/NW0VOl4NfjWf641/download,True
2026-08-12 12:54:04-04:00,"Índice General, Variación Mensual, Acumulada y a 12 meses, de Origen Nacional",Cuadros Estadísticos,spreadsheet,680.45,https://nube.ine.gob.bo/index.php/s/SQf4aoiYht6XzCh/download,True
2026-08-12 12:54:04-04:00,"Índice General, Variación Mensual, Acumulada y a 12 meses, Según Origen y Grupo",Cuadros Estadísticos,spreadsheet,213.46,https://nube.ine.gob.bo/index.php/s/etdvckQwcKnag5X/download,True
2026-08-12 15:07:27-04:00,"Bolivia-Llegada de Viajeros Internacionales Vía Carretera, Por Puesto Fronterizo y Tipo de Viajero Según Año y Mes 2008 -2026",ESTADÍSTICAS DE VIAJEROS INTERNACIONALES,spreadsheet,179.32,https://nube.ine.gob.bo/index.php/s/91ZhEYZNozu0WhD/download,True
2026-08-12 15:51:37-04:00,"Bolivia-Llegada de Viajeros Internacionales, Según Nacionalidad Por Año y Mes 2008 – 2026",ESTADÍSTICAS DE VIAJEROS INTERNACIONALES,spreadsheet,180.32,https://nube.ine.gob.bo/index.php/s/xazJzDunht4v9rC/download,True
2026-08-12 16:27:50-04:00,"Bolivia-Llegada de Viajeros Internacionales Vía Aérea, Según Nacionalidad Por Año y Mes 2008 – 2026",ESTADÍSTICAS DE VIAJEROS INTERNACIONALES,spreadsheet,167.41,https://nube.ine.gob.bo/index.php/s/Y5dXLFWkzZCDCdf/download,True
2026-08-12 16:43:25-04:00,"Bolivia-Llegada de Viajeros Internacionales Vía Carretera, Según Nacionalidad Por Año y Mes 2008 – 2026",ESTADÍSTICAS DE VIAJEROS INTERNACIONALES,spreadsheet,171.36,https://nube.ine.gob.bo/index.php/s/tnYRxhxultQqgMM/download,True
2026-08-12 17:21:48-04:00,"Bolivia-Llegada de Viajeros Internacionales, Por Modo de Transporte, Sexo y Tipo de Viajero Según Año y Mes 2019 -2026",ESTADÍSTICAS DE VIAJEROS INTERNACIONALES,spreadsheet,94.2,https://nube.ine.gob.bo/index.php/s/sTK6urP3tpQmI14/download,True
2026-08-12 17:32:49-04:00,"Bolivia-Salida de Viajeros Internacionales Vía Aérea, Por Aeropuerto y Tipo de Viajero Según Año y Mes 2008 – 2026",ESTADÍSTICAS DE VIAJEROS INTERNACIONALES,spreadsheet,106.79,https://nube.ine.gob.bo/index.php/s/fk1hJcizpHrPMcD/download,True
2026-08-12 17:39:25-04:00,"Bolivia-Salida de Viajeros Internacionales Vía Carretera, Por Puesto Fronterizo y Tipo de Viajero Según Año y Mes 2008 -2026",ESTADÍSTICAS DE VIAJEROS INTERNACIONALES,spreadsheet,182.08,https://nube.ine.gob.bo/index.php/s/OEzEVOVlU6ADI3x/download,True
2026-08-12 17:49:21-04:00,"Bolivia-Salida de Viajeros Internacionales, Según Nacionalidad Por Año y Mes 2008 – 2026",ESTADÍSTICAS DE VIAJEROS INTERNACIONALES,spreadsheet,178.19,https://nube.ine.gob.bo/index.php/s/C1y6pjB7L36WMlH/download,True
2026-08-12 17:59:40-04:00,"Bolivia-Salida de Viajeros Internacionales Vía Aérea, Según Nacionalidad Por Año y Mes 2008 – 2026",ESTADÍSTICAS DE VIAJEROS INTERNACIONALES,spreadsheet,163.26,https://nube.ine.gob.bo/index.php/s/2l5zlD7ua3pDqEJ/download,True
2026-08-13 09:50:15-04:00,"BOLIVIA – TEMPERATURA MEDIA POR CIUDADES, SEGÚN AÑO Y MES, 1990 – 2026",Clima y Atmósfera,spreadsheet,115.66,https://nube.ine.gob.bo/index.php/s/VGXL4vgllkzp7a3/download,False
2026-08-13 09:51:09-04:00,"BOLIVIA – PRECIPITACIÓN PLUVIAL ACUMULADA POR CIUDADES, SEGÚN AÑO Y MES, 1990 – 2026",Clima y Atmósfera,spreadsheet,113.65,https://nube.ine.gob.bo/index.php/s/oUGsATmLB68TC4Q/download,False
2026-08-13 10:40:23-04:00,"Bolivia-Salida de Viajeros Internacionales Vía Carretera, Según Nacionalidad Por Año y Mes 2008 – 2026",ESTADÍSTICAS DE VIAJEROS INTERNACIONALES,spreadsheet,166.24,https://nube.ine.gob.bo/index.php/s/6ThOAnHw3ykIgDY/download,True
2026-08-13 10:49:37-04:00,"Bolivia-Salida de Viajeros Internacionales, Por Modo de Transporte, Sexo y Tipo de Viajero Según Año y Mes 2019 – 2026",ESTADÍSTICAS DE VIAJEROS INTERNACIONALES,spreadsheet,93.4,https://nube.ine.gob.bo/index.php/s/FdX3RZAKY3FPLa2/download,True
2026-08-13 11:00:08-04:00,La Paz,Costos de Contrucción,spreadsheet,195.91,https://nube.ine.gob.bo/index.php/s/4bstsr2UivF7012/download,True
2026-08-13 11:00:08-04:00,Pando,Costos de Contrucción,spreadsheet,126.55,https://nube.ine.gob.bo/index.php/s/6jTykFRG8N84CBn/download,True
2026-08-13 11:00:08-04:00,Santa Cruz,Costos de Contrucción,spreadsheet,172.3,https://nube.ine.gob.bo/index.php/s/AW3JhCixYEcXNfv/download,True
2026-08-13 11:00:08-04:00,Cochabamba,Costos de Contrucción,spreadsheet,205.05,https://nube.ine.gob.bo/index.php/s/PiokffFTDQIHwLV/download,True
2026-08-13 11:00:08-04:00,Beni,Costos de Contrucción,spreadsheet,122.93,https://nube.ine.gob.bo/index.php/s/X7X4UqrzA6uiw2d/download,True
2026-08-13 11:00:08-04:00,Chuquisaca,Costos de Contrucción,spreadsheet,140.34,https://nube.ine.gob.bo/index.php/s/ZsMS5mc50em3PjG/download,True
2026-08-13 11:00:08-04:00,Potosi,Costos de Contrucción,spreadsheet,140.12,https://nube.ine.gob.bo/index.php/s/rULeIEIIrWKN0J7/download,True
2026-08-13 11:00:08-04:00,Oruro,Costos de Contrucción,spreadsheet,146.87,https://nube.ine.gob.bo/index.php/s/tJpzzZtKMVihhDI/download,True
2026-08-13 11:00:08-04:00,Tarija,Costos de Contrucción,spreadsheet,129.1,https://nube.ine.gob.bo/index.php/s/u9SDC9UCZHx1mNG/download,True
2026-08-13 12:30:39-04:00,"Bolivia-Llegada de Visitantes Internacionales Vía Carretera, Según Nacionalidad, Por Año y Mes 2008 – 2026",Estadísticas de Flujo de Visitantes,spreadsheet,167.91,https://nube.ine.gob.bo/index.php/s/gFexp5ehR3S2ZyL/download,True
2026-08-13 12:38:14-04:00,"Bolivia-Llegada de Visitantes Internacionales, Por Modo de Transporte, Sexo y Tipo de Viajero Según Año y Mes 2019 -2026",Estadísticas de Flujo de Visitantes,spreadsheet,93.57,https://nube.ine.gob.bo/index.php/s/1NvxmdGFbtEqY9V/download,True
2026-08-13 15:33:55-04:00,"Bolivia-Salida de Visitantes Internacionales Vía Aérea, Por Aeropuerto y Tipo de Visitante, Según Año y Mes 2008 – 2026",Estadísticas de Flujo de Visitantes,spreadsheet,106.47,https://nube.ine.gob.bo/index.php/s/nun70BcTN01Df8n/download,True
2026-08-13 15:47:11-04:00,"Bolivia-Salida de Visitantes Internacionales Vía Carretera, Por Puesto Fronterizo y Tipo de Visitante, Según Año y Mes, 2008 – 2026",Estadísticas de Flujo de Visitantes,spreadsheet,178.57,https://nube.ine.gob.bo/index.php/s/Rxchzdz4fY8kKNb/download,True
2026-08-13 15:55:42-04:00,"Bolivia-Salida de Visitantes Internacionales, Según Nacionalidad, Por Año y Mes 2008 – 2026",Estadísticas de Flujo de Visitantes,spreadsheet,175.22,https://nube.ine.gob.bo/index.php/s/YX6SKYfGXayt8Cd/download,True
2026-08-13 16:27:02-04:00,"Bolivia-Salida de Visitantes Internacionales Vía Aérea, Según Nacionalidad, Por Año y Mes 2008 – 2026",Estadísticas de Flujo de Visitantes,spreadsheet,163.93,https://nube.ine.gob.bo/index.php/s/TjaSJLJ9KWkq1Jc/download,True
2026-08-13 17:14:08-04:00,"Bolivia-Salida de Visitantes Internacionales Vía Carretera, Según Nacionalidad, Por Año y Mes 2008 – 2026",Estadísticas de Flujo de Visitantes,spreadsheet,161.3,https://nube.ine.gob.bo/index.php/s/lanU5AHvyDgOWRO/download,True
2026-08-13 17:28:36-04:00,"Bolivia-Salida de Visitantes Internacionales, Por Modo de Transporte, Sexo y Tipo de Viajero Según Año y Mes 2019 -2026",Estadísticas de Flujo de Visitantes,spreadsheet,93.38,https://nube.ine.gob.bo/index.php/s/JC61CgOPaZ66cPG/download,True
2026-08-13 17:29:03-04:00,"Bolivia: Producción de refinados de petróleo y otros combustibles según mes, 2017 – 2026",Cuadros Estadísticos,spreadsheet,279.07,https://nube.ine.gob.bo/index.php/s/gujjJans9JnuMeV/download,False
2026-08-13 17:37:21-04:00,"Bolivia: Producción bruta de gas natural por departamento según mes, 2010 – 2026",Cuadros Estadísticos,spreadsheet,277.85,https://nube.ine.gob.bo/index.php/s/TVDM4ohvegnPAeO/download,False
2026-08-13 17:53:07-04:00,"Bolivia: Producción de hidrocarburos líquidos por departamento según mes, 2010 – 2026",Cuadros Estadísticos,spreadsheet,276.92,https://nube.ine.gob.bo/index.php/s/0MMpYXOFubXobXY/download,False
2026-08-13 18:03:12-04:00,Bolivia: Volumen Comercializado de Gas Natural según Red de Distribución según Año y Mes 2006 – 2026,Cuadros Estadísticos,spreadsheet,293.17,https://nube.ine.gob.bo/index.php/s/Q5yupB9UjCErMZ0/download,False
2026-08-13 18:03:52-04:00,Bolivia: Volumen Comercializado de Gas Natural Vehicular por Departamento según Año y Mes 2010 – 2026,Cuadros Estadísticos,spreadsheet,288.4,https://nube.ine.gob.bo/index.php/s/gBsmW1H1GsMRnbB/download,False
2026-08-13 18:04:46-04:00,"Bolivia: Volumen de comercialización al mercado interno por producto, 2009 – 2026",Cuadros Estadísticos,spreadsheet,272.98,https://nube.ine.gob.bo/index.php/s/2bhO9xUJLamnPB2/download,False
2026-08-14 10:06:00-04:00,"Bolivia: Exportaciones de Oro según mes, 1992 – 2026",Cuadros Estadísticos,spreadsheet,89.08,https://nube.ine.gob.bo/index.php/s/wXHLHm3yfSZ92LE/download,False
2026-08-17 09:06:21-04:00,"Bolivia – Flujo de transporte carretero de pasajeros por red según mes, 1992 – 2026",Cuadros Estadísticos,spreadsheet,105.23,https://nube.ine.gob.bo/index.php/s/0BX0xy3tQ2cq76m/download,False
2026-08-17 09:10:56-04:00,"La Paz – Número de pasajeros transportados por cable según mes, 2014 – 2026",Cuadros Estadísticos,excel,96.5,https://nube.ine.gob.bo/index.php/s/tV52ENVO0rsKo2t/download,False
2026-08-17 09:13:16-04:00,"Oruro – Número de pasajeros transportados por cable según mes, 2018 – 2026",Cuadros Estadísticos,spreadsheet,76.82,https://nube.ine.gob.bo/index.php/s/BLMnzDNfAhWFGAp/download,False
2026-08-17 09:34:38-04:00,PRECIOS INTERNACIONALES DE PRINCIPALES PRODUCTOS DEL COMERCIO MUNDIAL (COMMODITIES) 1980 – 2026,Precios Internacionales,spreadsheet,727.76,https://nube.ine.gob.bo/index.php/s/leG0IixvaACJ1eX/download,False
2026-08-17 15:18:16-04:00,"Bolivia – Flujo de volumen del transporte aéreo de carga por flujo y ruta según mes, 2009 – 2026",Cuadros Estadísticos,spreadsheet,106.37,https://nube.ine.gob.bo/index.php/s/XilRYdNRylKW9fb/download,False
2026-08-17 15:18:33-04:00,"Bolivia – Flujo de transporte aéreo de pasajeros por flujo y ruta según mes, 2009 – 2026",Cuadros Estadísticos,spreadsheet,98.75,https://nube.ine.gob.bo/index.php/s/rVvBMz0OW6yyVtH/download,False
2026-08-17 15:26:43-04:00,"Bolivia – Flujo de transporte ferroviario por red y tipo de servicio según mes, 1999 – 2026",Cuadros Estadísticos,spreadsheet,104.53,https://nube.ine.gob.bo/index.php/s/LoswDmbMeSpofJH/download,False
2026-08-17 15:34:10-04:00,"Bolivia – Índice general de transporte por modalidad según mes, 2017 – 2026",Cuadros Estadísticos,spreadsheet,341.65,https://nube.ine.gob.bo/index.php/s/WrlzgqwMRFOA6py/download,False
2026-08-17 15:35:15-04:00,"Bolivia – Índice de cantidad de transporte ferroviario por tipo de servicio según mes, 2017 – 2026",Cuadros Estadísticos,spreadsheet,286.18,https://nube.ine.gob.bo/index.php/s/GOuPXraorSKlPEY/download,False
2026-08-17 15:35:54-04:00,"Bolivia – Índice de cantidad de transporte ferroviario por red según mes, 2017 – 2026",Cuadros Estadísticos,spreadsheet,114.98,https://nube.ine.gob.bo/index.php/s/fYjcKruJwWr4nIo/download,False
2026-08-17 15:36:36-04:00,"Bolivia – Índice de cantidad de transporte ferroviario por tipo de servicio y red según mes, 2017 – 2026",Cuadros Estadísticos,spreadsheet,130.45,https://nube.ine.gob.bo/index.php/s/ep7YwnoFxrLYhOY/download,False
2026-08-17 15:37:36-04:00,"Bolivia – Índice de cantidad de transporte ferroviario por tipo de carga y red según mes, 2017 – 2026",Cuadros Estadísticos,spreadsheet,145.19,https://nube.ine.gob.bo/index.php/s/XKHHfCmsixwxa8I/download,False
2026-08-17 15:52:04-04:00,"Bolivia – Índice de cantidad de transporte carretero por tipo de servicio según mes, 2017 – 2026",Cuadros Estadísticos,spreadsheet,166.82,https://nube.ine.gob.bo/index.php/s/eKmXnAixxIUNpIk/download,False
2026-08-17 16:02:45-04:00,"Bolivia – Índice de cantidad de transporte carretero por tipo de servicio y flujo según mes, 2017- 2026",Cuadros Estadísticos,spreadsheet,121.24,https://nube.ine.gob.bo/index.php/s/qRTzTTllH55drGl/download,False
2026-08-17 16:18:16-04:00,"Bolivia – Índice de cantidad de transporte aéreo por tipo de servicio según mes, 2017 – 2026",Cuadros Estadísticos,spreadsheet,208.25,https://nube.ine.gob.bo/index.php/s/tnlyB7MMZpWrPE6/download,False
2026-08-17 16:19:21-04:00,"Bolivia – Índice de cantidad de transporte aéreo por ruta según mes, 2017 – 2026",Cuadros Estadísticos,spreadsheet,117.49,https://nube.ine.gob.bo/index.php/s/sXPaYAEpAjN85eo/download,False
2026-08-17 16:20:19-04:00,"Bolivia – Índice de cantidad de transporte aéreo internacional por tipo de servicio y flujo según mes, 2017 – 2026",Cuadros Estadísticos,spreadsheet,141.39,https://nube.ine.gob.bo/index.php/s/SvoPPzObqpuFaq7/download,False
2026-08-17 16:21:11-04:00,"Bolivia – Índice de cantidad de transporte aéreo por ruta y tipo de servicio nacional según mes, 2017 -2026",Cuadros Estadísticos,spreadsheet,155.13,https://nube.ine.gob.bo/index.php/s/geyCD96n0rcp1IO/download,False
2026-08-17 16:22:30-04:00,"Bolivia – Índice de cantidad de transporte aéreo por ruta y tipo de servicio según mes, 2017 – 2026",Cuadros Estadísticos,spreadsheet,140.87,https://nube.ine.gob.bo/index.php/s/OEno5bTgAaHAH03/download,False
2026-08-17 16:23:19-04:00,"Bolivia – Índice de cantidad de transporte de hidrocarburos por tipo de ductos según mes, 2017 – 2026",Cuadros Estadísticos,spreadsheet,277.97,https://nube.ine.gob.bo/index.php/s/zMP2GvAEMh9aWxw/download,False
2026-08-17 16:24:02-04:00,"Bolivia – Índice de cantidad de transporte de hidrocarburos por ductos por tipo de mercado según mes, 2017 – 2026",Cuadros Estadísticos,spreadsheet,106.33,https://nube.ine.gob.bo/index.php/s/BrvSRo5EwYkx92O/download,False
2026-08-17 16:24:52-04:00,"Bolivia – Índice de cantidad de transporte de hidrocarburos por tipo de ducto y mercado según mes, 2017 – 2026",Cuadros Estadísticos,spreadsheet,115.5,https://nube.ine.gob.bo/index.php/s/CqbmOWzkoSvk9za/download,False
2026-08-17 16:25:38-04:00,"Bolivia – Índice de cantidad de transporte urbano de pasajeros según mes, 2017 – 2026",Cuadros Estadísticos,spreadsheet,166.05,https://nube.ine.gob.bo/index.php/s/UjvvflnD09rqzfL/download,False
2026-08-17 17:22:05-04:00,"Bolivia – Ingreso de Visitantes a Establecimientos de Hospedaje Por Mes y Año Según Ciudad y Tipo de Visitante, 2020 – 2026",Estadísticas Hoteleras,spreadsheet,103.26,https://nube.ine.gob.bo/index.php/s/WapyrcthNzS8fIp/download,True
2026-08-17 18:09:04-04:00,"BOLIVIA: PERCEPCIÓN DE SEGURIDAD DE LA POBLACIÓN DE 15 AÑOS O MÁS, AL CAMINAR SOLA(O) CERCA DE SU VIVIENDA CUANDO ES DE NOCHE, SEGÚN CARACTERÍSTICA SELECCIONADA, 2016 – 2025",Encuestas,spreadsheet,98.86,https://nube.ine.gob.bo/index.php/s/vlYak1cuyFv2H8J/download,True
2026-08-18 13:12:22-04:00,"BOLIVIA: POBLACIÓN DE 15 AÑOS O MÁS POR CONDICIÓN DE DISCRIMINACIÓN, SEGÚN CARACTERÍSTICA SELECCIONADA, 2018 – 2025",Encuestas,spreadsheet,89.17,https://nube.ine.gob.bo/index.php/s/QpHobUfaiHuZItT/download,True
2026-08-18 13:12:28-04:00,📥,Encuestas,spreadsheet,89.03,https://nube.ine.gob.bo/index.php/s/YangwDeLzsReFzr/download,True
2026-08-18 17:00:23-04:00,"Bolivia- Llegada de Viajeros Internacionales Vía Aérea, Por Aeropuerto y Tipo de Viajero Según Año y Mes 2008 – 2026",ESTADÍSTICAS DE VIAJEROS INTERNACIONALES,spreadsheet,107.48,https://nube.ine.gob.bo/index.php/s/nddfulKMiqf6Xqi/download,True
2026-08-19 09:05:32-04:00,"Bolivia-Ingreso de Visitantes a Establecimientos de Hospedaje Por Año Según Ciudad y Tipo de Visitante, 2008 – 2025",Estadísticas Hoteleras,excel,110.5,https://nube.ine.gob.bo/index.php/s/kZElcS0a3RgsFww/download,True
2026-08-19 13:15:54-04:00,Bolivia: consumo de energía eléctrica por categoría 2017 – 2026,Cuadros Estadísticos,spreadsheet,91.5,https://nube.ine.gob.bo/index.php/s/T7oGdPwFFdw7Q8B/download,False
2026-08-19 13:17:13-04:00,Bolivia consumo de agua potable por categoría 2017 – 2026,Cuadros Estadísticos,spreadsheet,85.25,https://nube.ine.gob.bo/index.php/s/pu0lSWtJHjQ1a67/download,False
2026-08-19 13:40:04-04:00,"Bolivia Índice de comercialización de gas natural en el mercado interno, 2017 – 2026",Cuadros Estadísticos,spreadsheet,113.97,https://nube.ine.gob.bo/index.php/s/pMYSzxa2CNuMHh8/download,False
2026-08-19 13:43:16-04:00,"Bolivia Índice de generación bruta de energía eléctrica por tipo de fuente, 2018 – 2026",Cuadros Estadísticos,spreadsheet,111.15,https://nube.ine.gob.bo/index.php/s/p6Sr2UIVTb914Aq/download,False
2026-08-19 13:43:57-04:00,"Bolivia Índice de volumen de consumo de agua potable por categoría según año y mes, 2017 – 2026",Cuadros Estadísticos,spreadsheet,114.77,https://nube.ine.gob.bo/index.php/s/uVHmyC1ED5mLliO/download,False
2026-08-19 13:44:28-04:00,"Bolivia Índice de volumen de consumo de energía eléctrica, 2017 – 2026",Cuadros Estadísticos,spreadsheet,125.51,https://nube.ine.gob.bo/index.php/s/yIcR99mxZZATQsM/download,False
2026-08-19 13:44:45-04:00,Bolivia: generación bruta de energía eléctrica por departamento 2018 -2026,Cuadros Estadísticos,spreadsheet,90.42,https://nube.ine.gob.bo/index.php/s/LocnB20UKo4a4zm/download,False
2026-08-19 13:45:00-04:00,Bolivia consumo de gas natural por red por categoría 2017 – 2026,Cuadros Estadísticos,spreadsheet,85.84,https://nube.ine.gob.bo/index.php/s/MsqA6GhO5uYviUU/download,False
2026-08-20 12:01:45-04:00,"Bolivia: Índice de volumen de producción bruta de gas natural y de hidrocarburos líquidos según mes, 2017 – 2026",Cuadros Estadísticos,spreadsheet,293.28,https://nube.ine.gob.bo/index.php/s/GSC1ivm7XLZbB49/download,False
2026-08-26 13:38:35-04:00,"Índice General, Variación Mensual, Acumulada y a 12 meses, Según Grandes Grupos – Nacional",Cuadros Estadísticos,spreadsheet,283.73,https://nube.ine.gob.bo/index.php/s/GYY6iCGMyzHJgjh/download,True
2026-08-26 13:38:35-04:00,"Índice General, Variación Mensual, Acumulada y a 12 meses – Nacional",Cuadros Estadísticos,spreadsheet,308.24,https://nube.ine.gob.bo/index.php/s/LJj6NGwsvRzLx8Y/download,True
