modificado,nombre,tipo,kb,link
2015-10-12 14:55:46-04:00,MATRIZ DE TRANSFERENCIAS CORRIENTES ( 2001),pdf,55.78,https://nube.ine.gob.bo/index.php/s/McRmPmOuGRGHu0v/download
2015-10-12 14:56:12-04:00,MATRIZ DE TRANSFERENCIAS CORRIENTES ( 2002),pdf,57.04,https://nube.ine.gob.bo/index.php/s/TfkroVpSLDjO0Iq/download
2015-10-12 14:56:40-04:00,MATRIZ DE TRANSFERENCIAS DE CAPITAL ( 2000),pdf,55.99,https://nube.ine.gob.bo/index.php/s/qn8vt0fjFB0ztbK/download
2015-10-12 14:57:28-04:00,MATRIZ DE TRANSFERENCIAS DE CAPITAL ( 1999),pdf,54.42,https://nube.ine.gob.bo/index.php/s/nLQ8bjGCpM5HAdz/download
2015-10-12 14:58:36-04:00,MATRIZ DE TRANSFERENCIAS DE CAPITAL ( 2001),pdf,54.54,https://nube.ine.gob.bo/index.php/s/mMAra1o7qe7CaSX/download
2015-10-12 14:58:56-04:00,MATRIZ DE TRANSFERENCIAS CORRIENTES ( 1999),pdf,56.18,https://nube.ine.gob.bo/index.php/s/q4apjR55rvmH31p/download
2015-10-12 14:59:10-04:00,MATRIZ DE TRANSFERENCIAS DE CAPITAL ( 1998),pdf,54.58,https://nube.ine.gob.bo/index.php/s/E3wtHUCEGZl9139/download
2015-10-12 14:59:54-04:00,MATRIZ DE TRANSFERENCIAS CORRIENTES ( 2000),pdf,66.40,https://nube.ine.gob.bo/index.php/s/tGQe9aTEitSCADf/download
2015-10-12 14:59:58-04:00,MATRIZ DE TRANSFERENCIAS DE CAPITAL ( 2002),pdf,55.82,https://nube.ine.gob.bo/index.php/s/PvnTaM9goNE3nKb/download
2017-03-13 16:16:10-04:00,MATRIZ DE TRANSFERENCIAS CORRIENTES ( 1994),pdf,59.75,https://nube.ine.gob.bo/index.php/s/UcRcgvnBvZVpSw8/download
2017-03-13 16:16:10-04:00,MATRIZ DE TRANSFERENCIAS CORRIENTES ( 1991),pdf,60.21,https://nube.ine.gob.bo/index.php/s/bvNd6E9P2X8X0av/download
2017-03-13 16:16:10-04:00,MATRIZ DE TRANSFERENCIAS CORRIENTES ( 1993),pdf,59.62,https://nube.ine.gob.bo/index.php/s/gtrMgUIbuXwOOdS/download
2017-03-13 16:16:10-04:00,MATRIZ DE ENCLAVE (EN MILES DE BOLIVIANOS DE 1990) ( 1991),pdf,13.12,https://nube.ine.gob.bo/index.php/s/iEMa7Yj16f5uI6i/download
2017-03-13 16:16:10-04:00,MATRIZ DE ENCLAVE (EN MILES DE BOLIVIANOS) ( 1988),pdf,13.09,https://nube.ine.gob.bo/index.php/s/vK6D0jvzZxG1BdS/download
2017-03-13 16:16:10-04:00,MATRIZ DE TRANSFERENCIAS CORRIENTES ( 1989),pdf,6.23,https://nube.ine.gob.bo/index.php/s/q11w76mChtyqFxi/download
2017-03-13 16:16:10-04:00,MATRIZ DE TRANSFERENCIAS DE CAPITAL ( 1991),pdf,5.93,https://nube.ine.gob.bo/index.php/s/qaNzVPjO0yGilAT/download
2017-03-13 16:16:10-04:00,MATRIZ DE ENCLAVE (EN MILES DE BOLIVIANOS) ( 1997),pdf,9.16,https://nube.ine.gob.bo/index.php/s/TqXnFHDVDMZuKGJ/download
2017-03-13 16:16:10-04:00,MATRIZ DE TRANSFERENCIAS DE CAPITAL ( 1992),pdf,6.11,https://nube.ine.gob.bo/index.php/s/mxjj7s0bC7Fjt7U/download
2017-03-13 16:16:10-04:00,MATRIZ DE TRANSFERENCIAS DE CAPITAL ( 1988),pdf,57.85,https://nube.ine.gob.bo/index.php/s/TIWmj6hhCbuJvnp/download
2017-03-13 16:16:10-04:00,MATRIZ DE TRANSFERENCIAS CORRIENTES ( 1988),pdf,6.47,https://nube.ine.gob.bo/index.php/s/PMvRUUnlSKWI0vd/download
2017-03-13 16:16:10-04:00,MATRIZ DE ENCLAVE (EN MILES DE BOLIVIANOS DE 1990) ( 1999),pdf,73.61,https://nube.ine.gob.bo/index.php/s/2swfjecR5aFmnjF/download
2017-03-13 16:16:10-04:00,MATRIZ DE ENCLAVE (EN MILES DE BOLIVIANOS) ( 1989),pdf,51.47,https://nube.ine.gob.bo/index.php/s/Lx0D9HIxvSPLZRZ/download
2017-03-13 16:16:10-04:00,MATRIZ DE ENCLAVE (EN MILES DE BOLIVIANOS) ( 1990),pdf,13.12,https://nube.ine.gob.bo/index.php/s/IC6pwdtYLOUkqDs/download
2017-03-13 16:16:10-04:00,MATRIZ DE TRANSFERENCIAS DE CAPITAL ( 1993),pdf,5.86,https://nube.ine.gob.bo/index.php/s/Dq9BbWsDrS4r5Zq/download
2017-03-13 16:16:10-04:00,MATRIZ DE ENCLAVE (EN MILES DE BOLIVIANOS DE 1990) ( 1993),pdf,13.12,https://nube.ine.gob.bo/index.php/s/CvYduglY4aqjkDK/download
2017-03-13 16:16:10-04:00,MATRIZ DE ENCLAVE (EN MILES DE BOLIVIANOS DE 1990) ( 1988),pdf,13.09,https://nube.ine.gob.bo/index.php/s/C69bOhQkIu8dfm8/download
2017-03-13 16:16:10-04:00,MATRIZ DE ENCLAVE (EN MILES DE BOLIVIANOS DE 1990) ( 2000),pdf,73.38,https://nube.ine.gob.bo/index.php/s/7LiUU0aUzEUBCNk/download
2017-03-13 16:16:10-04:00,MATRIZ DE TRANSFERENCIAS DE CAPITAL ( 1996),pdf,5.32,https://nube.ine.gob.bo/index.php/s/7Kn4eJnmRKiRgtj/download
2017-03-13 16:16:10-04:00,MATRIZ DE ENCLAVE (EN MILES DE BOLIVIANOS DE 1990) ( 1989),pdf,13.19,https://nube.ine.gob.bo/index.php/s/PSEGsX09pxwUMzx/download
2017-03-13 16:16:10-04:00,MATRIZ DE ENCLAVE (EN MILES DE BOLIVIANOS DE 1990) ( 1996),pdf,23.32,https://nube.ine.gob.bo/index.php/s/0cYNDCD14sxQzpA/download
2017-03-13 16:16:12-04:00,MATRIZ DE ENCLAVE (EN MILES DE BOLIVIANOS DE 1990) ( 1995),pdf,13.06,https://nube.ine.gob.bo/index.php/s/beo4sRXaWylNZkI/download
2017-03-13 16:16:12-04:00,MATRIZ DE ENCLAVE (EN MILES DE BOLIVIANOS) ( 2000),pdf,74.88,https://nube.ine.gob.bo/index.php/s/fvOr9PMyydafdzB/download
2017-03-13 16:16:12-04:00,MATRIZ DE ENCLAVE (EN MILES DE BOLIVIANOS DE 1990) ( 1998),pdf,74.58,https://nube.ine.gob.bo/index.php/s/joueKnJfgiWdHlI/download
2017-03-13 16:16:12-04:00,MATRIZ DE TRANSFERENCIAS DE CAPITAL ( 1990),pdf,58.55,https://nube.ine.gob.bo/index.php/s/SqlVZIvWM0qobpM/download
2017-03-13 16:16:12-04:00,MATRIZ DE ENCLAVE (EN MILES DE BOLIVIANOS) ( 1991),pdf,9.33,https://nube.ine.gob.bo/index.php/s/sAL30AMKJsFxWTr/download
2017-03-13 16:16:12-04:00,MATRIZ DE ENCLAVE (EN MILES DE BOLIVIANOS) ( 1996),pdf,23.27,https://nube.ine.gob.bo/index.php/s/uDtS78jVKIWvcRl/download
2017-03-13 16:16:12-04:00,MATRIZ DE ENCLAVE (EN MILES DE BOLIVIANOS) ( 1992),pdf,13.11,https://nube.ine.gob.bo/index.php/s/lWZsgbjvQUi2UBC/download
2017-03-13 16:16:12-04:00,MATRIZ DE TRANSFERENCIAS DE CAPITAL ( 1995),pdf,5.34,https://nube.ine.gob.bo/index.php/s/LK5CR7p3Kg34YAj/download
2017-03-13 16:16:12-04:00,MATRIZ DE ENCLAVE (EN MILES DE BOLIVIANOS DE 1990) ( 1992),pdf,13.17,https://nube.ine.gob.bo/index.php/s/wWlag3cSc35jdRC/download
2017-03-13 16:16:12-04:00,MATRIZ DE ENCLAVE (EN MILES DE BOLIVIANOS) ( 1994),pdf,13.03,https://nube.ine.gob.bo/index.php/s/FkiAGWvjvR8Lzcc/download
2017-03-13 16:16:12-04:00,MATRIZ DE ENCLAVE (EN MILES DE BOLIVIANOS DE 1990) ( 1997),pdf,9.15,https://nube.ine.gob.bo/index.php/s/FequIIc0BZEeAgb/download
2017-03-13 16:16:12-04:00,MATRIZ DE TRANSFERENCIAS DE CAPITAL ( 1989),pdf,58.19,https://nube.ine.gob.bo/index.php/s/B4ncYcwR8T2kgZJ/download
2017-03-13 16:16:12-04:00,MATRIZ DE TRANSFERENCIAS CORRIENTES ( 1995),pdf,56.97,https://nube.ine.gob.bo/index.php/s/AIoSUQ8M3UtjWYL/download
2017-03-13 16:16:12-04:00,MATRIZ DE TRANSFERENCIAS CORRIENTES ( 1990),pdf,60.37,https://nube.ine.gob.bo/index.php/s/4OA1ETdxupDwAZ0/download
2017-03-13 16:16:12-04:00,MATRIZ DE TRANSFERENCIAS DE CAPITAL ( 1997),pdf,5.46,https://nube.ine.gob.bo/index.php/s/4MVgcNQjvppQS4S/download
2017-03-13 16:16:12-04:00,MATRIZ DE ENCLAVE (EN MILES DE BOLIVIANOS) ( 1999),pdf,74.65,https://nube.ine.gob.bo/index.php/s/2IYziTWsnvSAop1/download
2017-03-13 16:16:12-04:00,MATRIZ DE TRANSFERENCIAS CORRIENTES ( 1992),pdf,60.24,https://nube.ine.gob.bo/index.php/s/GwUnk61aF306iyj/download
2017-03-13 16:16:14-04:00,MATRIZ DE TRANSFERENCIAS CORRIENTES ( 1996),pdf,55.23,https://nube.ine.gob.bo/index.php/s/VfkzcPrZrf5ofPg/download
2017-03-13 16:16:14-04:00,MATRIZ DE ENCLAVE (EN MILES DE BOLIVIANOS) ( 1995),pdf,13.17,https://nube.ine.gob.bo/index.php/s/Sivu7BE8vsewrnZ/download
2017-03-13 16:16:14-04:00,MATRIZ DE ENCLAVE (EN MILES DE BOLIVIANOS) ( 1998),pdf,74.93,https://nube.ine.gob.bo/index.php/s/mlEjMyBLY7KFaqo/download
2017-03-13 16:16:14-04:00,MATRIZ DE TRANSFERENCIAS DE CAPITAL ( 1994),pdf,5.85,https://nube.ine.gob.bo/index.php/s/6f5lEDOc0V7SoRR/download
2017-03-13 16:16:14-04:00,MATRIZ DE ENCLAVE (EN MILES DE BOLIVIANOS DE 1990) ( 1994),pdf,13.08,https://nube.ine.gob.bo/index.php/s/1yLTp6Pjc6VzhOf/download
2017-03-13 16:16:14-04:00,MATRIZ DE ENCLAVE (EN MILES DE BOLIVIANOS) ( 1993),pdf,12.99,https://nube.ine.gob.bo/index.php/s/F69kSUF0JLRNWqj/download
2020-06-11 18:50:29-04:00,EXPORTACIONES 1996,spreadsheet,1755.52,https://nube.ine.gob.bo/index.php/s/vuP5coqXwzhCt7b/download
2020-06-11 19:53:05-04:00,EXPORTACIONES 1992,spreadsheet,1053.68,https://nube.ine.gob.bo/index.php/s/Ut6sdEkDdQDe7cK/download
2020-06-11 19:53:18-04:00,EXPORTACIONES 1993,spreadsheet,1156.11,https://nube.ine.gob.bo/index.php/s/a0ALCXWZ2BiHVCG/download
2020-06-11 19:53:32-04:00,EXPORTACIONES 1994,spreadsheet,1309.98,https://nube.ine.gob.bo/index.php/s/yRuk5RlZXjtdyRp/download
2020-06-11 19:53:48-04:00,EXPORTACIONES 1995,spreadsheet,1475.24,https://nube.ine.gob.bo/index.php/s/q1mDAyDxct3k5Hw/download
2020-06-11 19:54:03-04:00,EXPORTACIONES 1997,spreadsheet,1881.00,https://nube.ine.gob.bo/index.php/s/5Tq286VhouIjedN/download
2020-06-11 19:54:23-04:00,EXPORTACIONES 1998,spreadsheet,1959.85,https://nube.ine.gob.bo/index.php/s/6LGbB1oeorph7rf/download
2020-06-11 19:54:36-04:00,EXPORTACIONES 1999,spreadsheet,2103.36,https://nube.ine.gob.bo/index.php/s/MrpAmiy74w6qIDf/download
2020-06-11 19:55:45-04:00,EXPORTACIONES 2010,spreadsheet,3809.55,https://nube.ine.gob.bo/index.php/s/e57xVJPXHDNN0xD/download
2020-06-11 19:55:55-04:00,EXPORTACIONES 2009,spreadsheet,3369.41,https://nube.ine.gob.bo/index.php/s/ZPGcj0Asa7Aupuj/download
2020-06-11 19:56:04-04:00,EXPORTACIONES 2008,spreadsheet,3831.66,https://nube.ine.gob.bo/index.php/s/I1f3ccAobtmKl46/download
2020-06-11 19:56:14-04:00,EXPORTACIONES 2007,spreadsheet,3828.25,https://nube.ine.gob.bo/index.php/s/UbNWawG3yDGHM8i/download
2020-06-11 19:56:21-04:00,EXPORTACIONES 2006,spreadsheet,3816.43,https://nube.ine.gob.bo/index.php/s/IU5k9SDbDDwkEnh/download
2020-06-11 19:56:33-04:00,EXPORTACIONES 2005,spreadsheet,3718.40,https://nube.ine.gob.bo/index.php/s/eyh7xIlt2j3ZwNt/download
2020-06-11 19:56:42-04:00,EXPORTACIONES 2004,spreadsheet,3286.61,https://nube.ine.gob.bo/index.php/s/liVwBxOHGV56EML/download
2020-06-11 19:56:52-04:00,EXPORTACIONES 2003,spreadsheet,2814.58,https://nube.ine.gob.bo/index.php/s/KACkFPi22psY8JA/download
2020-06-11 19:56:59-04:00,EXPORTACIONES 2002,spreadsheet,2507.06,https://nube.ine.gob.bo/index.php/s/slNqZSwZ5VixvFZ/download
2020-06-11 19:57:07-04:00,EXPORTACIONES 2001,spreadsheet,2657.35,https://nube.ine.gob.bo/index.php/s/BqUZbFjmVhvGaHz/download
2020-06-11 19:57:13-04:00,EXPORTACIONES 2000,spreadsheet,2498.62,https://nube.ine.gob.bo/index.php/s/KqReNCWxwjR35ka/download
2020-06-11 19:58:58-04:00,EXPORTACIONES 2017,spreadsheet,12470.28,https://nube.ine.gob.bo/index.php/s/EdZNWPiAyaUpcYF/download
2020-06-11 19:59:06-04:00,EXPORTACIONES 2016,spreadsheet,3118.33,https://nube.ine.gob.bo/index.php/s/KNrVnu47Sn8DuId/download
2020-06-11 19:59:20-04:00,EXPORTACIONES 2015,spreadsheet,3406.07,https://nube.ine.gob.bo/index.php/s/5uwd1HLAGsJ7Bnm/download
2020-06-11 19:59:29-04:00,EXPORTACIONES 2014,spreadsheet,3531.83,https://nube.ine.gob.bo/index.php/s/nZPh8u69bWU5c2F/download
2020-06-11 19:59:39-04:00,EXPORTACIONES 2013,spreadsheet,3489.00,https://nube.ine.gob.bo/index.php/s/u3bLnoGMdFjUeyq/download
2020-06-11 19:59:51-04:00,EXPORTACIONES 2012,spreadsheet,3634.30,https://nube.ine.gob.bo/index.php/s/HrZ2fbpq29lJGaT/download
2020-06-11 20:00:00-04:00,EXPORTACIONES 2011,spreadsheet,3585.75,https://nube.ine.gob.bo/index.php/s/IY5oaX2f4Mxx6OE/download
2020-08-12 12:54:11-04:00,Clasificación de Enfermedades Parásitos que afectan a los animales Rev.,spreadsheet,35.46,https://nube.ine.gob.bo/index.php/s/DPkGrwkWgZoswmv/download
2020-08-12 13:00:29-04:00,Clasificación de Abonos Final 2015,spreadsheet,21.99,https://nube.ine.gob.bo/index.php/s/8YC1Hspf1OMip3I/download
2020-08-12 13:00:35-04:00,Clasificación CPAB-2015 EA FINAL 29-07-2016,pdf,4821.64,https://nube.ine.gob.bo/index.php/s/84yFNfYeU0dzS5h/download
2020-08-12 13:00:37-04:00,Anexo 8 Documento de plan de tabulados,pdf,895.56,https://nube.ine.gob.bo/index.php/s/1IglgIvr3OE35LH/download
2020-08-12 13:00:54-04:00,Anexo 5 Manual del Supervisor,pdf,1417.31,https://nube.ine.gob.bo/index.php/s/XOLe5y45IUucD79/download
2020-08-12 13:00:57-04:00,Anexo 4 Manual Encuestador,pdf,3529.96,https://nube.ine.gob.bo/index.php/s/rqe5DHOxdbcti0q/download
2020-08-12 13:01:00-04:00,Anexo 3 Plan de Capacitación,pdf,236.04,https://nube.ine.gob.bo/index.php/s/w2yG7tZrBcFjHHJ/download
2020-08-12 13:01:08-04:00,Anexo 1 Boletas de Encuesta,pdf,1601.44,https://nube.ine.gob.bo/index.php/s/piIrQFKU1ekGK1D/download
2020-08-12 13:01:13-04:00,Normativa Técnica Operación Estadística Encuesta Agropecuaria 2015,pdf,1527.00,https://nube.ine.gob.bo/index.php/s/DZlq79gIjmsTDeK/download
2020-08-12 13:01:15-04:00,RES..ADM..DGE 078-2017,pdf,266.61,https://nube.ine.gob.bo/index.php/s/s8mtdtYOPOIUe28/download
2020-08-12 13:31:29-04:00,Anexo 2 Diseño Muestral final,pdf,1517.50,https://nube.ine.gob.bo/index.php/s/0pWO1qhJx0TQcn1/download
2020-08-12 13:34:57-04:00,Anexo 6 Plan de Codificación,pdf,488.18,https://nube.ine.gob.bo/index.php/s/0LytrDjUOtCfi8E/download
2020-08-12 13:35:39-04:00,Anexo 7 Criterios de Consistencia Automática,pdf,1910.63,https://nube.ine.gob.bo/index.php/s/Nq0hpy0X5tPLlLg/download
2020-08-14 08:52:35-04:00,BOLETÍN ESTADÍSTICO PRECIOS INTERNACIONALES JULIO 2020,pdf,5394.41,https://nube.ine.gob.bo/index.php/s/ClGR8A5qCeBfIiL/download
2020-08-19 19:20:37-04:00,BOLETÍN ESTADÍSTICO COMEX ENERO A JULIO 2020,pdf,4754.80,https://nube.ine.gob.bo/index.php/s/JTuX9uTJQOnJI2L/download
2020-08-20 08:36:27-04:00,Metodologías para el Fortalecimiento de Registros Administrativos Bolivia,pdf,71441.63,https://nube.ine.gob.bo/index.php/s/0FsuVoPCoKbYF4N/download
2020-10-22 10:53:22-04:00,BOLETÍN ESTADÍSTICO COMEX ENERO A AGOSTO 2018 Y 2019 CIFRAS PRELIMINARES,pdf,2706.46,https://nube.ine.gob.bo/index.php/s/D5tfRfHAEy7mL3A/download
2020-11-18 17:40:00-04:00,BOLETÍN ESTADÍSTICO COMEX ENERO A OCTUBRE 2020,pdf,5248.06,https://nube.ine.gob.bo/index.php/s/0WP2GDNtp0rM3ib/download
2020-12-18 11:27:21-04:00,Fichas técnicas de indicadores pobreza monetaria,rar,3586.18,https://nube.ine.gob.bo/index.php/s/16vkjHhuMZ6tVjt/download
2020-12-18 11:27:28-04:00,Sintaxis para cálculo de variables de pobreza monetaria,stream,2.47,https://nube.ine.gob.bo/index.php/s/sCcAsYbb9DZIx1s/download
2020-12-18 11:28:31-04:00,"Nota técnica LP01/2020, ",pdf,246.13,https://nube.ine.gob.bo/index.php/s/9BPKBogjQRY93va/download
2020-12-18 11:28:44-04:00,15- 07-2020,pdf,246.13,https://nube.ine.gob.bo/index.php/s/o93pumr9HfRwlzq/download
2020-12-18 11:29:02-04:00,Sintaxis para el cálculo de líneas de pobreza ,rar,747.62,https://nube.ine.gob.bo/index.php/s/D1qudkfX22Bwuob/download
2020-12-18 11:29:06-04:00,Bases de datos ajustadas para el cálculo de líneas de pobreza,rar,30349.12,https://nube.ine.gob.bo/index.php/s/a5Lz0AjTXujR46x/download
2020-12-18 11:29:09-04:00,Documento metodológico ejecutivo sobre el cálculo de líneas de pobreza,pdf,3382.31,https://nube.ine.gob.bo/index.php/s/UvhSpL1bRZ1Tj3o/download
2020-12-30 16:49:00-04:00,Encuesta de Hogares 2020,pdf,16078.56,https://nube.ine.gob.bo/index.php/s/1ToshtfshPug0MJ/download
2020-12-31 12:25:56-04:00,Fichas técnicas indicadores,pdf,553.98,https://nube.ine.gob.bo/index.php/s/QPJPZcnUFN1lT1f/download
2020-12-31 16:12:53-04:00,Cuestionario ENNA 2019,pdf,974.74,https://nube.ine.gob.bo/index.php/s/cNfd5uSr7BqBQ3i/download
2021-01-28 08:31:16-04:00,"Índice General, Variación Mensual, Acumulada y a 12 Meses",spreadsheet,93.66,https://nube.ine.gob.bo/index.php/s/kVGgyqtobYRsZwv/download
2021-01-28 08:31:39-04:00,"Índice General, Variación Mensual, Acumulada y a 12 Meses por División",excel,212.00,https://nube.ine.gob.bo/index.php/s/I8YCO542YACIeRM/download
2021-01-28 08:32:59-04:00, Índices a Nivel Productos,excel,891.50,https://nube.ine.gob.bo/index.php/s/h7GPusgUMmHc8g8/download
2021-01-28 08:33:28-04:00, Ponderaciones a Nivel Productos,spreadsheet,96.32,https://nube.ine.gob.bo/index.php/s/OhuywO3adSTerX7/download
2021-01-28 08:33:58-04:00,"Índice general, variación mensual, acumulada y a 12 meses de Alimentos",spreadsheet,667.71,https://nube.ine.gob.bo/index.php/s/QPNh5LIASFAG71G/download
2021-01-28 08:34:27-04:00,"Índice general, variación mensual, acumulada y a 12 meses de No Alimentos",spreadsheet,666.88,https://nube.ine.gob.bo/index.php/s/3S2xmPJh7NspwWi/download
2021-01-28 08:35:30-04:00,Precios Promedio,excel,4879.00,https://nube.ine.gob.bo/index.php/s/Jg1shpJgrhLIACe/download
2021-01-28 09:01:54-04:00,"Índice General, Variación Mensual, Acumulada y a 12 Meses",excel,313.00,https://nube.ine.gob.bo/index.php/s/LzucAyViXN7ikbL/download
2021-01-28 09:02:49-04:00,"Índice General, Variación Mensual, Acumulada y a 12 Meses por División",excel,244.00,https://nube.ine.gob.bo/index.php/s/PGiXzEd0Gwyeo07/download
2021-01-28 09:03:17-04:00, Índices a Nivel Productos,excel,1251.50,https://nube.ine.gob.bo/index.php/s/CbH944zbjFvvvWW/download
2021-01-28 09:03:49-04:00, Ponderaciones a Nivel Productos,spreadsheet,94.81,https://nube.ine.gob.bo/index.php/s/mpHp6HeN00MVWPs/download
2021-01-28 09:04:15-04:00,"Índice general, variación mensual, acumulada y a 12 meses de Alimentos",spreadsheet,673.13,https://nube.ine.gob.bo/index.php/s/2q5gIvDnIMfGaP4/download
2021-01-28 09:04:45-04:00,"Índice general, variación mensual, acumulada y a 12 meses de No Alimentos",spreadsheet,672.71,https://nube.ine.gob.bo/index.php/s/o3t5LQvx2lDV4x1/download
2021-01-28 09:05:25-04:00,Precios Promedio,excel,3067.50,https://nube.ine.gob.bo/index.php/s/uD9Zjy5qac68Ggx/download
2021-01-28 11:34:10-04:00,METODOLOGÍA FBCF BASE 1990,pdf,390.93,https://nube.ine.gob.bo/index.php/s/qxLwHEhIJXc43oF/download
2021-03-08 11:15:35-04:00,"Encuesta de Hogares 2019 – Encuesta de Niñas, Niños Adolescente que realiza actividad laboral o trabajan 2019",pdf,2775.75,https://nube.ine.gob.bo/index.php/s/A0yLvPo4XzGmpUT/download
2021-03-08 11:20:49-04:00,Encuesta de Hogares 2018,pdf,2856.20,https://nube.ine.gob.bo/index.php/s/vRDTZUSUaHsiHef/download
2021-03-08 11:21:36-04:00,Encuesta de Hogares 2017,pdf,2101.80,https://nube.ine.gob.bo/index.php/s/G8X5qhAaAiozyyN/download
2021-03-08 11:26:31-04:00,Encuesta de Hogares 2015,pdf,1655.79,https://nube.ine.gob.bo/index.php/s/jCwrpujac6nN8FZ/download
2021-03-08 11:29:16-04:00,"Encuesta de Hogares 2016 – Encuesta de Niñas, Niños Adolescente que realiza actividad laboral o trabajan 2016",pdf,3909.25,https://nube.ine.gob.bo/index.php/s/XUFq07kEW3HIpaB/download
2021-03-15 15:09:30-04:00,Encuesta de Demografía y Salud 2016,pdf,2212.16,https://nube.ine.gob.bo/index.php/s/glK5bS1YHtEzEQk/download
2021-03-15 15:15:06-04:00,Encuesta de Presupuestos Familiares 2016  –  Operativo de Consumo de Alimentos preparados fuera del hogar 2016,pdf,2843.97,https://nube.ine.gob.bo/index.php/s/Ts1EFGkD7aB60Q5/download
2021-03-15 15:31:43-04:00,Encuesta de Prevalencia y Características de Violencia contra las mujeres 2016,pdf,997.88,https://nube.ine.gob.bo/index.php/s/MJDaKLBvt1wnXZR/download
2021-04-01 13:24:37-04:00,ECE_1T_2016,rar,10756.28,https://nube.ine.gob.bo/index.php/s/XwjKXDJcVoDACQb/download
2021-04-01 13:24:40-04:00,ECE_1T_2016 RUR,rar,2145.42,https://nube.ine.gob.bo/index.php/s/UEo2ZoCNUI7dwRm/download
2021-04-01 13:25:08-04:00,ECE_1T_2016 URB,rar,8936.86,https://nube.ine.gob.bo/index.php/s/J8pJBbQCwb84FYz/download
2021-04-01 13:25:27-04:00,ECE_1T_2017 RUR,rar,2102.83,https://nube.ine.gob.bo/index.php/s/MD1jYVwqGWuFV0J/download
2021-04-01 13:25:28-04:00,ECE_1T_2017,rar,10679.45,https://nube.ine.gob.bo/index.php/s/jCB3e29kw7P3sTy/download
2021-04-01 13:25:43-04:00,ECE_1T_2017 URB,rar,8903.81,https://nube.ine.gob.bo/index.php/s/EMRiAF588sLyqUN/download
2021-04-01 13:26:09-04:00,ECE_1T_2018 RUR,rar,1434.91,https://nube.ine.gob.bo/index.php/s/pgu8lOAokPb9DGB/download
2021-04-01 13:26:10-04:00,ECE_1T_2018,rar,7156.20,https://nube.ine.gob.bo/index.php/s/dokNiPPL5sFtZ7Y/download
2021-04-01 13:26:31-04:00,ECE_1T_2018 URB,rar,6080.35,https://nube.ine.gob.bo/index.php/s/Y5Ir0YqQlNmty1w/download
2021-04-01 13:26:42-04:00,ECE_1T_2019,rar,8355.45,https://nube.ine.gob.bo/index.php/s/zZdSqVv9uG1veGN/download
2021-04-01 13:26:56-04:00,ECE_1T_2019 RUR,rar,1322.14,https://nube.ine.gob.bo/index.php/s/VZX2PF6MA9mjFsS/download
2021-04-01 13:27:12-04:00,ECE_1T_2019 URB,rar,7096.17,https://nube.ine.gob.bo/index.php/s/rAvc48NF93z9Pse/download
2021-04-01 13:27:46-04:00,ECE_1T_2020 RUR,rar,1256.12,https://nube.ine.gob.bo/index.php/s/LUzhB6frO7LsScU/download
2021-04-01 13:27:47-04:00,ECE_1T_2020,rar,7707.11,https://nube.ine.gob.bo/index.php/s/hHsr86CUkEJ6K6m/download
2021-04-01 13:28:00-04:00,ECE_1T_2020 URB,rar,6689.86,https://nube.ine.gob.bo/index.php/s/Ck3ocR9b5Sc9XMi/download
2021-04-01 13:28:37-04:00,ECE_2T_2016 RUR,rar,2114.16,https://nube.ine.gob.bo/index.php/s/71ekmEURAjPSvLO/download
2021-04-01 13:28:39-04:00,ECE_2T_2016,rar,10532.90,https://nube.ine.gob.bo/index.php/s/VxbujGnZ0mTPbJq/download
2021-04-01 13:29:36-04:00,ECE_2T_2016 URB,rar,8743.63,https://nube.ine.gob.bo/index.php/s/8sHa7YHx3Bk5wOM/download
2021-04-01 13:30:03-04:00,ECE_2T_2017 RUR,rar,2073.34,https://nube.ine.gob.bo/index.php/s/P0HBIxWmYIxFPoz/download
2021-04-01 13:30:12-04:00,ECE_2T_2017,rar,10744.85,https://nube.ine.gob.bo/index.php/s/jkmgL9RX7QzI4da/download
2021-04-01 13:30:26-04:00,ECE_2T_2017 URB,rar,8985.05,https://nube.ine.gob.bo/index.php/s/GicSiVwvxD1hlWG/download
2021-04-01 14:34:40-04:00,ECE_2T_2018,rar,7719.68,https://nube.ine.gob.bo/index.php/s/sWbixLz0DaoSdIF/download
2021-04-01 14:35:53-04:00,ECE_2T_2018 RUR,rar,1482.35,https://nube.ine.gob.bo/index.php/s/RWxSRb3cnemfXKj/download
2021-04-01 14:36:22-04:00,ECE_2T_2018 URB,rar,6554.36,https://nube.ine.gob.bo/index.php/s/hKcNVMOhZEcXcOf/download
2021-04-01 14:37:05-04:00,ECE_2T_2019,rar,8903.54,https://nube.ine.gob.bo/index.php/s/eilfe4DO2NvQijG/download
2021-04-01 14:37:30-04:00,ECE_2T_2019 RUR,rar,1374.32,https://nube.ine.gob.bo/index.php/s/Ef0eUwOqG5Tlyea/download
2021-04-01 14:37:51-04:00,ECE_2T_2019 URB,rar,7548.05,https://nube.ine.gob.bo/index.php/s/B64jnxu6JHmqSdV/download
2021-04-01 14:42:31-04:00,ECE_3T_2016,rar,11278.23,https://nube.ine.gob.bo/index.php/s/O6OcAXG7Hz46hak/download
2021-04-01 14:42:57-04:00,ECE_3T_2016 RUR,rar,2195.89,https://nube.ine.gob.bo/index.php/s/rs9tQguzqeCMkfp/download
2021-04-01 14:43:18-04:00,ECE_3T_2016 URB,rar,9330.62,https://nube.ine.gob.bo/index.php/s/DFPaLO13nBzI8sK/download
2021-04-01 14:43:48-04:00,ECE_3T_2017,rar,11407.65,https://nube.ine.gob.bo/index.php/s/g8K0BvXlPunOkcR/download
2021-04-01 14:44:13-04:00,ECE_3T_2017 RUR,rar,2115.15,https://nube.ine.gob.bo/index.php/s/gCXgHRYoNPVqegs/download
2021-04-01 14:44:38-04:00,ECE_3T_2017 URB,rar,9541.60,https://nube.ine.gob.bo/index.php/s/eOJXoZ5WEWF5jjg/download
2021-04-01 14:44:55-04:00,ECE_3T_2018,rar,7460.32,https://nube.ine.gob.bo/index.php/s/McXUTdeBpXKc2hn/download
2021-04-01 14:45:12-04:00,ECE_3T_2018 RUR,rar,1421.44,https://nube.ine.gob.bo/index.php/s/XbIDw7XOjJH6VwS/download
2021-04-01 14:45:33-04:00,ECE_3T_2018 URB,rar,6361.93,https://nube.ine.gob.bo/index.php/s/zunpmMhhOfCQusf/download
2021-04-01 14:45:55-04:00,ECE_3T_2019,rar,8877.21,https://nube.ine.gob.bo/index.php/s/fNYYgun4eGKJwU4/download
2021-04-01 14:46:12-04:00,ECE_3T_2019 RUR,rar,1359.34,https://nube.ine.gob.bo/index.php/s/uK4qwRyErl4WI7h/download
2021-04-01 14:46:35-04:00,ECE_3T_2019 URB,rar,7539.06,https://nube.ine.gob.bo/index.php/s/oruCpdNyDEhJa3i/download
2021-04-01 14:52:04-04:00,ECE_4T_2015,rar,12036.93,https://nube.ine.gob.bo/index.php/s/LIoFIwoNAqOwYrY/download
2021-04-01 14:52:27-04:00,ECE_4T_2015 RUR,rar,2355.26,https://nube.ine.gob.bo/index.php/s/YmadRwK5lt9JShW/download
2021-04-01 14:52:56-04:00,ECE_4T_2015 URB,rar,9940.55,https://nube.ine.gob.bo/index.php/s/HzPiLSCycOWiFWs/download
2021-04-01 14:53:22-04:00,ECE_4T_2016,rar,11361.03,https://nube.ine.gob.bo/index.php/s/kx6SlOja36WOJvq/download
2021-04-01 14:53:42-04:00,ECE_4T_2016 RUR,rar,2220.73,https://nube.ine.gob.bo/index.php/s/HMEqrCdBrvu7GXv/download
2021-04-01 14:54:05-04:00,ECE_4T_2016 URB,rar,9386.67,https://nube.ine.gob.bo/index.php/s/3O0arFRGarvRg7s/download
2021-04-01 14:54:21-04:00,ECE_4T_2017,rar,10075.34,https://nube.ine.gob.bo/index.php/s/bI2CGCL6wFSBvxm/download
2021-04-01 14:54:40-04:00,ECE_4T_2017 RUR,rar,2059.75,https://nube.ine.gob.bo/index.php/s/6X2e9miXWahegfU/download
2021-04-01 14:55:05-04:00,ECE_4T_2017 URB,rar,8414.99,https://nube.ine.gob.bo/index.php/s/VSPQbZ4igSkU5az/download
2021-04-01 14:55:36-04:00,ECE_4T_2018,rar,7290.64,https://nube.ine.gob.bo/index.php/s/xX5bmmsBRpNLrgS/download
2021-04-01 14:55:52-04:00,ECE_4T_2018 RUR,rar,1399.24,https://nube.ine.gob.bo/index.php/s/wJrb2Jkr64eV3YK/download
2021-04-01 14:56:12-04:00,ECE_4T_2018 URB,rar,6209.54,https://nube.ine.gob.bo/index.php/s/DuiPzvqgBmN1E3K/download
2021-04-01 14:56:34-04:00,ECE_4T_2019,rar,8807.38,https://nube.ine.gob.bo/index.php/s/aOhbXJtbWySK1r4/download
2021-04-01 14:56:53-04:00,ECE_4T_2019 RUR,rar,1469.96,https://nube.ine.gob.bo/index.php/s/YBGaIhClko9QJkv/download
2021-04-01 14:57:15-04:00,ECE_4T_2019 URB,rar,7528.38,https://nube.ine.gob.bo/index.php/s/TT5KzisxLMdvTSM/download
2021-04-01 21:33:21-04:00,ECE_3T_2020_URB,rar,7733.10,https://nube.ine.gob.bo/index.php/s/cqheK37YGEctYpN/download
2021-04-01 21:33:54-04:00,ECE_2T_2020_URB,rar,6930.78,https://nube.ine.gob.bo/index.php/s/ep5BpmnyFIUhmJQ/download
2021-04-28 13:03:22-04:00,"AMÉRICA LATINA Y EL CARIBE: ÍNDICE DE DESARROLLO HUMANO Y SUS COMPONENTES, 2015",spreadsheet,5090.31,https://nube.ine.gob.bo/index.php/s/28pMxdt6Wh5mXjD/download
2021-04-28 13:04:54-04:00,"AMÉRICA LATINA Y EL CARIBE: ÍNDICE DE DESARROLLO HUMANO AJUSTADO POR LA DESIGUALDAD, 2015",spreadsheet,5155.49,https://nube.ine.gob.bo/index.php/s/JmupvMmKHOLhyx3/download
2021-04-28 13:16:15-04:00,"AMÉRICA LATINA Y EL CARIBE: TENDENCIA DEL ÍNDICE DE DESARROLLO HUMANO, 2015",spreadsheet,5094.96,https://nube.ine.gob.bo/index.php/s/BufpM1MQ1z5KFBs/download
2021-04-28 13:17:06-04:00,"AMÉRICA LATINA Y EL CARIBE: ÍNDICE DE DESIGUALDAD DE GÉNERO, 2015",spreadsheet,5090.88,https://nube.ine.gob.bo/index.php/s/zhOukVdmwulPvus/download
2021-04-28 13:17:38-04:00,AMÉRICA LATINA Y EL CARIBE: ÍNDICE DE POBREZA MULTIDIMENSIONAL,spreadsheet,5066.35,https://nube.ine.gob.bo/index.php/s/mtKtzQSehL9lyDT/download
2021-05-07 10:17:28-04:00,Ficha Técnica – Salarios Sector Privado,pdf,448.24,https://nube.ine.gob.bo/index.php/s/mN1oIqUGZy5uQ4i/download
2021-05-25 15:13:03-04:00,"Nota técnica P01/2020, 12- 02-2020",pdf,987.30,https://nube.ine.gob.bo/index.php/s/qt9Ix1XfCu0Eymp/download
2021-06-10 15:52:47-04:00,ECE_4T_2020_URB,rar,8206.75,https://nube.ine.gob.bo/index.php/s/yZzKP4CKpc6aRk2/download
2021-08-11 13:37:50-04:00,"BOLIVIA: NIÑAS, NIÑOS Y ADOLESCENTES DE 5 A 17 AÑOS, CON ACTIVIDAD LABORAL O TRABAJO, POR ACTIVIDAD ECONÓMICA, SEGÚN SEXO, GRUPO DE EDAD, ÁREA Y DEPARTAMENTO, 2016 Y 2019",spreadsheet,70.06,https://nube.ine.gob.bo/index.php/s/aS7uN5BXSAWl0Cs/download
2021-08-11 13:39:11-04:00,"BOLIVIA: NIÑAS, NIÑOS Y ADOLESCENTES DE 5 A 17 AÑOS QUE REALIZAN UNA ACTIVIDAD LABORAL O TRABAJO, POR GRUPO DE HORAS LABORALES SEMANALES, SEGÚN CATEGORÍA, 2016 Y 2019",spreadsheet,95.64,https://nube.ine.gob.bo/index.php/s/AAm7N5CxxmTvfNQ/download
2021-08-11 13:41:03-04:00,"BOLIVIA: POBLACIÓN DE 5 A 17 AÑOS, POR SEXO, ASISTENCIA ESCOLAR, PARTICIPACIÓN EN ACTIVIDAD LABORAL O TRABAJO Y ACTIVIDAD DOMÉSTICA DEL HOGAR, SEGÚN ÁREA Y GRUPO DE EDAD, 2016 Y 2019",spreadsheet,71.92,https://nube.ine.gob.bo/index.php/s/ExLewMK2ceEceOM/download
2021-08-11 13:41:17-04:00,"BOLIVIA: POBLACIÓN DE 5 A 17 AÑOS, POR SEXO, ASISTENCIA ESCOLAR, PARTICIPACIÓN EN ACTIVIDAD LABORAL O TRABAJO Y ACTIVIDAD DOMÉSTICA DEL HOGAR, SEGÚN ÁREA Y GRUPO DE EDAD, 2016 Y 2019",spreadsheet,197.89,https://nube.ine.gob.bo/index.php/s/rO8ELpDaMnqLVtV/download
2021-08-11 13:41:26-04:00,"BOLIVIA: NIÑAS, NIÑOS Y ADOLESCENTES DE 5 A 17 AÑOS QUE REALIZAN UNA ACTIVIDAD LABORAL O TRABAJAN, POR CATEGORÍA, SEGÚN SEXO, GRUPO DE EDAD, ÁREA  Y DEPARTAMENTO, 2016 Y 2019",spreadsheet,60.43,https://nube.ine.gob.bo/index.php/s/6XAc8G6yYTNSRAC/download
2021-08-11 13:41:48-04:00,"BOLIVIA: NIÑAS, NIÑOS Y ADOLESCENTES DE 5 A 17 AÑOS QUE REALIZAN UNA ACTIVIDAD LABORAL O TRABAJO, POR GRUPO OCUPACIONAL, SEGÚN SEXO, GRUPO DE EDAD Y ÁREA,  2016 Y 2019",spreadsheet,87.11,https://nube.ine.gob.bo/index.php/s/gCZZjLvitm9e97k/download
2021-08-11 13:43:06-04:00,"BOLIVIA: NIÑAS, NIÑOS Y ADOLESCENTES DE 5 A 17 AÑOS CON ACTIVIDAD LABORAL O TRABAJO, POR CONDICIONES EN LAS QUE LO REALIZA, SEGÚN CATEGORÍA, 2016 Y 2019",spreadsheet,1096.33,https://nube.ine.gob.bo/index.php/s/kMHDGTnc61T5OUr/download
2021-08-24 11:47:49-04:00,Ficha Técnica,pdf,703.10,https://nube.ine.gob.bo/index.php/s/6YmS3003K5E2csw/download
2021-08-30 10:05:14-04:00,"BOLIVIA: NIÑAS, NIÑOS Y ADOLESCENTES DE 5 A 17 AÑOS CON ACTIVIDAD LABORAL O TRABAJO, POR GRUPO DE HORAS LABORALES SEMANALES, SEGÚN SEXO, GRUPO DE EDAD, ÁREA Y DEPARTAMENTO, 2016 Y 2019",spreadsheet,334.41,https://nube.ine.gob.bo/index.php/s/zjfOjTm9BZpVjPi/download
2021-09-15 12:27:33-04:00,Manual de Procesos y Procedimientos – Diseño e Implementación de Operativos de Campo de Censos y Encuestas del Área Económica,zip,23968.86,https://nube.ine.gob.bo/index.php/s/ZAuOxTInkzI6jfB/download
2021-09-22 12:26:45-04:00,Manual de Procesos y Procedimientos – Diseño Implementación Operativos de Campo Área Social,zip,32010.19,https://nube.ine.gob.bo/index.php/s/LN7MwVvnEntCAqs/download
2021-09-28 09:55:50-04:00,EXPORTACIONES 2019,spreadsheet,3424.43,https://nube.ine.gob.bo/index.php/s/NynkfVU0xKa1TVZ/download
2021-09-28 09:55:50-04:00,EXPORTACIONES RITEX 2019,spreadsheet,48.33,https://nube.ine.gob.bo/index.php/s/QEv4TNTRnZtHtTJ/download
2021-09-28 10:19:58-04:00,IMPORTACIONES 2019,spreadsheet,66627.13,https://nube.ine.gob.bo/index.php/s/vpoXdzn8epcGCob/download
2021-09-30 19:23:32-04:00,ECE_1T_2021 RUR,rar,1295.26,https://nube.ine.gob.bo/index.php/s/98TrEkt5yz3z2Iz/download
2021-09-30 19:23:32-04:00,ECE_1T_2021 URB,rar,8490.42,https://nube.ine.gob.bo/index.php/s/YdFC1YwDz1Awo3Z/download
2021-09-30 19:23:32-04:00,ECE_1T_2021,rar,9779.36,https://nube.ine.gob.bo/index.php/s/pylqZhBHo2yBgMp/download
2021-10-11 09:19:06-04:00,Encuesta de Hogares 2021,pdf,10998.73,https://nube.ine.gob.bo/index.php/s/ATIJkziaDkRV4Ks/download
2021-10-21 13:52:45-04:00,"BOLIVIA: AÑOS PROMEDIO DE ESTUDIO DE LA POBLACIÓN DE 19 AÑOS O MÁS EDAD POR SEXO, SEGÚN ÁREA Y DEPARTAMENTO, CENSOS 1992, 2001 Y 2012",spreadsheet,53.23,https://nube.ine.gob.bo/index.php/s/BZAZTNcH2yrAFRn/download
2021-10-21 14:50:48-04:00,"BOLIVIA: POBLACIÓN MATRICULADA EN LA UNIVERSIDAD PRIVADA, SEGÚN TIPO DE MATRÍCULA Y DEPARTAMENTO, 2007 – 2016",spreadsheet,54.88,https://nube.ine.gob.bo/index.php/s/TVJEDR8OEWbRo9J/download
2021-10-21 15:52:22-04:00,"BOLIVIA – CONSUMO INTERMEDIO, 2010, 2012, 2017",spreadsheet,66.11,https://nube.ine.gob.bo/index.php/s/oSZt0IernpqNZd7/download
2021-10-21 15:52:41-04:00,"BOLIVIA – NÚMERO DE PERSONAL OCUPADO, 2010, 2012, 2017",spreadsheet,65.85,https://nube.ine.gob.bo/index.php/s/btxcCe9p7V73op1/download
2021-10-21 15:55:47-04:00,"BOLIVIA – NÚMERO DE EMPRESAS, 2010, 2012, 2017",spreadsheet,65.72,https://nube.ine.gob.bo/index.php/s/pkhlfsfnE4SxIKv/download
2021-10-21 16:25:12-04:00,"BOLIVIA: HOGARES SEGÚN ÁREA, PROCEDENCIA Y DISTRIBUCIÓN DEL AGUA EN LA VIVIENDA, POR DEPARTAMENTO, CENSOS 1992, 2001 Y 2012",spreadsheet,202.55,https://nube.ine.gob.bo/index.php/s/63OXWVfpvsTtSvI/download
2021-10-21 16:26:11-04:00,"BENI: DISPOSICIÓN DE LA BASURA EN LA VIVIENDA, SEGÚN PROVINCIA Y MUNICIPIO, CENSO 2012",spreadsheet,59.14,https://nube.ine.gob.bo/index.php/s/TQoEt7QEPAHLney/download
2021-10-21 16:26:20-04:00,"SANTA CRUZ: DISPOSICIÓN DE LA BASURA EN LA VIVIENDA, SEGÚN PROVINCIA Y MUNICIPIO, CENSO 2012",spreadsheet,66.77,https://nube.ine.gob.bo/index.php/s/A1YujMAuGDFHqaK/download
2021-10-21 16:26:33-04:00,"TARIJA: DISPOSICIÓN DE LA BASURA EN LA VIVIENDA, SEGÚN PROVINCIA Y MUNICIPIO, CENSO 2012",spreadsheet,65.06,https://nube.ine.gob.bo/index.php/s/f4PZiXXQ0BNnBl9/download
2021-10-21 16:26:46-04:00,"POTOSÍ: DISPOSICIÓN DE LA BASURA EN LA VIVIENDA, SEGÚN PROVINCIA Y MUNICIPIO, CENSO 2012",spreadsheet,80.34,https://nube.ine.gob.bo/index.php/s/mmjobzsWAj4iDyP/download
2021-10-21 16:26:55-04:00,"ORURO: DISPOSICIÓN DE LA BASURA EN LA VIVIENDA, SEGÚN PROVINCIA Y MUNICIPIO, CENSO 2012",spreadsheet,91.48,https://nube.ine.gob.bo/index.php/s/x5UOqgNKfsvdvvJ/download
2021-10-21 16:27:05-04:00,"COCHABAMBA: DISPOSICIÓN DE LA BASURA EN LA VIVIENDA, SEGÚN PROVINCIA Y MUNICIPIO, CENSO 2012",spreadsheet,99.70,https://nube.ine.gob.bo/index.php/s/EAj7geGXSLsCAPI/download
2021-10-21 16:27:19-04:00,"LA PAZ: DISPOSICIÓN DE LA BASURA EN LA VIVIENDA, SEGÚN PROVINCIA Y MUNICIPIO, CENSO 2012",spreadsheet,136.74,https://nube.ine.gob.bo/index.php/s/rhJaO0Zavp9RbCT/download
2021-10-21 16:27:31-04:00,"CHUQUISACA: DISPOSICIÓN DE LA BASURA EN LA VIVIENDA, SEGÚN PROVINCIA Y MUNICIPIO, CENSO 2012",spreadsheet,81.82,https://nube.ine.gob.bo/index.php/s/JcsGRa7JnMMZwxP/download
2021-10-21 16:27:40-04:00,"BOLIVIA: POBLACIÓN SEGÚN ÁREA Y COBERTURA DE AGUA Y SANEAMIENTO, POR DEPARTAMENTO, CENSOS 2001 Y 2012",spreadsheet,382.37,https://nube.ine.gob.bo/index.php/s/LHLSgs1zuT4lnUJ/download
2021-10-21 16:27:49-04:00,"PANDO: ACCESO A SERVICIOS BÁSICOS EN LA VIVIENDA, SEGÚN PROVINCIA Y MUNICIPIO, CENSO 2012",spreadsheet,51.72,https://nube.ine.gob.bo/index.php/s/DDsMso2SokaHBsu/download
2021-10-21 16:28:00-04:00,"BENI: ACCESO A SERVICIOS BÁSICOS EN LA VIVIENDA, SEGÚN PROVINCIA Y MUNICIPIO, CENSO 2012",spreadsheet,60.28,https://nube.ine.gob.bo/index.php/s/b6vEH92LI7WC2fX/download
2021-10-21 16:28:07-04:00,"SANTA CRUZ: ACCESO A SERVICIOS BÁSICOS EN LA VIVIENDA, SEGÚN PROVINCIA Y MUNICIPIO, CENSO 2012",spreadsheet,94.88,https://nube.ine.gob.bo/index.php/s/RttF0MfiJRYnbRR/download
2021-10-21 16:28:14-04:00,"PANDO: DISPOSICIÓN DE LA BASURA EN LA VIVIENDA, SEGÚN PROVINCIA Y MUNICIPIO, CENSO 2012",spreadsheet,56.98,https://nube.ine.gob.bo/index.php/s/bn8A6EWq2H3uju5/download
2021-10-21 16:28:31-04:00,"POTOSÍ: ACCESO A SERVICIOS BÁSICOS EN LA VIVIENDA, SEGÚN PROVINCIA Y MUNICIPIO, CENSO 2012",spreadsheet,63.98,https://nube.ine.gob.bo/index.php/s/hDrjs3648ooZHFZ/download
2021-10-21 16:29:01-04:00,"BENI: PRINCIPALES CARACTERÍSTICAS DE LA VIVIENDA, SEGÚN PROVINCIA Y MUNICIPIO, CENSO 2012",spreadsheet,60.08,https://nube.ine.gob.bo/index.php/s/bG30jZm2RhNXGAC/download
2021-10-21 16:29:10-04:00,"SANTA CRUZ: PRINCIPALES CARACTERÍSTICAS DE LA VIVIENDA, SEGÚN PROVINCIA Y MUNICIPIO, CENSO 2012",spreadsheet,67.97,https://nube.ine.gob.bo/index.php/s/i2VJZKLTNfuV9X0/download
2021-10-21 16:29:18-04:00,"POTOSÍ: PRINCIPALES CARACTERÍSTICAS DE LA VIVIENDA, SEGÚN PROVINCIA Y MUNICIPIO, CENSO 2012",spreadsheet,64.95,https://nube.ine.gob.bo/index.php/s/LhJ47uInStnKvxu/download
2021-10-21 16:29:26-04:00,"ORURO: PRINCIPALES CARACTERÍSTICAS DE LA VIVIENDA, SEGÚN PROVINCIA Y MUNICIPIO, CENSO 2012",spreadsheet,63.34,https://nube.ine.gob.bo/index.php/s/JaiftF9eoTLOGjj/download
2021-10-21 16:29:33-04:00,"COCHABAMBA: PRINCIPALES CARACTERÍSTICAS DE LA VIVIENDA, SEGÚN PROVINCIA Y MUNICIPIO, CENSO 2012",spreadsheet,64.18,https://nube.ine.gob.bo/index.php/s/KC4h5dXYtzd7h4N/download
2021-10-21 16:29:41-04:00,"LA PAZ: PRINCIPALES CARACTERÍSTICAS DE LA VIVIENDA, SEGÚN PROVINCIA Y MUNICIPIO, CENSO 2012",spreadsheet,59.81,https://nube.ine.gob.bo/index.php/s/YjT4QxyKqeYsYFf/download
2021-10-21 16:29:50-04:00,"CHUQUISACA: PRINCIPALES CARACTERÍSTICAS DE LA VIVIENDA, SEGÚN PROVINCIA Y MUNICIPIO, CENSO 2012",spreadsheet,56.80,https://nube.ine.gob.bo/index.php/s/1O5jNhz5t8Tj3d1/download
2021-10-21 16:29:59-04:00,"BOLIVIA: MATERIALES MÁS UTILIZADOS EN LA CONSTRUCCIÓN DE PAREDES, TECHOS Y PISOS DE LA VIVIENDA POR DEPARTAMENTO, SEGÚN ÁREA, CENSOS 1992, 2001 Y 2012",spreadsheet,121.99,https://nube.ine.gob.bo/index.php/s/EswPxrnJGStttuH/download
2021-10-21 16:30:06-04:00,"BOLIVIA: PERSONAS POR DORMITORIO, HABITACIÓN Y DISPONIBILIDAD DE CUARTO EXCLUSIVO PARA COCINAR EN LA VIVIENDA POR DEPARTAMENTO, SEGÚN ÁREA, CENSOS 1992, 2001 Y 2012",spreadsheet,67.20,https://nube.ine.gob.bo/index.php/s/Qyw7BAHhHoS2kP7/download
2021-10-21 16:30:13-04:00,"BOLIVIA: TENENCIA DE LA VIVIENDA POR DEPARTAMENTO, SEGÚN ÁREA, CENSOS 1992, 2001 Y 2012",spreadsheet,57.47,https://nube.ine.gob.bo/index.php/s/UgVYqAzZbpFgodB/download
2021-10-21 16:30:20-04:00,"PANDO: PRINCIPALES CARACTERÍSTICAS DE LA VIVIENDA, SEGÚN PROVINCIA Y MUNICIPIO, CENSO 2012",spreadsheet,58.97,https://nube.ine.gob.bo/index.php/s/K7WqJjGahgPzkVt/download
2021-10-21 16:30:29-04:00,"ORURO: ACCESO A SERVICIOS BÁSICOS EN LA VIVIENDA, SEGÚN PROVINCIA Y MUNICIPIO, CENSO 2012",spreadsheet,67.18,https://nube.ine.gob.bo/index.php/s/QdJv7c6L8bLQUaV/download
2021-10-21 16:32:21-04:00,"COCHABAMBA: ACCESO A SERVICIOS BÁSICOS EN LA VIVIENDA, SEGÚN PROVINCIA Y MUNICIPIO, CENSO 2012",spreadsheet,65.18,https://nube.ine.gob.bo/index.php/s/hctRnafq59q3J3y/download
2021-10-21 16:32:34-04:00,"TARIJA: ACCESO A SERVICIOS BÁSICOS EN LA VIVIENDA, SEGÚN PROVINCIA Y MUNICIPIO, CENSO 2012",spreadsheet,55.16,https://nube.ine.gob.bo/index.php/s/dnJhTIwCFmq5hXv/download
2021-10-21 16:32:45-04:00,"BOLIVIA: HOGARES SEGÚN ÁREA, DISPONIBILIDAD, MODALIDAD DE USO Y DESAGÜE DEL BAÑO POR DEPARTAMENTO, CENSOS 1992, 2001 Y 2012",spreadsheet,506.94,https://nube.ine.gob.bo/index.php/s/hYWIRsrj10zPxqB/download
2021-10-21 16:32:57-04:00,"BOLIVIA: HOGARES SEGÚN ÁREA, DISPONIBILIDAD DE ENERGÍA ELÉCTRICA Y PRINCIPAL COMBUSTIBLE UTILIZADO PARA COCINAR, POR DEPARTAMENTO, CENSOS 1992, 2001 Y 2012",spreadsheet,53.04,https://nube.ine.gob.bo/index.php/s/8OIAAeHumhr3JW8/download
2021-10-21 16:33:10-04:00,"CHUQUISACA: ACCESO A SERVICIOS BÁSICOS EN LA VIVIENDA, SEGÚN PROVINCIA Y MUNICIPIO, CENSO 2012",spreadsheet,44.75,https://nube.ine.gob.bo/index.php/s/CBIwZLinAcaL2JN/download
2021-10-21 16:33:23-04:00,"LA PAZ: ACCESO A SERVICIOS BÁSICOS EN LA VIVIENDA, SEGÚN PROVINCIA Y MUNICIPIO, CENSO 2012",spreadsheet,71.58,https://nube.ine.gob.bo/index.php/s/QQCocrpIKDfOQmp/download
2021-10-21 16:33:35-04:00,"TARIJA: PRINCIPALES CARACTERÍSTICAS DE LA VIVIENDA, SEGÚN PROVINCIA Y MUNICIPIO, CENSO 2012",spreadsheet,49.93,https://nube.ine.gob.bo/index.php/s/0Jm8WUBJaj3afiI/download
2021-10-21 16:39:31-04:00,"BOLIVIA: MORTALIDAD NEONATAL, POST-NEONATAL, INFANTIL, POST-INFANTIL Y EN LA NIÑEZ, POR ÁREA Y DEPARTAMENTO, 1989 – 2016",spreadsheet,40.52,https://nube.ine.gob.bo/index.php/s/xo0uyg6RwvcnTBJ/download
2021-10-21 16:39:50-04:00,"BOLIVIA: MUJERES, POR PERSONA QUE PROPORCIONÓ EL CUIDADO PRENATAL PARA EL ÚLTIMO NACIMIENTO, SEGÚN ÁREA Y DEPARTAMENTO, 2003, 2008 Y 2016",spreadsheet,40.95,https://nube.ine.gob.bo/index.php/s/DoZd64DI9qeBP3J/download
2021-10-21 16:40:11-04:00,"BOLIVIA: MUJERES DE 15 A 49 AÑOS, POR TIPO DE ANEMIA, SEGÚN ÁREA Y DEPARTAMENTO, 2003, 2008 Y 2016",spreadsheet,40.60,https://nube.ine.gob.bo/index.php/s/ZCor40rRDOJyVFT/download
2021-10-21 16:40:32-04:00,"BOLIVIA: NIÑAS Y NIÑOS DE 6 A 59 MESES, POR TIPO DE ANEMIA, SEGÚN ÁREA Y DEPARTAMENTO, 2003, 2008 Y 2016",spreadsheet,40.65,https://nube.ine.gob.bo/index.php/s/Da2ZgSHRUHmd9cn/download
2021-10-21 16:40:52-04:00,"BOLIVIA: TASA GLOBAL DE FECUNDIDAD, SEGÚN ÁREA Y DEPARTAMENTO, 1994, 1998, 2003, 2008 Y 2016",spreadsheet,38.47,https://nube.ine.gob.bo/index.php/s/tXaTJM8geaZhUSf/download
2021-10-21 16:50:04-04:00,"BOLIVIA: NIÑOS Y NIÑAS MENORES DE CINCO AÑOS CON MALNUTRICIÓN, SEGÚN TRES ÍNDICES ANTROPOMÉTRICOS: TALLA PARA LA EDAD; PESO PARA LA TALLA Y PESO PARA LA EDAD, SEGÚN ÁREA Y DEPARTAMENTO, 2008 Y 2016",spreadsheet,41.29,https://nube.ine.gob.bo/index.php/s/HC21vq3sF0DZim1/download
2021-10-21 16:50:54-04:00,"BOLIVIA: MUJERES ENTREVISTADAS DE 15 A 49 AÑOS, POR TIPO DE MÉTODO DE ANTICONCEPCIÓN USADO ACTUALMENTE, 2003, 2008 Y 2016",spreadsheet,38.28,https://nube.ine.gob.bo/index.php/s/70teaM7gvZv7g4w/download
2021-10-21 16:51:11-04:00,"BOLIVIA: MUJERES ACTUALMENTE EN UNIÓN QUE CONOCEN ALGÚN MÉTODO Y QUE CONOCEN POR LO MENOS UN MÉTODO MODERNO, SEGÚN ÁREA Y DEPARTAMENTO, 2003, 2008 Y 2016",excel,59.00,https://nube.ine.gob.bo/index.php/s/xlJMOjbvr3AA4LU/download
2021-10-21 16:51:32-04:00,"BOLIVIA: MUJERES DE 15 A 49 AÑOS NO EMBARAZADAS Y QUE NO TUVIERON UN NACIMIENTO EN LOS ÚLTIMOS 2 MESES ANTES DE LA ENCUESTA POR PROMEDIO DE LA TALLA, PORCENTAJE CON TALLA MENOR DE 145 CM, PROMEDIO DEL ÍNDICE DE MASA CORPORAL (IMC) Y PORCENTAJE CON NIVELES ESPECÍFICOS DE IMC, SEGÚN ÁREA Y DEPARTAMENTO, 2003, 2008 Y 2016",excel,64.50,https://nube.ine.gob.bo/index.php/s/2T0gJVk4PNcFLh9/download
2021-10-21 16:51:53-04:00,"BOLIVIA: NIÑAS Y NIÑOS NACIDOS EN LOS ÚLTIMOS CINCO AÑOS ANTERIORES A LA ENCUESTA QUE RECIBIERON LACTANCIA MATERNA ALGUNA VEZ, LOS(AS) QUE EMPEZARON A LACTAR DENTRO DE LA HORA SIGUIENTE AL NACIMIENTO, DURANTE EL PRIMER DÍA DE NACIDO Y LOS(AS) QUE RECIBIERON ALIMENTOS ANTES DE INICIAR LA LACTANCIA, SEGÚN ÁREA Y DEPARTAMENTO, 2003, 2008 Y 2016",excel,63.00,https://nube.ine.gob.bo/index.php/s/wnb4scqBUWT71GS/download
2021-10-21 16:52:22-04:00,"BOLIVIA: POBLACIÓN FEMENINA DE 15 AÑOS O MÁS DE EDAD POR LUGAR DE ATENCIÓN DEL ÚLTIMO PARTO, SEGÚN DEPARTAMENTO, PROVINCIA Y MUNICIPIO, CENSOS 2001 Y 2012",spreadsheet,104.22,https://nube.ine.gob.bo/index.php/s/xMoYiB9cCkuFTiJ/download
2021-10-21 16:52:42-04:00,"BOLIVIA: PERSONAS CON ALGUNA DIFICULTAD PERMANENTE Y TIPO DE DIFICULTAD, SEGÚN DEPARTAMENTO, PROVINCIA Y MUNICIPIO, CENSO 2012",spreadsheet,71.14,https://nube.ine.gob.bo/index.php/s/YfosWo1Tj3MvhjT/download
2021-10-21 16:53:00-04:00,"BOLIVIA: VIVIENDAS PARTICULARES CON OCUPANTES PRESENTES POR PERSONAS CON O SIN ALGUNA DIFICULTAD PERMANENTE, SEGÚN DEPARTAMENTO, PROVINCIA Y MUNICIPIO, CENSO 2012",spreadsheet,55.52,https://nube.ine.gob.bo/index.php/s/fP901tQiZ6W7Fbo/download
2021-10-21 16:53:18-04:00,"BOLIVIA: POBLACIÓN POR LUGAR DONDE ACUDE CUANDO TIENE PROBLEMAS DE SALUD, SEGÚN DEPARTAMENTO, PROVINCIA Y MUNICIPIO, CENSO 2012",spreadsheet,97.98,https://nube.ine.gob.bo/index.php/s/gnZY9FmNCFOzErG/download
2021-10-22 07:36:49-04:00,"BOLIVIA: POBLACIÓN POR CONDICIÓN DE NECESIDADES BÁSICAS INSATISFECHAS, SEGÚN DEPARTAMENTO, CENSO 2012",spreadsheet,47.91,https://nube.ine.gob.bo/index.php/s/TS0xxNNmGlF5ub7/download
2021-10-22 07:37:08-04:00,"BOLIVIA: COMPONENTES DEL ÍNDICE DE NECESIDADES BÁSICAS INSATISFECHAS, SEGÚN DEPARTAMENTO, CENSO 2012",spreadsheet,46.16,https://nube.ine.gob.bo/index.php/s/c7dF1J7kGUdqHXf/download
2021-10-22 07:50:20-04:00,"BOLIVIA: POBLACIÓN CON NECESIDADES BÁSICAS INSATISFECHAS Y VARIACIÓN ANUAL, CENSOS DE 1976, 1992, 2001 Y 2012",spreadsheet,44.63,https://nube.ine.gob.bo/index.php/s/Rsp0jrpuhbH43eE/download
2021-10-22 08:33:18-04:00,"BOLIVIA: INDICADORES DE POBREZA, SEGÚN ÁREA, 2005 – 2018",spreadsheet,50.38,https://nube.ine.gob.bo/index.php/s/AlSjWwoqHzIprTx/download
2021-10-22 08:33:58-04:00,"BOLIVIA: INDICADORES DE POBREZA EXTREMA, SEGÚN ÁREA, 2005 – 2018",spreadsheet,49.89,https://nube.ine.gob.bo/index.php/s/btlTGWYFGF8nVhU/download
2021-10-22 08:34:49-04:00,"BOLIVIA: LÍNEAS DE POBREZA Y POBREZA EXTREMA EN BOLIVIANOS POR PERSONA AL MES, SEGÚN ÁREA Y CIUDAD 1989 – 2018",spreadsheet,57.79,https://nube.ine.gob.bo/index.php/s/YLzWXNCUJQrhYtN/download
2021-10-22 08:35:02-04:00,"BOLIVIA: INCIDENCIA DE POBREZA, SEGÚN DEPARTAMENTO, 2011-2018",spreadsheet,479.96,https://nube.ine.gob.bo/index.php/s/YScltZtnFzypntG/download
2021-10-22 08:35:20-04:00,"BOLIVIA: INCIDENCIA DE POBREZA EXTREMA, SEGÚN DEPARTAMENTO, 2011-2018",spreadsheet,267.25,https://nube.ine.gob.bo/index.php/s/brXTIZJkE1CkvC4/download
2021-10-22 08:36:49-04:00,"BOLIVIA: POBLACIÓN DE 5 A 17 AÑOS Y AQUELLOS QUE REALIZAN  UNA ACTIVIDAD LABORAL O TRABAJO(1), SEGÚN SEXO, 2016 Y 2019",spreadsheet,48.62,https://nube.ine.gob.bo/index.php/s/VJUP1fboEZKYPyp/download
2021-10-22 08:39:52-04:00,"BOLIVIA: NIÑAS, NIÑOS Y ADOLESCENTES DE 5 A 17 AÑOS QUE REALIZAN UNA ACTIVIDAD LABORAL O TRABAJO, POR GRUPO DE HORAS LABORALES SEMANALES, SEGÚN ACTIVIDAD ECONÓMICA, 2016 Y 2019",spreadsheet,142.10,https://nube.ine.gob.bo/index.php/s/zTQSfkpiLUi4Jt8/download
2021-10-22 08:40:05-04:00,"BOLIVIA: NIÑAS, NIÑOS Y ADOLESCENTES DE 5 A 17 AÑOS CON ACTIVIDAD LABORAL O TRABAJO, POR CONDICIONES NO PELIGROSAS EN LAS QUE LO REALIZA, SEGÚN SEXO, GRUPO DE EDAD Y ÁREA, 2016 Y 2019",spreadsheet,83.79,https://nube.ine.gob.bo/index.php/s/BeFDiroOmExny6y/download
2021-10-22 08:40:21-04:00,"BOLIVIA: NIÑAS, NIÑOS Y ADOLESCENTES, DE 5 A 17 AÑOS POR TRABAJO PELIGROSO, SEGÚN SEXO, GRUPO DE EDAD Y ÁREA, 2016 Y 2019",spreadsheet,2097.36,https://nube.ine.gob.bo/index.php/s/u1KkxDACHha8kER/download
2021-10-22 08:50:17-04:00,"BOLIVIA: MUJERES DE 15 AÑOS O MÁS DE EDAD, CASADAS O EN UNIÓN LIBRE, QUE HAN VIVIDO O VIVEN SITUACIONES DE VIOLENCIA EN SU RELACIÓN DE PAREJA, SEGÚN CARACTERÍSTICA SELECCIONADA, 2016",spreadsheet,37.38,https://nube.ine.gob.bo/index.php/s/kiOdQc32Pp4jso8/download
2021-10-22 08:56:12-04:00,"BOLIVIA: PORCENTAJE DE MUJERES DE 15 AÑOS O MÁS DE EDAD, EN SITUACIÓN DE  VIOLENCIA, SEGÚN DISPONIBILIDAD DE EQUIPAMIENTO EN LA VIVIENDA, 2016",spreadsheet,62.83,https://nube.ine.gob.bo/index.php/s/hOK9ovZvsPKWXe3/download
2021-10-22 08:57:45-04:00,"BOLIVIA: MUJERES DE 15 AÑOS O MÁS DE EDAD, QUE HAN VIVIDO O VIVEN VIOLENCIA EN SU RELACIÓN DE PAREJA, POR FRECUENCIA DEL HECHO, SEGÚN FORMA DE VIOLENCIA, 2016",spreadsheet,67.64,https://nube.ine.gob.bo/index.php/s/2hHHRdCYsbLFbdG/download
2021-10-22 09:00:02-04:00,"BOLIVIA: MUJERES DE 15 AÑOS O MÁS DE EDAD, QUE HAN VIVIDO O VIVEN SITUACIONES DE VIOLENCIA A LO LARGO DE SU RELACIÓN DE PAREJA, POR GRAVEDAD DEL HECHO, SEGÚN FORMA DE VIOLENCIA, 2016",spreadsheet,65.33,https://nube.ine.gob.bo/index.php/s/6QuKDQ1s4ONYrSs/download
2021-10-22 09:00:35-04:00,"BOLIVIA: MUJERES DE 15 AÑOS O MÁS DE EDAD, QUE HAN VIVIDO O VIVEN SITUACIONES DE VIOLENCIA EN LOS ÚLTIMOS DOCE MESES EN SU RELACIÓN DE PAREJA, POR CONSECUENCIA DE MALTRATO, SEGÚN ÁREA Y DEPARTAMENTO,  2016",spreadsheet,66.03,https://nube.ine.gob.bo/index.php/s/TS7y21fehvx7V4e/download
2021-10-22 09:01:33-04:00,"BOLIVIA: MUJERES DE 15 AÑOS O MÁS DE EDAD, QUE HAN VIVIDO O VIVEN SITUACIONES DE VIOLENCIA EN LOS ÚLTIMOS DOCE MESES EN SU RELACIÓN DE PAREJA, QUE RECIBIERON ATENCIÓN EN SALUD Y TUVIERON DÍAS DE IMPEDIMENTO POR CAUSAS DE VIOLENCIA, SEGÚN CONSECUENCIAS DE MALTRATO, 2016",spreadsheet,64.60,https://nube.ine.gob.bo/index.php/s/361c9gI7BZT5rq5/download
2021-10-22 09:02:28-04:00,"BOLIVIA: MUJERES DE 15 AÑOS O MÁS DE EDAD, SEPARADAS, DIVORCIADAS Y VIUDAS, QUE HAN VIVIDO SITUACIONES DE VIOLENCIA  A LO LARGO DE LA RELACIÓN CON SU EX PAREJA, POR TIPO DE VIOLENCIA, SEGÚN CARACTERÍSTICA SELECCIONADA,  2016",spreadsheet,65.41,https://nube.ine.gob.bo/index.php/s/gYf6DaBJWFn4F6R/download
2021-10-22 09:03:11-04:00,"BOLIVIA: MUJERES SOLTERAS DE 15 AÑOS O MÁS DE EDAD, QUE HAN VIVIDO O VIVEN SITUACIONES DE VIOLENCIA A LO LARGO DE SU RELACIÓN DE PAREJA, POR TIPO DE VIOLENCIA, SEGÚN CARACTERÍSTICA SELECCIONADA, 2016",spreadsheet,65.25,https://nube.ine.gob.bo/index.php/s/np04KMOUVZpuW6H/download
2021-10-22 09:03:58-04:00,"BOLIVIA: MUJERES DE 15 AÑOS O MÁS DE EDAD, QUE HAN VIVIDO SITUACIONES DE VIOLENCIA PSICOLÓGICA Y FÍSICA DURANTE SU INFANCIA, POR FORMA DE MALTRATO, SEGÚN ÁREA Y DEPARTAMENTO, 2016",spreadsheet,64.35,https://nube.ine.gob.bo/index.php/s/MsqWrJcDKgbwm1c/download
2021-10-22 09:04:45-04:00,"BOLIVIA: MUJERES DE 15 AÑOS O MÁS DE EDAD, QUE HAN SUFRIDO O SUFREN SITUACIONES DE VIOLENCIA PATRIMONIAL A LO LARGO DE SU VIDA, EN SU ENTORNO FAMILIAR, SEGÚN CARACTERÍSTICA SELECCIONADA, 2016",spreadsheet,73.53,https://nube.ine.gob.bo/index.php/s/SMO1sniie1KxgY0/download
2021-10-22 09:05:25-04:00,"BOLIVIA: MUJERES  DE 15 AÑOS O MÁS DE EDAD, EN SITUACIONES DE VIOLENCIA PATRIMONIAL, SEGÚN TIPO DE AGRESOR,  2016",spreadsheet,68.19,https://nube.ine.gob.bo/index.php/s/rdGHvECu0t8WZFo/download
2021-10-22 09:06:02-04:00,"BOLIVIA: MUJERES DE 15 AÑOS O MÁS DE EDAD, QUE A LO LARGO DE SU VIDA SUFRIERON ABUSO SEXUAL Y/O VIOLACIÓN/SEXO FORZADO, SEGÚN CARACTERÍSTICA SELECCIONADA,  2016",spreadsheet,64.91,https://nube.ine.gob.bo/index.php/s/lNZeXqwJswEGP6e/download
2021-10-22 09:06:45-04:00,"BOLIVIA: MUJERES DE 15 AÑOS O MÁS DE EDAD, QUE EN LOS ÚLTIMOS DOCE MESES, VIVIERON HECHOS DE ABUSO SEXUAL Y VIOLACIÓN/SEXO FORZADO, SEGÚN CARACTERÍSTICA SELECCIONADA,  2016",spreadsheet,65.09,https://nube.ine.gob.bo/index.php/s/aggGPwMuT8xC8Fs/download
2021-10-22 09:07:21-04:00,"BOLIVIA: MUJERES DE 15 AÑOS O MÁS DE EDAD, QUE HAN SUFRIDO ALGÚN HECHO DE VIOLENCIA OBSTÉTRICA, SEGÚN CARACTERÍSTICA SELECCIONADA, 2016",spreadsheet,63.68,https://nube.ine.gob.bo/index.php/s/I1YeWFMyaC0XQrs/download
2021-10-22 09:07:58-04:00,"BOLIVIA: MUJERES DE 15 AÑOS O MÁS DE EDAD, QUE HAN SUFRIDO HECHOS DE VIOLENCIA OBSTÉTRICA, POR FORMA DE VIOLENCIA EJERCIDA POR EL PERSONAL DE SALUD, SEGÚN CARACTERÍSTICA SELECCIONADA, 2016",spreadsheet,74.63,https://nube.ine.gob.bo/index.php/s/XDcIuuJa8kW9wZP/download
2021-10-22 09:08:32-04:00,"BOLIVIA: MUJERES DE 60 AÑOS O MÁS DE EDAD, EN SITUACIÓN DE VIOLENCIA EN SU ENTORNO, POR TIPO DE AGRESOR, SEGÚN FORMA DE VIOLENCIA,  2016",spreadsheet,64.62,https://nube.ine.gob.bo/index.php/s/mHURoSSVW2DJXwN/download
2021-10-22 09:09:08-04:00,"BOLIVIA: MUJERES DE 15 AÑOS O MÁS DE EDAD, QUE HAN VIVIDO O VIVEN SITUACIONES DE VIOLENCIA EN LOS ÚLTIMOS DOCE MESES EN SU RELACIÓN DE PAREJA, POR SITUACIÓN LEGAL DE LA DENUNCIA, SEGÚN CARACTERÍSTICA SELECCIONADA,  2016",spreadsheet,64.37,https://nube.ine.gob.bo/index.php/s/CD3Tz24CBCN6xmi/download
2021-10-22 09:10:16-04:00,"BOLIVIA: MUJERES DE 15 AÑOS O MÁS DE EDAD, QUE HAN VIVIDO O VIVEN SITUACIONES DE VIOLENCIA EN LOS ÚLTIMOS DOCE MESES EN LA RELACIÓN DE PAREJA, POR  MOTIVOS O CAUSAS POR LAS QUE DENUNCIÓ, SEGÚN CARACTERÍSTICA SELECCIONADA, 2016",spreadsheet,65.64,https://nube.ine.gob.bo/index.php/s/p2YUaop5Nb7iHzY/download
2021-10-22 09:10:52-04:00,"BOLIVIA: MUJERES DE 15 AÑOS O MÁS DE EDAD, QUE HAN VIVIDO O VIVEN SITUACIONES DE VIOLENCIA EN LOS ÚLTIMOS DOCE MESES EN SU RELACIÓN DE PAREJA, QUE PIDIERON AYUDA, LA PERCEPCIÓN DE LA ATENCIÓN RECIBIDA Y EL GRADO DE SATISFACCIÓN, SEGÚN CARACTERÍSTICA SELECCIONADA, 2016",spreadsheet,65.27,https://nube.ine.gob.bo/index.php/s/SEwg8NSEW9BPvHQ/download
2021-10-22 09:11:35-04:00,"BOLIVIA: MUJERES DE 15 AÑOS O MÁS DE EDAD, POR SITUACIÓN EN LA QUE SÓLO ELLA DECIDE, SEGÚN ÁREA  Y DEPARTAMENTO, 2016",spreadsheet,63.22,https://nube.ine.gob.bo/index.php/s/bC5j0jEmR0eXbyl/download
2021-10-22 09:12:15-04:00,"BOLIVIA: MUJERES DE 15 AÑOS O MÁS DE EDAD, POR SITUACIÓN EN LA QUE JUSTIFICAN LA VIOLENCIA CONTRA LA MUJER, SEGÚN ÁREA  Y DEPARTAMENTO, 2016",spreadsheet,63.06,https://nube.ine.gob.bo/index.php/s/zblTLr5roGFzGNO/download
2021-10-22 09:13:05-04:00,"BOLIVIA: MUJERES DE 15 AÑOS O MÁS DE EDAD, QUE TUVIERON O TIENEN PAREJA, POR ÁREA Y SITUACIÓN DE VIOLENCIA, SEGÚN  ACEPTACIÓN SOBRE ROLES DE GÉNERO, 2016",spreadsheet,64.58,https://nube.ine.gob.bo/index.php/s/uxXEx6IZE8dLVbM/download
2021-10-22 09:13:45-04:00,"BOLIVIA: DISTRIBUCIÓN DE LAS PERSONAS QUE REALIZAN EL TRABAJO DEL HOGAR, SEGÚN ACTIVIDAD DEL HOGAR, 2016",spreadsheet,62.83,https://nube.ine.gob.bo/index.php/s/OryUnBSL7gY9oaD/download
2021-10-22 09:15:51-04:00,"BOLIVIA: MUJERES DE 15 AÑOS O MÁS DE EDAD, POR CONDICIÓN DE HABER OÍDO HABLAR DE LA LEY 348, SEGÚN CARACTERÍSTICA SELECCIONADA, 2016",spreadsheet,64.17,https://nube.ine.gob.bo/index.php/s/lRievjiudJDXP28/download
2021-10-22 09:16:25-04:00,"BOLIVIA: MUJERES DE 15 AÑOS O MÁS DE EDAD, QUE HAN VIVIDO O VIVEN SITUACIONES DE VIOLENCIA DE GÉNERO, EN LOS ÁMBITOS: SOCIAL, EDUCATIVO Y LABORAL, A LO LARGO DE SU VIDA, SEGÚN FORMA DE VIOLENCIA, 2016",spreadsheet,62.97,https://nube.ine.gob.bo/index.php/s/vqjCqm3hdsuTUf3/download
2021-10-22 09:17:02-04:00,"BOLIVIA: MUJERES DE 15 AÑOS O MÁS DE EDAD, QUE HAN VIVIDO O VIVEN SITUACIONES DE VIOLENCIA EN EL ÁMBITO SOCIAL, A LO LARGO DE SU VIDA, POR TIPO DE VIOLENCIA, SEGÚN CARACTERÍSTICA SELECCIONADA,  2016",spreadsheet,66.26,https://nube.ine.gob.bo/index.php/s/CB9G8nBVtZhHOFY/download
2021-10-22 09:17:28-04:00,"BOLIVIA: MUJERES DE 15 AÑOS O MÁS DE EDAD, QUE HAN VIVIDO O VIVEN SITUACIONES DE VIOLENCIA EN EL ÁMBITO SOCIAL EN LOS ÚLTIMOS DOCE MESES, POR TIPO DE VIOLENCIA, SEGÚN CARACTERÍSTICA SELECCIONADA,  2016",spreadsheet,66.27,https://nube.ine.gob.bo/index.php/s/xjau65M7BgO9oal/download
2021-10-22 09:18:05-04:00,"BOLIVIA: MUJERES DE 15 AÑOS O MÁS DE EDAD, QUE HAN VIVIDO O VIVEN SITUACIONES DE VIOLENCIA EN LOS ÚLTIMOS DOCE MESES, EN EL ÁMBITO SOCIAL, POR SITUACIÓN LEGAL DE LA DENUNCIA, SEGÚN CARACTERÍSTICA SELECCIONADA, 2016",spreadsheet,64.51,https://nube.ine.gob.bo/index.php/s/094JkM1T1C9TzwH/download
2021-10-22 09:18:50-04:00,"BOLIVIA: MUJERES DE 15 AÑOS O MÁS DE EDAD, QUE HAN VIVIDO O VIVEN SITUACIONES DE VIOLENCIA EN EL ÁMBITO EDUCATIVO, A LO LARGO DE SU VIDA, POR TIPO DE VIOLENCIA, SEGÚN CARACTERÍSTICA SELECCIONADA, 2016",spreadsheet,66.09,https://nube.ine.gob.bo/index.php/s/uQkFzbxZcaMLQVF/download
2021-10-22 09:19:36-04:00,"BOLIVIA: MUJERES DE 15 AÑOS O MÁS DE EDAD, QUE HAN VIVIDO O VIVEN EN SITUACIONES DE VIOLENCIA EN EL ÁMBITO EDUCATIVO EN LOS ÚLTIMOS DOCE MESES, POR SITUACIÓN DE DENUNCIA, SEGÚN CARACTERÍSTICA SELECCIONADA, 2016",spreadsheet,64.01,https://nube.ine.gob.bo/index.php/s/NSLdy6gf36IReLM/download
2021-10-22 09:20:33-04:00,"BOLIVIA: MUJERES DE 15 AÑOS O MÁS DE EDAD, QUE HAN VIVIDO O VIVEN SITUACIONES DE VIOLENCIA EN EL ÁMBITO LABORAL A LO LARGO DE SU VIDA, POR TIPO DE VIOLENCIA, SEGÚN CARACTERÍSTICA SELECCIONADA,  2016",spreadsheet,65.52,https://nube.ine.gob.bo/index.php/s/Sj5xhakbsrkdsPH/download
2021-10-22 09:21:16-04:00,"BOLIVIA: MUJERES DE 15 AÑOS O MÁS DE EDAD, QUE HAN VIVIDO O VIVEN SITUACIONES DE VIOLENCIA EN EL ÁMBITO LABORAL EN LOS ÚLTIMOS DOCE MESES, POR SITUACIÓN DE LA DENUNCIA, SEGÚN CARACTERÍSTICA SELECCIONADA, 2016",spreadsheet,64.38,https://nube.ine.gob.bo/index.php/s/ewIiXQk4SGzqvuY/download
2021-10-22 09:21:26-04:00,"BOLIVIA: MUJERES DE 15 AÑOS O MÁS DE EDAD EN SITUACIÓN DE  VIOLENCIA DE PAREJA, POR ÁREA, SEGÚN DISPONIBILIDAD DE SERVICIOS BÁSICOS EN LA VIVIENDA, 2016",spreadsheet,62.95,https://nube.ine.gob.bo/index.php/s/4vhw89LDsocLqWP/download
2021-10-22 09:34:28-04:00,"BOLIVIA: MUJERES DE 15 AÑOS O MÁS DE EDAD EN SITUACIÓN DE  VIOLENCIA DE PAREJA, POR ÁREA, SEGÚN TENENCIA Y CALIDAD DE LA VIVIENDA, 2016",spreadsheet,65.09,https://nube.ine.gob.bo/index.php/s/p1IcC1xMRC7bydA/download
2021-10-22 10:02:14-04:00,"BOLIVIA: POBLACIÓN EMPADRONADA EN EL CENSO DE POBLACIÓN, SIN DOCUMENTO DE IDENTIDAD, SEGÚN DEPARTAMENTO, 2012",spreadsheet,62.31,https://nube.ine.gob.bo/index.php/s/lp6iXkHQBhDmUPb/download
2021-10-22 11:36:50-04:00,"BOLIVIA – VALOR AGREGADO, 2010, 2012, 2017",spreadsheet,67.15,https://nube.ine.gob.bo/index.php/s/HsPxRsx6idIbVIf/download
2021-10-22 11:37:09-04:00,"BOLIVIA – VALOR BRUTO DE PRODUCCIÓN, 2010, 2012, 2017",spreadsheet,67.29,https://nube.ine.gob.bo/index.php/s/irCdDZ5RSuwxESI/download
2021-10-22 14:21:28-04:00,"BOLIVIA: TASA DE ANALFABETISMO EN LA POBLACIÓN DE 15 AÑOS O MÁS EDAD POR SEXO, SEGÚN ÁREA Y DEPARTAMENTO, CENSOS 1992, 2001 Y 2012",spreadsheet,50.24,https://nube.ine.gob.bo/index.php/s/hI0TaKnIXMrsp7f/download
2021-10-22 14:21:49-04:00,"BOLIVIA: TASA DE ASISTENCIA DE LA POBLACIÓN ENTRE 6 Y 19 AÑOS DE EDAD POR SEXO, SEGÚN ÁREA Y DEPARTAMENTO, CENSOS DE 1992, 2001 Y 2012",spreadsheet,56.97,https://nube.ine.gob.bo/index.php/s/TuFb0C3gPqtgxWZ/download
2021-10-22 14:27:17-04:00,"BOLIVIA: ALUMNOS TITULADOS EN LA UNIVERSIDAD PRIVADA, SEGÚN DEPARTAMENTO, 2007 – 2016",spreadsheet,52.62,https://nube.ine.gob.bo/index.php/s/6fsdpjkGttEBwse/download
2021-10-22 14:27:46-04:00,"BOLIVIA: DOCENTES EN UNIVERSIDADES PRIVADAS POR SEXO, SEGÚN DEPARTAMENTO, 2007 – 2016",spreadsheet,54.71,https://nube.ine.gob.bo/index.php/s/jW00JIguBBt5EJG/download
2021-11-23 07:15:28-04:00,ECE_2T_2021,rar,9882.92,https://nube.ine.gob.bo/index.php/s/IGu8wGgQYwuUGaH/download
2021-11-23 07:23:10-04:00,ECE_2T_2021 URB,rar,8591.80,https://nube.ine.gob.bo/index.php/s/pPXeCdxTqe2lIJm/download
2021-11-23 07:23:28-04:00,ECE_2T_2021 RUR,rar,1303.41,https://nube.ine.gob.bo/index.php/s/ITd14FueZSBJXxE/download
2022-01-12 15:38:26-04:00,BOLETÍN ESTADÍSTICO PRECIOS INTERNACIONALES DICIEMBRE DE 2021,pdf,9432.51,https://nube.ine.gob.bo/index.php/s/y7xMxS7iMCBSuJV/download
2022-01-26 08:20:22-04:00,BOLETÍN ESTADÍSTICO COMEX NOVIEMBRE 2021,pdf,5986.15,https://nube.ine.gob.bo/index.php/s/w4ubdSFjtGSprVP/download
2022-01-28 09:05:42-04:00,BOLETÍN ESTADÍSTICO COMEX DICIEMBRE 2021,pdf,6439.06,https://nube.ine.gob.bo/index.php/s/aPQOVWVBH1ZoScu/download
2022-02-10 12:09:08-04:00,IMPORTACIONES 2018,spreadsheet,64284.50,https://nube.ine.gob.bo/index.php/s/fWKOvP08Jz6XIe5/download
2022-02-10 12:10:57-04:00,IMPORTACIONES 2017,spreadsheet,73268.10,https://nube.ine.gob.bo/index.php/s/tl8o6SNnZh7SH0C/download
2022-02-10 12:11:24-04:00,IMPORTACIONES 2016,spreadsheet,74832.98,https://nube.ine.gob.bo/index.php/s/9s3R8tOtKMVtTvA/download
2022-02-10 12:11:55-04:00,IMPORTACIONES 2015,spreadsheet,79765.28,https://nube.ine.gob.bo/index.php/s/gesRgKMaQuYd4qR/download
2022-02-10 12:12:22-04:00,IMPORTACIONES 2014,spreadsheet,72789.31,https://nube.ine.gob.bo/index.php/s/iyIjMAndeJgwaa5/download
2022-02-10 12:12:22-04:00,IMPORTACIONES 2010,spreadsheet,54825.87,https://nube.ine.gob.bo/index.php/s/om7HD1Bjt5qY3CU/download
2022-02-10 12:12:24-04:00,IMPORTACIONES 2011,spreadsheet,61601.65,https://nube.ine.gob.bo/index.php/s/gEDLwi6NYTS0U86/download
2022-02-10 12:12:24-04:00,IMPORTACIONES 2009,spreadsheet,49394.13,https://nube.ine.gob.bo/index.php/s/TaiHFzr8o0OvB8D/download
2022-02-10 12:12:25-04:00,IMPORTACIONES 2012,spreadsheet,66660.08,https://nube.ine.gob.bo/index.php/s/7UB9aHeVjFIEPGl/download
2022-02-10 12:12:25-04:00,IMPORTACIONES 2013,spreadsheet,69973.03,https://nube.ine.gob.bo/index.php/s/jXuPe5Ul5hnETkG/download
2022-02-10 12:16:43-04:00,IMPORTACIONES 2008,spreadsheet,48323.89,https://nube.ine.gob.bo/index.php/s/pHTSrpdolOIblJH/download
2022-02-10 12:16:51-04:00,IMPORTACIONES 2007,spreadsheet,43844.64,https://nube.ine.gob.bo/index.php/s/TYOwM9DTNJZhowN/download
2022-02-10 12:17:00-04:00,IMPORTACIONES 2006,spreadsheet,38726.29,https://nube.ine.gob.bo/index.php/s/H27UGlH6caIEncI/download
2022-02-10 12:17:03-04:00,IMPORTACIONES 2004,spreadsheet,33549.84,https://nube.ine.gob.bo/index.php/s/BlVBu4NKw0TWK0C/download
2022-02-10 12:17:04-04:00,IMPORTACIONES 2005,spreadsheet,37138.18,https://nube.ine.gob.bo/index.php/s/k7YOorQQSF1rUlx/download
2022-02-10 12:17:06-04:00,IMPORTACIONES 2003,spreadsheet,29866.02,https://nube.ine.gob.bo/index.php/s/rZnQDeeCSZ2QyXd/download
2022-02-10 12:17:08-04:00,IMPORTACIONES 2001,spreadsheet,26648.74,https://nube.ine.gob.bo/index.php/s/BfI2mmZ9ial2IZU/download
2022-02-10 12:17:09-04:00,IMPORTACIONES 2000,spreadsheet,27549.30,https://nube.ine.gob.bo/index.php/s/SuY2qv2NdC6KNB7/download
2022-02-10 12:17:09-04:00,IMPORTACIONES 2002,spreadsheet,28243.57,https://nube.ine.gob.bo/index.php/s/9TT3R2uYFdjV7bA/download
2022-02-10 12:19:04-04:00,IMPORTACIONES 1999,spreadsheet,16021.25,https://nube.ine.gob.bo/index.php/s/WBVTCmtLRAHGJqw/download
2022-02-10 12:19:07-04:00,IMPORTACIONES 1998,spreadsheet,15118.21,https://nube.ine.gob.bo/index.php/s/ycRtFAfpLlOuTyx/download
2022-02-10 12:19:09-04:00,IMPORTACIONES 1996,spreadsheet,12423.70,https://nube.ine.gob.bo/index.php/s/UUJvjhrDWXK3Sxr/download
2022-02-10 12:19:09-04:00,IMPORTACIONES 1997,spreadsheet,13425.62,https://nube.ine.gob.bo/index.php/s/i6Q3u7PLjelScDs/download
2022-02-10 12:19:09-04:00,IMPORTACIONES 1992,spreadsheet,11707.47,https://nube.ine.gob.bo/index.php/s/iQ6fw5LktsPFNwd/download
2022-02-10 12:19:11-04:00,IMPORTACIONES 1995,spreadsheet,13655.50,https://nube.ine.gob.bo/index.php/s/F1bmhxkid2QxL6s/download
2022-02-10 12:19:11-04:00,IMPORTACIONES 1993,spreadsheet,12446.37,https://nube.ine.gob.bo/index.php/s/oUvq81WCWkbcxzB/download
2022-02-10 12:19:11-04:00,IMPORTACIONES 1994,spreadsheet,14448.32,https://nube.ine.gob.bo/index.php/s/uGTgqIqEb7vcqts/download
2022-02-11 14:03:43-04:00,BOLETÍN ESTADÍSTICO PRECIOS INTERNACIONALES ENERO 2022,pdf,9605.56,https://nube.ine.gob.bo/index.php/s/oePGJmvXZR0lTok/download
2022-02-21 09:31:31-04:00,BASE – 2016 Metodología del Índice de Precios al Consumidor,pdf,9860.73,https://nube.ine.gob.bo/index.php/s/SmL3Be1jdVedU3P/download
2022-02-21 09:32:37-04:00,Clasificación del Consumo Individual por Finalidades CCIF,pdf,690.71,https://nube.ine.gob.bo/index.php/s/QUFmsUbZz8VH7Ii/download
2022-02-21 09:33:12-04:00,Presentación IPC Cambio de Año Base,pdf,1015.38,https://nube.ine.gob.bo/index.php/s/29WySuhaD2EQgQW/download
2022-02-21 09:33:54-04:00,Productos que salen e ingresan al nuevo IPC,pdf,1698.82,https://nube.ine.gob.bo/index.php/s/jnUGu5jF9o3gHv9/download
2022-02-21 09:34:20-04:00,Infografías,pdf,5692.76,https://nube.ine.gob.bo/index.php/s/RdtN2E2lEbavYQz/download
2022-02-21 09:34:44-04:00,Nota Metodológica Consideraciones en la compilación del IPC del mes de marzo de 2020,pdf,42.12,https://nube.ine.gob.bo/index.php/s/AB47mavSSENzjvV/download
2022-02-21 09:35:14-04:00,Nota Metodológica Consideraciones en la compilación del IPC del mes de abril de 2020,pdf,161.52,https://nube.ine.gob.bo/index.php/s/t1RaqxEC1HtZHoR/download
2022-02-21 09:36:34-04:00,BASE – 2007 Metodología del Índice de Precios al Consumidor,pdf,794.42,https://nube.ine.gob.bo/index.php/s/vXZZorVVkrmkbB6/download
2022-02-21 09:37:57-04:00,Productos que salen e ingresan al IPC,pdf,1546.14,https://nube.ine.gob.bo/index.php/s/5gRz3mcZyNnHAoM/download
2022-02-21 09:39:53-04:00,BASE – 1991 Metodología del Índice de Precios al Consumidor,pdf,18146.87,https://nube.ine.gob.bo/index.php/s/ssl3bewkmqWDmjw/download
2022-02-26 16:48:28-04:00,BOLETÍN ESTADÍSTICO COMEX ENERO 2022,pdf,7085.84,https://nube.ine.gob.bo/index.php/s/mjfan2ZsjKM3gS9/download
2022-03-11 19:07:22-04:00,ECE_3T_2021 RUR,rar,1118.62,https://nube.ine.gob.bo/index.php/s/d4w6dHpCSNzqjpO/download
2022-03-11 19:07:24-04:00,ECE_3T_2021 URB,rar,7801.23,https://nube.ine.gob.bo/index.php/s/Q9oxIIIxPP9HQ0H/download
2022-03-14 23:34:24-04:00,BOLETÍN ESTADÍSTICO PRECIOS INTERNACIONALES FEBRERO DE 2022,pdf,7641.29,https://nube.ine.gob.bo/index.php/s/NgiXdu6Sl6Tg9RG/download
2022-03-17 14:39:12-04:00,ECE_3T_2021,rar,8823.72,https://nube.ine.gob.bo/index.php/s/11e6hX2M43WLHxv/download
2022-03-23 14:09:54-04:00,Norma Técnica Índice de Precios Productor,pdf,3057.69,https://nube.ine.gob.bo/index.php/s/LKSrLYBeMdFqnRu/download
2022-03-23 14:12:15-04:00,Norma Técnica Índice de Precios al por Mayor,pdf,2078.15,https://nube.ine.gob.bo/index.php/s/uowwtG6zVRrhOtn/download
2022-03-30 18:32:12-04:00,BOLETÍN ESTADÍSTICO COMEX FEBRERO 2022,pdf,6370.50,https://nube.ine.gob.bo/index.php/s/g0ayO4ZCFDNtIcd/download
2022-04-12 09:13:58-04:00,Nota Metodológica,pdf,1062.35,https://nube.ine.gob.bo/index.php/s/2oi3vOFBP5uIoGH/download
2022-04-12 09:48:28-04:00,Ficha Técnica,pdf,460.38,https://nube.ine.gob.bo/index.php/s/XcfoNt1ENiLIysB/download
2022-04-12 12:05:56-04:00,BOLETÍN ESTADÍSTICO PRECIOS INTERNACIONALES MARZO DE 2022,pdf,7644.62,https://nube.ine.gob.bo/index.php/s/jFSP3VY4ARO1OVc/download
2022-04-26 11:33:09-04:00,IPP Nota Metodológica,pdf,1485.06,https://nube.ine.gob.bo/index.php/s/vv0cXrnENMUpZys/download
2022-04-26 11:34:28-04:00,IPP Ficha Técnica,pdf,454.92,https://nube.ine.gob.bo/index.php/s/qcuWPUcJiaLRxEe/download
2022-04-29 21:21:27-04:00,BOLETÍN ESTADÍSTICO COMEX MARZO 2022,pdf,6076.52,https://nube.ine.gob.bo/index.php/s/To0kIjRbkpCIFTO/download
2022-05-12 10:02:26-04:00,BOLETÍN ESTADÍSTICO PRECIOS INTERNACIONALES ABRIL DE 2022,pdf,7661.82,https://nube.ine.gob.bo/index.php/s/8AJsbafx3AVj6xP/download
2022-05-30 10:55:58-04:00,Cuestionario v1,pdf,1094.81,https://nube.ine.gob.bo/index.php/s/pR1Negja4OYwDs3/download
2022-05-30 10:56:03-04:00,Cuestionario v2,pdf,1123.94,https://nube.ine.gob.bo/index.php/s/EOPNOCFpA0pMHXA/download
2022-05-30 10:56:05-04:00,Cuestionario v3,pdf,910.62,https://nube.ine.gob.bo/index.php/s/9Kih4UJn3uliWWc/download
2022-05-30 10:56:06-04:00,Cuestionario v4,pdf,1459.56,https://nube.ine.gob.bo/index.php/s/c4uiUbYkxEKTIpy/download
2022-05-30 10:56:08-04:00,Cuestionario v5,pdf,1185.58,https://nube.ine.gob.bo/index.php/s/uNC5ZvfZNQm9561/download
2022-05-30 10:56:09-04:00,Cuestionario v6,pdf,734.66,https://nube.ine.gob.bo/index.php/s/StcxpgOzbYleZtr/download
2022-05-30 10:56:11-04:00,Cuestionario v7,pdf,579.09,https://nube.ine.gob.bo/index.php/s/BXu6mFUkeTya9i9/download
2022-05-30 10:59:36-04:00,Fichas técnicas de indicadores,pdf,259.45,https://nube.ine.gob.bo/index.php/s/GDL2bw5gVUYqukL/download
2022-05-30 11:00:23-04:00,Nota técnica 01/2020,pdf,249.42,https://nube.ine.gob.bo/index.php/s/dTnMs28kzDR5j71/download
2022-05-30 11:00:24-04:00,Nota técnica 02/2020,pdf,351.54,https://nube.ine.gob.bo/index.php/s/GUemJuG9t2UVHvu/download
2022-05-30 11:00:25-04:00,Nota técnica 03/2020,pdf,211.06,https://nube.ine.gob.bo/index.php/s/hhlXc0qrp9OpZoN/download
2022-05-30 17:18:59-04:00,BOLETÍN ESTADÍSTICO COMEX ABRIL 2022,pdf,6074.43,https://nube.ine.gob.bo/index.php/s/oCsLvRepyB7EyRj/download
2022-06-13 14:36:37-04:00,BOLETÍN ESTADÍSTICO PRECIOS INTERNACIONALES MAYO DE 2022,pdf,7689.94,https://nube.ine.gob.bo/index.php/s/mjRJuGYj7g3TJax/download
2022-06-30 09:34:56-04:00,ECE_4T_2021 RUR,rar,1106.31,https://nube.ine.gob.bo/index.php/s/h5YzMjBewRHNDP3/download
2022-06-30 09:35:00-04:00,ECE_4T_2021 URB,rar,7854.91,https://nube.ine.gob.bo/index.php/s/COse1w6od2exq4B/download
2022-06-30 09:45:07-04:00,Diseño muestral v3,pdf,1764.14,https://nube.ine.gob.bo/index.php/s/u4InIqsjPVsahrQ/download
2022-06-30 13:18:56-04:00,ECE_4T_2021,rar,8953.75,https://nube.ine.gob.bo/index.php/s/TUXAf4thmB3a2tl/download
2022-07-02 15:36:56-04:00,BOLETÍN ESTADÍSTICO COMEX MAYO 2022,pdf,6204.80,https://nube.ine.gob.bo/index.php/s/SLfM8OEfs7pQHnT/download
2022-07-12 16:17:46-04:00,BOLETÍN ESTADÍSTICO PRECIOS INTERNACIONALES JUNIO DE 2022,pdf,7736.95,https://nube.ine.gob.bo/index.php/s/CobPN7QmudEJhzs/download
2022-07-29 10:21:12-04:00,BOLETÍN ESTADÍSTICO COMEX JUNIO 2022,pdf,5977.36,https://nube.ine.gob.bo/index.php/s/532NkdUxRrIZYbZ/download
2022-08-12 16:51:58-04:00,BOLETÍN ESTADÍSTICO PRECIOS INTERNACIONALES JULIO DE 2022,pdf,7317.21,https://nube.ine.gob.bo/index.php/s/2UkqpgP81twSK8Y/download
2022-08-29 20:53:48-04:00,BOLETÍN ESTADÍSTICO COMEX JULIO 2022,pdf,6551.20,https://nube.ine.gob.bo/index.php/s/gs7pgDEANXyCKC3/download
2022-09-12 09:56:28-04:00,BOLETÍN ESTADÍSTICO PRECIOS INTERNACIONALES AGOSTO DE 2022,pdf,7826.21,https://nube.ine.gob.bo/index.php/s/3wembTeVDR1OR7X/download
2022-09-30 21:14:46-04:00,BOLETÍN ESTADÍSTICO COMEX AGOSTO 2022,pdf,6289.89,https://nube.ine.gob.bo/index.php/s/CsV3zxp8fXR2b17/download
2022-10-12 12:01:01-04:00,BOLETÍN ESTADÍSTICO PRECIOS INTERNACIONALES SEPTIEMBRE DE 2022,pdf,7848.21,https://nube.ine.gob.bo/index.php/s/kPHKIa6C8a9pByD/download
2022-10-18 18:56:30-04:00,ECE_1T_2022 RUR,rar,1097.72,https://nube.ine.gob.bo/index.php/s/eykEAs0OG6xiIMl/download
2022-10-18 18:56:30-04:00,ECE_1T_2022,rar,8683.90,https://nube.ine.gob.bo/index.php/s/M8qOYiapQJuOEUu/download
2022-10-18 18:56:32-04:00,ECE_1T_2022 URB,rar,7612.05,https://nube.ine.gob.bo/index.php/s/IJ9VJp8AaM8OCtg/download
2022-11-08 16:25:34-04:00,BOLETÍN ESTADÍSTICO COMEX SEPTIEMBRE 2022,pdf,6591.98,https://nube.ine.gob.bo/index.php/s/5SHHxbcb9NWVnyi/download
2022-11-08 20:01:56-04:00,EXPORTACIONES 2020,spreadsheet,4156.27,https://nube.ine.gob.bo/index.php/s/LkvusI5cnCIsBtE/download
2022-11-08 20:01:56-04:00,EXPORTACIONES RITEX 2020,spreadsheet,35.82,https://nube.ine.gob.bo/index.php/s/vXSvsGIIMqoA1FY/download
2022-11-08 20:02:02-04:00,IMPORTACIONES 2020,spreadsheet,54762.35,https://nube.ine.gob.bo/index.php/s/JuvhMH4gAswGivq/download
2022-11-14 15:59:29-04:00,BOLETÍN ESTADÍSTICO PRECIOS INTERNACIONALES OCTUBRE DE 2022,pdf,7872.53,https://nube.ine.gob.bo/index.php/s/KSWwCH9QPZrUi2w/download
2022-11-30 20:43:44-04:00,IMPORTACIONES RITEX 2018,spreadsheet,66.88,https://nube.ine.gob.bo/index.php/s/ayqstdwpc83uEXp/download
2022-11-30 20:43:44-04:00,IMPORTACIONES RITEX 2017,spreadsheet,90.94,https://nube.ine.gob.bo/index.php/s/okLqyzFXFmLk1a6/download
2022-11-30 20:43:44-04:00,IMPORTACIONES RITEX 2020,spreadsheet,56.93,https://nube.ine.gob.bo/index.php/s/rzKXtsYeV2ZBXfH/download
2022-11-30 20:43:44-04:00,IMPORTACIONES RITEX 2019,spreadsheet,65.64,https://nube.ine.gob.bo/index.php/s/x60Z6gWzbn5A7SO/download
2022-12-02 12:10:53-04:00,BOLETÍN ESTADÍSTICO COMEX OCTUBRE 2022,pdf,6636.86,https://nube.ine.gob.bo/index.php/s/mY8jt0lEzzhhafy/download
2022-12-12 14:59:31-04:00,ECE_2T_2022 URB,rar,8018.96,https://nube.ine.gob.bo/index.php/s/JuLkayJlZOdMTYT/download
2022-12-12 14:59:47-04:00,ECE_2T_2022 RUR,rar,1165.35,https://nube.ine.gob.bo/index.php/s/1yHBCJ2uxGc4Ctq/download
2022-12-12 15:50:15-04:00,ECE_2T_2022,rar,9170.08,https://nube.ine.gob.bo/index.php/s/3kjd5Qnne6iPBbU/download
2022-12-14 08:19:24-04:00,BOLETÍN ESTADÍSTICO PRECIOS INTERNACIONALES NOVIEMBRE DE 2022,pdf,7836.91,https://nube.ine.gob.bo/index.php/s/R5Lh0FOUKNzFKBi/download
2023-01-03 17:15:47-04:00,BOLETÍN ESTADÍSTICO COMEX NOVIEMBRE 2022,pdf,6492.45,https://nube.ine.gob.bo/index.php/s/tdpVbxAo7V0QwaF/download
2023-01-12 08:22:58-04:00,BOLETÍN ESTADÍSTICO PRECIOS INTERNACIONALES DICIEMBRE DE 2022,pdf,7309.26,https://nube.ine.gob.bo/index.php/s/3fCTQak5tNMqocy/download
2023-01-17 14:34:19-04:00,Manual de Procesos y Procedimientos de los Geoportales de Seguimiento y Descarga de Datos para la Homologación de Áreas Urbanas (versión N° 1),pdf,34549.74,https://nube.ine.gob.bo/index.php/s/3xactU8ZhaF21rE/download
2023-02-07 11:14:55-04:00,BOLETÍN ESTADÍSTICO COMEX DICIEMBRE 2022,pdf,6468.35,https://nube.ine.gob.bo/index.php/s/OIy6QN5VwW8sL7n/download
2023-02-17 08:45:58-04:00,BOLETÍN ESTADÍSTICO PRECIOS INTERNACIONALES ENERO DE 2023,pdf,12090.87,https://nube.ine.gob.bo/index.php/s/pmgPpazAlVeEZTm/download
2023-02-28 13:26:24-04:00,"Manual de Procesos y Procedimientos (MPP) Elaboración de diseños Muestrales, Codificación y Logística",zip,16125.91,https://nube.ine.gob.bo/index.php/s/wR7IZSL9wLrqQ2H/download
2023-03-10 17:27:28-04:00,Manual de Procesos y Procedimientos – Recopilación de Datos para Censos y Encuestas Económicas (Versión N° 3),rar,32631.61,https://nube.ine.gob.bo/index.php/s/eOZ2KXMFO9wsF2E/download
2023-03-13 14:39:54-04:00,BOLETÍN ESTADÍSTICO PRECIOS INTERNACIONALES FEBRERO DE 2023,pdf,4200.22,https://nube.ine.gob.bo/index.php/s/UOLdURVofTwXXzB/download
2023-03-15 09:14:10-04:00,ECE_3T_2022,rar,9139.78,https://nube.ine.gob.bo/index.php/s/f9rwac7Ij2iuWMh/download
2023-03-15 09:14:37-04:00,ECE_3T_2022 RUR,rar,1198.34,https://nube.ine.gob.bo/index.php/s/VlgyfGWZC2EGqH2/download
2023-03-15 09:14:54-04:00,ECE_3T_2022 URB,rar,7947.34,https://nube.ine.gob.bo/index.php/s/usQpfa4SeFNVPKd/download
2023-03-18 00:54:52-04:00,EXPORTACIONES RITEX 2022p,spreadsheet,36.91,https://nube.ine.gob.bo/index.php/s/Q1wiQlPp7USjf6e/download
2023-03-22 19:48:35-04:00,BOLETÍN ESTADÍSTICO COMEX ENERO 2023,pdf,6654.46,https://nube.ine.gob.bo/index.php/s/fJNB8ScbUPGTZyX/download
2023-03-28 12:04:36-04:00,Manual de Procesos y Procedimientos – Recopilación de Datos para Censos y Encuestas Económicas (Versión N° 2),rar,5890.62,https://nube.ine.gob.bo/index.php/s/b5Qc8NzHqJ4go4j/download
2023-04-14 10:09:30-04:00,BOLETÍN ESTADÍSTICO PRECIOS INTERNACIONALES MARZO DE 2023,pdf,8193.15,https://nube.ine.gob.bo/index.php/s/lFZ2oZ4ESBj7wnt/download
2023-04-14 15:28:49-04:00,EXPORTACIONES 2022p,spreadsheet,2902.18,https://nube.ine.gob.bo/index.php/s/95MY96hpRVESrUf/download
2023-04-28 18:01:21-04:00,"BOLIVIA:INDICADORES DE POBREZA EXTREMA(1), SEGÚN ÁREA, 2016-2022",spreadsheet,285.09,https://nube.ine.gob.bo/index.php/s/6ffM4Tt50ILU23N/download
2023-04-28 18:01:56-04:00,"BOLIVIA: INCIDENCIA DE POBREZA EXTREMA(1), SEGÚN DEPARTAMENTO, 2016-2022",spreadsheet,286.98,https://nube.ine.gob.bo/index.php/s/vCTjbb2bemzYtDT/download
2023-04-28 18:04:19-04:00,"BOLIVIA: ÍNDICE DE GINI PARA EL INGRESO PER CÁPITA MENSUAL, SEGÚN ÁREA, 2005 – 2022",spreadsheet,287.77,https://nube.ine.gob.bo/index.php/s/48pjBmqdFIFxwfJ/download
2023-04-28 18:10:27-04:00,"BOLIVIA: INCIDENCIA DE POBREZA(1), SEGÚN DEPARTAMENTO, 2016-2022",spreadsheet,306.31,https://nube.ine.gob.bo/index.php/s/PL0z2JpMaQtxt6o/download
2023-04-28 18:10:45-04:00,"BOLIVIA: RAZÓN DE PERCENTIL PARA EL INGRESO PER CÁPITA MENSUAL, 2005 – 2022",spreadsheet,276.99,https://nube.ine.gob.bo/index.php/s/AbusI4n9HQMejBu/download
2023-05-11 19:18:19-04:00,BOLETÍN ESTADÍSTICO COMEX MARZO 2023,pdf,5525.18,https://nube.ine.gob.bo/index.php/s/qJ7zsGyyTiR2Zps/download
2023-05-15 15:20:14-04:00,BOLETÍN ESTADÍSTICO PRECIOS INTERNACIONALES ABRIL DE 2023,pdf,7527.68,https://nube.ine.gob.bo/index.php/s/UAX6yWPII7PEI8W/download
2023-06-02 15:13:00-04:00,ECE_4T_2022,rar,8954.40,https://nube.ine.gob.bo/index.php/s/cE3jMOi2SmkZg5e/download
2023-06-02 15:13:13-04:00,ECE_4T_2022 RUR,rar,1152.50,https://nube.ine.gob.bo/index.php/s/T59IoKwaaePrzK4/download
2023-06-02 15:13:31-04:00,ECE_4T_2022 URB,rar,7816.13,https://nube.ine.gob.bo/index.php/s/dewANnr6S1oBhEl/download
2023-06-05 19:32:44-04:00,BOLETÍN ESTADÍSTICO COMEX ABRIL 2023,pdf,5125.99,https://nube.ine.gob.bo/index.php/s/FStpBKkl54TNYap/download
2023-06-15 09:27:12-04:00,BOLETÍN ESTADÍSTICO PRECIOS INTERNACIONALES MAYO DE 2023,pdf,7314.15,https://nube.ine.gob.bo/index.php/s/SnTmNDSkqvibf8c/download
2023-07-14 15:32:54-04:00,BOLETÍN ESTADÍSTICO PRECIOS INTERNACIONALES JUNIO DE 2023,pdf,7877.61,https://nube.ine.gob.bo/index.php/s/liNi4Nlm29xbV9O/download
2023-07-17 05:29:55-04:00,BOLETÍN ESTADÍSTICO COMEX MAYO 2023,pdf,13646.12,https://nube.ine.gob.bo/index.php/s/J7cpKRU61wmdbiP/download
2023-08-14 15:23:47-04:00,BOLETÍN ESTADÍSTICO PRECIOS INTERNACIONALES JULIO DE 2023,pdf,7896.08,https://nube.ine.gob.bo/index.php/s/260X164o1KZJblE/download
2023-08-28 09:23:03-04:00,BOLETÍN ESTADÍSTICO COMEX JUNIO 2023,pdf,5261.25,https://nube.ine.gob.bo/index.php/s/ugrmB4pHKxVPG84/download
2023-09-14 09:47:28-04:00,BOLETÍN ESTADÍSTICO PRECIOS INTERNACIONALES AGOSTO DE 2023,pdf,8967.14,https://nube.ine.gob.bo/index.php/s/G1Ft0QnaYar5fEJ/download
2023-09-15 21:00:45-04:00,BOLETÍN ESTADÍSTICO COMEX JULIO 2023,pdf,6413.63,https://nube.ine.gob.bo/index.php/s/TUCcwGjtovesZxt/download
2023-09-22 15:10:09-04:00,Bolivia – Dirección prevalente y velocidad media del viento 2022,spreadsheet,99.62,https://nube.ine.gob.bo/index.php/s/J1t48cvLJzKHeJO/download
2023-09-22 15:37:57-04:00,Bolivia – Precipitación Acumulada 2005-2022,spreadsheet,104.26,https://nube.ine.gob.bo/index.php/s/KxnFkHRJ6ChqBki/download
2023-09-22 15:46:49-04:00,Bolivia Días con Precipitación 2005 – 2022,spreadsheet,100.90,https://nube.ine.gob.bo/index.php/s/n5UcRuKGKp8AkmE/download
2023-09-22 16:00:23-04:00,Bolivia – Temperatura Máxima 2005-2022,spreadsheet,104.79,https://nube.ine.gob.bo/index.php/s/HGSnuovIIY7qq9M/download
2023-09-22 16:03:15-04:00,Bolivia – Temperatura Media 2005 – 2022,spreadsheet,103.71,https://nube.ine.gob.bo/index.php/s/duRr2O6YMA1xUsG/download
2023-09-22 16:03:48-04:00,Bolivia – Temperatura Mínima Absoluta 2005-2022,spreadsheet,102.51,https://nube.ine.gob.bo/index.php/s/O2KDUurhIViOqY4/download
2023-09-22 16:04:18-04:00,Bolivia – Temperatura Mínima 2005-2022,spreadsheet,104.45,https://nube.ine.gob.bo/index.php/s/4yRlbRAz410RNek/download
2023-09-22 16:09:59-04:00,Bolivia – Temperatura Máxima Absoluta 2005-2022,spreadsheet,102.39,https://nube.ine.gob.bo/index.php/s/3rUe8b0L5e6eYyB/download
2023-09-22 16:39:05-04:00,Bolivia – Humedad Relativa 2005-2022,spreadsheet,104.50,https://nube.ine.gob.bo/index.php/s/9JkqWpujZduHE0S/download
2023-09-22 16:39:28-04:00,Bolivia – Días con helada 2005-2022,spreadsheet,99.41,https://nube.ine.gob.bo/index.php/s/2D8snKY4B9Aq1Wq/download
2023-09-22 16:46:27-04:00,Bolivia – Concentración de Dióxido de Nitrógeno 2014-2022,spreadsheet,99.43,https://nube.ine.gob.bo/index.php/s/awz901RLTVNgSIi/download
2023-09-22 16:49:00-04:00,Bolivia – Concentración de Ozono en el Aire 2014-2022,spreadsheet,100.08,https://nube.ine.gob.bo/index.php/s/EeQKzQXGaIldnO8/download
2023-09-22 17:04:17-04:00,Bolivia – Consumo y Potencial Agotador del Ozono 2006 – 2022,spreadsheet,98.84,https://nube.ine.gob.bo/index.php/s/ufdGn1n0yIoy4GP/download
2023-09-22 17:11:50-04:00,Bolivia Consumo de sustancias agotadoras de la capa de ozono 2006 – 2022,spreadsheet,97.45,https://nube.ine.gob.bo/index.php/s/jG7Kt8uJRbHZ5HA/download
2023-09-22 17:57:56-04:00,"BOLIVIA – FAMILIAS AFECTADAS Y O DAMNIFICADAS EN EVENTOS ADVERSOS DE ORIGEN NATURAL, SEGÚN DEPARTAMENTO POR AÑO 2006 – 2022",spreadsheet,104.10,https://nube.ine.gob.bo/index.php/s/8saaM2Qmkqdgiwq/download
2023-09-26 18:03:17-04:00,"BOLIVIA – FAMILIAS AFECTADAS Y DAMNIFICADAS SEGÚN CATEGORÍA, 2006 2022",spreadsheet,105.15,https://nube.ine.gob.bo/index.php/s/1x8GEyheChboeQz/download
2023-10-02 19:10:36-04:00,EXPORTACIONES 2021,spreadsheet,3109.27,https://nube.ine.gob.bo/index.php/s/82Noqtb9OyGFuqg/download
2023-10-02 19:10:36-04:00,EXPORTACIONES RITEX 2021,spreadsheet,39.14,https://nube.ine.gob.bo/index.php/s/PUXRQ18rUAs1TG8/download
2023-10-02 19:10:38-04:00,IMPORTACIONES RITEX 2022p,spreadsheet,66.65,https://nube.ine.gob.bo/index.php/s/IaXq9QgjJIOgioV/download
2023-10-02 19:10:38-04:00,IMPORTACIONES RITEX 2021,spreadsheet,59.31,https://nube.ine.gob.bo/index.php/s/wQtYTKJ6bMjMhFw/download
2023-10-02 19:10:44-04:00,IMPORTACIONES_2021,spreadsheet,59500.57,https://nube.ine.gob.bo/index.php/s/RVX5d4lxxSIBjnL/download
2023-10-02 19:10:50-04:00,IMPORTACIONES 2022p,spreadsheet,61254.63,https://nube.ine.gob.bo/index.php/s/bKcZ9KDiPxlgD1U/download
2023-10-09 13:59:04-04:00,ECE_1T_2023,rar,8827.70,https://nube.ine.gob.bo/index.php/s/zxgkAOzAKHmnpFM/download
2023-10-09 13:59:41-04:00,ECE_1T_2023RUR,rar,1155.95,https://nube.ine.gob.bo/index.php/s/TYYEYDt06Qibvbt/download
2023-10-09 14:00:00-04:00,ECE_1T_2023 URB,rar,7689.24,https://nube.ine.gob.bo/index.php/s/qMWIrYHfWPzpZ0H/download
2023-10-16 12:30:00-04:00,BOLETÍN ESTADÍSTICO PRECIOS INTERNACIONALES SEPTIEMBRE DE 2023,pdf,8857.23,https://nube.ine.gob.bo/index.php/s/pmiEKCYIhLkY2PX/download
2023-10-27 10:46:04-04:00,BOLETÍN ESTADÍSTICO COMEX AGOSTO 2023,pdf,7002.26,https://nube.ine.gob.bo/index.php/s/YRHffyAzUx7oviX/download
2023-11-16 09:30:17-04:00,BOLETÍN ESTADÍSTICO PRECIOS INTERNACIONALES OCTUBRE DE 2023,pdf,8894.42,https://nube.ine.gob.bo/index.php/s/o6Jl1lazgu5akO4/download
2023-11-24 19:01:56-04:00,BOLETÍN ESTADÍSTICO COMEX SEPTIEMBRE 2023,pdf,6853.63,https://nube.ine.gob.bo/index.php/s/MS26mBdxmovZgao/download
2023-11-28 08:23:42-04:00,EXPORTACIONES 2018,spreadsheet,3477.09,https://nube.ine.gob.bo/index.php/s/abQYzKxOFKXkr4X/download
2023-12-15 18:30:35-04:00,BOLETÍN ESTADÍSTICO PRECIOS INTERNACIONALES NOVIEMBRE DE 2023,pdf,8916.26,https://nube.ine.gob.bo/index.php/s/1MmBdOyzdrHpcMw/download
2023-12-15 20:58:29-04:00,BOLETÍN ESTADÍSTICO COMEX OCTUBRE 2023,pdf,7043.55,https://nube.ine.gob.bo/index.php/s/DZumANbrw3Zg76O/download
2024-01-10 21:01:04-04:00,ECE_2T_2023RUR,rar,1152.02,https://nube.ine.gob.bo/index.php/s/r4PvvU7MwlIR6Vf/download
2024-01-10 21:01:04-04:00,ECE_2T_2023,rar,8832.89,https://nube.ine.gob.bo/index.php/s/5vUqQqyTTJJ00dE/download
2024-01-10 21:01:06-04:00,ECE_2T_2023 URB,rar,7685.51,https://nube.ine.gob.bo/index.php/s/KxsTVP35BrOtQK0/download
2024-01-12 15:52:36-04:00,BOLETÍN ESTADÍSTICO PRECIOS INTERNACIONALES DICIEMBRE DE 2023,pdf,8734.31,https://nube.ine.gob.bo/index.php/s/2kKiYJbWMNppPYX/download
2024-01-27 14:39:56-04:00,BOLETÍN ESTADÍSTICO COMEX NOVIEMBRE 2023,pdf,7265.64,https://nube.ine.gob.bo/index.php/s/fiGbt4veCVJHxZc/download
2024-01-30 10:00:51-04:00,"Bolivia – Producción de Leche Bovina por Departamento según Año, 1990 – 2023",spreadsheet,116.14,https://nube.ine.gob.bo/index.php/s/oHHmF1Q7aoAtcF7/download
2024-01-30 10:05:11-04:00,"Bolivia – Producción de Carne Porcina por Departamento según Año, 1970 – 2023",spreadsheet,114.72,https://nube.ine.gob.bo/index.php/s/MLWjeZRyZRvVqcF/download
2024-01-30 10:59:52-04:00,"Bolivia – Hato Ganado Porcino por Departamento Edad y Sexo, 1984 – 2023",excel,232.00,https://nube.ine.gob.bo/index.php/s/lx78OnMtQW4hQYp/download
2024-01-30 12:23:44-04:00,"Bolivia – Cabezas de Bovino Faenadas por Departamento según Año, 1990 – 2023",spreadsheet,104.82,https://nube.ine.gob.bo/index.php/s/HbhXooZls3YBPZ2/download
2024-01-30 15:14:24-04:00,"Bolivia – Poblacion de Alpacas por Departamento Edad y Sexo, 1984 – 2023",excel,180.00,https://nube.ine.gob.bo/index.php/s/KwpEsMwkutu3syn/download
2024-01-30 15:19:48-04:00,"Bolivia – Producción de Carne de Alpaca por Departamento según Año, 1990 – 2023",spreadsheet,121.24,https://nube.ine.gob.bo/index.php/s/8a58VfnaGLnGnhG/download
2024-01-30 15:26:38-04:00,"Bolivia – Producción de Fibra de Alpaca por Departamento según Año, 1990 – 2023",spreadsheet,102.05,https://nube.ine.gob.bo/index.php/s/8BP8TOTQzUxkXm2/download
2024-01-30 16:08:57-04:00,"Bolivia – Poblacion de Llamas por Departamento Edad y Sexo, 1984 – 2023",excel,195.50,https://nube.ine.gob.bo/index.php/s/CjKEahyPKlsw4hV/download
2024-01-30 16:12:37-04:00,"Bolivia – Producción de Carne de Llama por Departamento según Año, 1970 – 2023",spreadsheet,112.01,https://nube.ine.gob.bo/index.php/s/MN09jxzar965luG/download
2024-01-30 16:21:24-04:00,"Bolivia – Producción de Fibra de Llama por Departamento según Año, 1990 – 2023",spreadsheet,113.73,https://nube.ine.gob.bo/index.php/s/3u9cgiqiMaT7jof/download
2024-01-31 10:35:51-04:00,"Bolivia – Hato Ganado Caprino por Depatamento Edad y Sexo, 1984 – 2023",excel,216.50,https://nube.ine.gob.bo/index.php/s/ZAeFP5DBak41gAO/download
2024-01-31 10:39:10-04:00,"Bolivia – Producción de Carne Caprina por Departamento según Año, 1970 – 2023",spreadsheet,125.15,https://nube.ine.gob.bo/index.php/s/3xtPIsyZ2762wJh/download
2024-01-31 10:46:32-04:00,"Bolivia – Producción de Leche Caprina por Departamento según Año, 1990 – 2023",spreadsheet,108.71,https://nube.ine.gob.bo/index.php/s/P5mFUdqFibAvtlt/download
2024-01-31 11:25:11-04:00,"Bolivia – Producción de Carne Ovina por Departamento según Año, 1970 – 2023",spreadsheet,112.27,https://nube.ine.gob.bo/index.php/s/XuecNj1SgfIrawm/download
2024-01-31 11:30:07-04:00,"Bolivia – Producción de Lana Ovina por Departamento según Año, 1990 – 2023",spreadsheet,112.28,https://nube.ine.gob.bo/index.php/s/Kg4iHAwkipJTbe1/download
2024-01-31 11:44:51-04:00,"Bolivia – Producción de Cuero Bovina por Departamento según Año, 1990 – 2023",spreadsheet,98.98,https://nube.ine.gob.bo/index.php/s/nDBrEdWG0Rgb8Yw/download
2024-02-01 12:05:15-04:00,"Bolivia – Hato Ganado Ovino por Departamento Edad y Sexo, 1984 – 2023",excel,215.00,https://nube.ine.gob.bo/index.php/s/K6COhTT9LXm2ghX/download
2024-02-05 10:11:46-04:00,"Bolivia – Producción de Carne Bovina por Departamento según Año, 1990 – 2023",spreadsheet,116.30,https://nube.ine.gob.bo/index.php/s/lY6AZ6IW5ZYz3TP/download
2024-02-08 17:19:00-04:00,Manual de Procesos y Procedimientos de la Elaboración de Estadísticas e Indicadores Económicos (versión 4.0),pdf,14171.64,https://nube.ine.gob.bo/index.php/s/J6xhP0cO8Bnfe5z/download
2024-02-09 17:45:47-04:00,BOLETÍN ESTADÍSTICO COMEX DICIEMBRE 2023,pdf,6839.93,https://nube.ine.gob.bo/index.php/s/CHpwCVCLqqpbo54/download
2024-02-15 14:53:41-04:00,BOLETÍN ESTADÍSTICO PRECIOS INTERNACIONALES ENERO DE 2024,pdf,9527.38,https://nube.ine.gob.bo/index.php/s/s79rwQQYUhNpmgv/download
2024-03-14 17:49:30-04:00,BOLETÍN ESTADÍSTICO PRECIOS INTERNACIONALES FEBRERO DE 2024,pdf,8174.05,https://nube.ine.gob.bo/index.php/s/Qkh31iBdUWdE3n1/download
2024-03-15 19:14:06-04:00,BOLETÍN ESTADÍSTICO COMEX ENERO 2024,pdf,6346.70,https://nube.ine.gob.bo/index.php/s/DEFJN5GYGSmQu0l/download
2024-03-21 09:52:00-04:00,Manual de Procesos y Procedimientos para la elaboración de Estadísticas e Indicadores Sociales (VERSIÓN N° 3.0),pdf,15338.31,https://nube.ine.gob.bo/index.php/s/zcNRYq1r1axf8dL/download
2024-03-30 20:48:37-04:00,EXPORTACIONES RITEX 2023p,spreadsheet,43.53,https://nube.ine.gob.bo/index.php/s/CMuozYP0oLnHlzl/download
2024-03-30 20:48:37-04:00,IMPORTACIONES RITEX 2023p,spreadsheet,70.49,https://nube.ine.gob.bo/index.php/s/FriuFQee5wQKAY4/download
2024-03-30 20:48:37-04:00,EXPORTACIONES 2023p,spreadsheet,2664.09,https://nube.ine.gob.bo/index.php/s/rUHVXwADuuNDXTz/download
2024-03-30 20:48:38-04:00,IMPORTACIONES 2023p,spreadsheet,59359.89,https://nube.ine.gob.bo/index.php/s/qPDlbEBgzWWXTHE/download
2024-04-03 15:02:24-04:00,Cuestionario v8,pdf,886.49,https://nube.ine.gob.bo/index.php/s/ZabBM2d6HmbMaCL/download
2024-04-03 15:02:24-04:00,ECE_3T_2023 URB,rar,7654.32,https://nube.ine.gob.bo/index.php/s/lvyKxVoUJGnUBTv/download
2024-04-03 15:02:24-04:00,ECE_3T_2023,rar,8788.71,https://nube.ine.gob.bo/index.php/s/CuvVTEnFSexJ8nb/download
2024-04-03 15:02:24-04:00,ECE_3T_2023RUR,rar,1151.67,https://nube.ine.gob.bo/index.php/s/GeYjdBIhxMM0Asp/download
2024-04-15 19:00:54-04:00,BOLETÍN ESTADÍSTICO PRECIOS INTERNACIONALES MARZO DE 2024,pdf,9553.54,https://nube.ine.gob.bo/index.php/s/547zu2zD0EHt51O/download
2024-04-18 18:49:44-04:00,"Bolivia – Área urbana: Población por trimestre, según condición de actividad y sexo, 2015 – 2024",spreadsheet,124.38,https://nube.ine.gob.bo/index.php/s/wgTtlXIXzFr9l5y/download
2024-04-18 18:51:49-04:00,"Bolivia – Área Rural: Población por trimestre, según condición de actividad y sexo, 2015 – 2024",spreadsheet,119.18,https://nube.ine.gob.bo/index.php/s/GmJmH75fcupS3cL/download
2024-04-18 18:53:44-04:00,"La Paz – Área urbana: Población por trimestre, según condición de actividad y sexo, 2015 – 2024",spreadsheet,117.90,https://nube.ine.gob.bo/index.php/s/gh3xaRyt4wbIMdw/download
2024-04-18 18:57:25-04:00,"Cochabamba – Área urbana: Población por trimestre, según condición de actividad y sexo, 2015 – 2024",spreadsheet,118.07,https://nube.ine.gob.bo/index.php/s/enQ8h1wlbbYLXQq/download
2024-04-18 18:58:59-04:00,"Santa Cruz – Área urbana: Población por trimestre, según condición de actividad y sexo, 2015 – 2024",spreadsheet,118.07,https://nube.ine.gob.bo/index.php/s/oVmjsx0LBBWEd6A/download
2024-04-18 19:00:49-04:00,"Chuquisaca, Oruro, Potosí, Tarija, Beni y Pando – Área urbana: Población por trimestre, según condición de actividad y sexo, 2015 – 2024",spreadsheet,118.00,https://nube.ine.gob.bo/index.php/s/GjOKiuP4o9sJmbS/download
2024-04-18 19:09:07-04:00,"Bolivia: Principales Indicadores de empleo por trimestre, según sexo, 2015 – 2024",spreadsheet,117.79,https://nube.ine.gob.bo/index.php/s/5F7TvwjVgzCVn0h/download
2024-04-18 19:11:07-04:00,"Bolivia – Área urbana: Principales indicadores de empleo por trimestre, según sexo, 2015 – 2024",spreadsheet,119.21,https://nube.ine.gob.bo/index.php/s/PKrWH5Qphd8OlFR/download
2024-04-18 19:18:57-04:00,"Cochabamba: Principales indicadores de empleo por trimestre, según sexo, 2015 – 2024",spreadsheet,117.83,https://nube.ine.gob.bo/index.php/s/13OkNi9obxBVIKm/download
2024-04-18 19:20:46-04:00,"Santa Cruz: Principales indicadores de empleo por trimestre, según sexo, 2015 – 2024",spreadsheet,118.02,https://nube.ine.gob.bo/index.php/s/SxtIofw9oo9EHYU/download
2024-04-18 19:22:21-04:00,"Chuquisaca, Oruro, Potosí, Tarija, Beni y Pando: Principales indicadores de empleo por trimestre, según sexo, 2015 – 2024",spreadsheet,118.00,https://nube.ine.gob.bo/index.php/s/ybZJ8wf1N1eoMaC/download
2024-04-18 19:24:29-04:00,"La Paz – Área urbana: Principales indicadores de empleo por trimestre, según sexo, 2015 – 2024",spreadsheet,119.14,https://nube.ine.gob.bo/index.php/s/uCWkDKixEkKSVgy/download
2024-04-19 09:57:10-04:00,"Cochabamba – Área urbana: Principales indicadores de empleo por trimestre, según sexo, 2015 – 2024",spreadsheet,119.35,https://nube.ine.gob.bo/index.php/s/9hIqWSdWe4sYx77/download
2024-04-19 10:18:34-04:00,"Bolivia – Área Rural: Principales indicadores de empleo por trimestre, según sexo, 2015 – 2024",spreadsheet,116.62,https://nube.ine.gob.bo/index.php/s/E5Mah6Xqb92ZFRB/download
2024-04-19 10:32:48-04:00,"La Paz: Principales Indicadores de empleo por trimestre, según sexo, 2015 – 2024",spreadsheet,117.91,https://nube.ine.gob.bo/index.php/s/mBLZ88X8Rg5Vu8Y/download
2024-04-19 16:36:45-04:00,"Chuquisaca, Oruro, Potosí, Tarija, Beni y Pando – Área urbana: Distribución porcentual de la población de 14 años o más de edad en la ocupación principal por trimestre, según actividad económica, 2015 – 2024",spreadsheet,120.30,https://nube.ine.gob.bo/index.php/s/Akp4BOTqIEZ8UK4/download
2024-04-19 16:48:31-04:00,"La Paz – Área urbana: Distribución porcentual de la población de 14 años o más de edad en la ocupación principal por trimestre, según actividad económica, 2015 – 2024",spreadsheet,119.77,https://nube.ine.gob.bo/index.php/s/bT5ub9gqe8ZvpAv/download
2024-04-19 16:59:00-04:00,"Chuquisaca, Oruro, Potosí, Tarija, Beni y Pando: Distribución porcentual de la población de 14 años o más de edad en la ocupación principal por trimestre, según actividad económica, 2015 – 2023",spreadsheet,119.09,https://nube.ine.gob.bo/index.php/s/gsnSscldE3QNCZq/download
2024-04-19 17:11:01-04:00,"Santa Cruz: Distribución porcentual de la población de 14 años o más de edad en la ocupación principal por trimestre, según actividad económica, 2015 – 2024",spreadsheet,119.00,https://nube.ine.gob.bo/index.php/s/d7D4DNC2g95dapa/download
2024-04-19 17:14:20-04:00,"Cochabamba: Distribución porcentual de la población de 14 años o más de edad en la ocupación principal por trimestre, según actividad económica, 2015 – 2024",spreadsheet,118.48,https://nube.ine.gob.bo/index.php/s/JygHk4vO2q1N5nU/download
2024-04-19 17:16:53-04:00,"La Paz: Distribución porcentual de la población de 14 años o más de edad en la ocupación principal por trimestre, según actividad económica, 2015 – 2024",spreadsheet,119.41,https://nube.ine.gob.bo/index.php/s/EXEPxsnKWFcoKan/download
2024-04-19 17:19:25-04:00,"Chuquisaca, Oruro, Potosí, Tarija, Beni y Pando – Área urbana: Distribución porcentual de la población de 14 años o más de edad en la ocupación principal por trimestre, según sexo y categoría en el empleo, 2015 – 2024",spreadsheet,121.38,https://nube.ine.gob.bo/index.php/s/nBLQf6x4VsqLgFx/download
2024-04-19 17:27:45-04:00,"Santa Cruz – Área urbana: Distribución porcentual de la población de 14 años o más de edad en la ocupación principal por trimestre, según sexo y categoría en el empleo, 2015 – 2024",spreadsheet,120.53,https://nube.ine.gob.bo/index.php/s/H3hdSOR3LDxnUNf/download
2024-04-19 17:30:38-04:00,"Cochabamba – Área urbana: Distribución porcentual de la población de 14 años o más de edad en la ocupación principal por trimestre, según sexo y categoría en el empleo, 2015 – 2024",spreadsheet,120.81,https://nube.ine.gob.bo/index.php/s/LI6alXSDUDRz9gj/download
2024-04-19 17:33:10-04:00,"La Paz – Área urbana: Distribución porcentual de la población de 14 años o más de edad en la ocupación principal por trimestre, según sexo y categoría en el empleo, 2015 – 2024",spreadsheet,120.97,https://nube.ine.gob.bo/index.php/s/r4E73vGr8eFeMLL/download
2024-04-19 17:36:56-04:00,"Chuquisaca, Oruro, Potosí, Tarija, Beni y Pando: Distribución porcentual de la población de 14 años o más de edad en la ocupación principal por trimestre, según sexo y categoría en el empleo, 2015 – 2024",spreadsheet,119.88,https://nube.ine.gob.bo/index.php/s/MZmHa6868tE5iNQ/download
2024-04-19 17:38:57-04:00,"Santa Cruz: Distribución porcentual de la población de 14 años o más de edad en la ocupación principal por trimestre, según sexo y categoría en el empleo, 2015 – 2024",spreadsheet,119.15,https://nube.ine.gob.bo/index.php/s/cHH577xMWBcAvDj/download
2024-04-19 17:39:35-04:00,"Bolivia: Distribución Porcentual de la población de 14 años o más de edad en la ocupación principal por trimestre, según sexo y grupo ocupacional, 2015 – 2024",spreadsheet,125.28,https://nube.ine.gob.bo/index.php/s/p5VtPPc9kBbB5kf/download
2024-04-19 17:42:16-04:00,"Bolivia – Área urbana: Distribución porcentual de la población de 14 años o más de edad en la ocupación principal por trimestre, según sexo y grupo ocupacional, 2015 – 2024",spreadsheet,126.79,https://nube.ine.gob.bo/index.php/s/4hn7geW9raWc65M/download
2024-04-19 17:44:01-04:00,"Bolivia – Área Rural: Distribución porcentual de la población de 14 años o más de edad en la ocupación principal por trimestre, según sexo y grupo ocupacional, 2015 – 2024",spreadsheet,122.86,https://nube.ine.gob.bo/index.php/s/756uutZaqg8dyaw/download
2024-04-19 17:45:02-04:00,"Cochabamba: Distribución porcentual de la población de 14 años o más de edad en la ocupación principal por trimestre, según sexo y categoría en el empleo, 2015 – 2024",spreadsheet,119.73,https://nube.ine.gob.bo/index.php/s/u3EcST12WVQPPjm/download
2024-04-19 17:45:24-04:00,"Bolivia: Distribución porcentual de la población de 14 años o más de edad en la ocupación principal por trimestre, según sexo y categoría en el empleo, 2015 – 2024",spreadsheet,119.56,https://nube.ine.gob.bo/index.php/s/fy87Pmt8EiKGJRX/download
2024-04-19 17:47:12-04:00,"La Paz: Distribución porcentual de la población de 14 años o más de edad en la ocupación principal por trimestre, según sexo y categoría en el empleo, 2015 – 2024",spreadsheet,121.98,https://nube.ine.gob.bo/index.php/s/fMMcBETFgVqsIUy/download
2024-04-19 17:47:34-04:00,"Bolivia – Área urbana: Distribución porcentual de la población de 14 años o más de edad en la ocupación principal por trimestre, según sexo y categoría en el empleo, 2015 – 2024",spreadsheet,120.53,https://nube.ine.gob.bo/index.php/s/KLjMO17cdSVQr9h/download
2024-04-19 17:48:42-04:00,"Chuquisaca, Oruro, Potosí, Tarija, Beni y Pando- Área urbana: Distribución porcentual de la población de 14 años o más de edad en la ocupación principal por trimestre, según sexo y grupo ocupacional, 2015 – 2024",spreadsheet,123.81,https://nube.ine.gob.bo/index.php/s/5wTNfffl0NDWmbX/download
2024-04-19 17:49:33-04:00,"Bolivia – Área Rural: Distribución porcentual de la población de 14 años o más de edad en la ocupación principal por trimestre, según sexo y categoría en el empleo, 2015 – 2024",spreadsheet,120.12,https://nube.ine.gob.bo/index.php/s/kFHr7PCDtQx0678/download
2024-04-19 17:50:55-04:00,"Bolivia: Distribución Porcentual de la población de 14 años o más de edad en la ocupación principal por trimestre, según sexo y actividad económica, 2015 – 2024",spreadsheet,141.58,https://nube.ine.gob.bo/index.php/s/H9ldFOklpyakuRh/download
2024-04-19 17:51:23-04:00,"Santa Cruz – Área urbana: Distribución porcentual de la población de 14 años o más de edad en la ocupación principal por trimestre, según sexo y grupo ocupacional, 2015 – 2024",spreadsheet,123.64,https://nube.ine.gob.bo/index.php/s/oH5NtowpOL4sPAI/download
2024-04-19 17:53:38-04:00,"Bolivia – Área urbana: Distribución porcentual de la población de 14 años o más de edad en la ocupación principal por trimestre, según sexo y actividad económica, 2015 – 2024",spreadsheet,144.98,https://nube.ine.gob.bo/index.php/s/nNE76aIPgYpaKCe/download
2024-04-19 17:55:12-04:00,"Cochabamba – Área urbana: Distribución porcentual de la población de 14 años o más de edad en la ocupación principal por trimestre, según sexo y grupo ocupacional, 2015 – 2024",spreadsheet,123.67,https://nube.ine.gob.bo/index.php/s/VSD0IbIzUjAsY7M/download
2024-04-19 17:55:19-04:00,"Bolivia – Área Rural: Distribución porcentual de la población de 14 años o más de edad en la ocupación principal por trimestre, según sexo y actividad económica, 2015 – 2024",spreadsheet,127.92,https://nube.ine.gob.bo/index.php/s/vOSv2oEbAMOlDpp/download
2024-04-19 17:57:17-04:00,"La Paz – Área urbana: Distribución porcentual de la población de 14 años o más de edad en la ocupación principal por trimestre, según sexo y grupo ocupacional, 2015 – 2024",spreadsheet,123.70,https://nube.ine.gob.bo/index.php/s/cCeBVkNI3g7wlTN/download
2024-04-19 17:57:46-04:00,"Bolivia: Promedio de horas trabajadas por semana en la ocupación principal por trimestre, según sexo y grupo ocupacional, 2015 – 2024",spreadsheet,122.16,https://nube.ine.gob.bo/index.php/s/UATmZQnncNwQoLx/download
2024-04-19 17:59:22-04:00,"Chuquisaca, Oruro, Potosí, Tarija, Beni y Pando: Distribución porcentual de la población de 14 años o más de edad en la ocupación principal por trimestre, según sexo y grupo ocupacional, 2015 – 2024",spreadsheet,122.17,https://nube.ine.gob.bo/index.php/s/SWITAk7FtHT525F/download
2024-04-19 17:59:26-04:00,"Bolivia – Área urbana: Promedio de horas trabajadas por semana en la ocupación principal por trimestre, según sexo y grupo ocupacional, 2015- 2024",spreadsheet,123.65,https://nube.ine.gob.bo/index.php/s/hTxINIcbhzTqxwg/download
2024-04-19 18:01:19-04:00,"Santa Cruz: Distribución porcentual de la población de 14 años o más de edad en la ocupación principal por trimestre, según sexo y grupo ocupacional, 2015 – 2024",spreadsheet,121.98,https://nube.ine.gob.bo/index.php/s/ybZRPamNT6u8Hoy/download
2024-04-19 18:01:40-04:00,"Bolivia – Área Rural: Promedio de horas trabajadas por semana en la ocupación principal por trimestre, según sexo y grupo ocupacional, 2015- 2024",spreadsheet,121.82,https://nube.ine.gob.bo/index.php/s/i9wSe6YmEGwu6Bc/download
2024-04-19 18:03:07-04:00,"Bolivia: Promedio de horas trabajadas por semana en la ocupación principal por trimestre, según sexo y categoría en el empleo, 2015 – 2024",spreadsheet,116.38,https://nube.ine.gob.bo/index.php/s/1BPJX7LEEtrfhBC/download
2024-04-19 18:04:01-04:00,"Cochabamba: Distribución porcentual de la población de 14 años o más de edad en la ocupación principal por trimestre, según sexo y grupo ocupacional, 2015 – 2024",spreadsheet,122.19,https://nube.ine.gob.bo/index.php/s/zHYguR0g9Zasuvy/download
2024-04-19 18:05:44-04:00,"Bolivia – Área urbana: Promedio de horas trabajadas por semana en la ocupación principal por trimestre, según sexo y categoría en el empleo, 2015 – 2024",spreadsheet,117.37,https://nube.ine.gob.bo/index.php/s/wSRsxUpSNk2Usu7/download
2024-04-19 18:07:00-04:00,"Bolivia – Área Rural: Promedio de horas trabajadas por semana en la ocupación principal por trimestre, según sexo y categoría en el empleo, 2015 – 2024",spreadsheet,115.92,https://nube.ine.gob.bo/index.php/s/fDExR2cLMNL9QBo/download
2024-04-19 18:09:32-04:00,"Bolivia: Promedio de horas trabajadas por semana en la ocupación principal por trimestre, según sexo y actividad económica, 2015 – 2024",spreadsheet,136.59,https://nube.ine.gob.bo/index.php/s/63I3zM2hCxwTeqd/download
2024-04-19 18:10:52-04:00,"Bolivia – Área urbana: Promedio de horas trabajadas por semana en la ocupación principal por trimestre, según sexo y actividad económica, 2015 – 2024",spreadsheet,140.24,https://nube.ine.gob.bo/index.php/s/4A6skV4yuqNthgp/download
2024-04-19 18:12:21-04:00,"Bolivia – Área Rural: Promedio de horas trabajadas por semana en la ocupación principal por trimestre, según sexo y actividad económica, 2015 – 2024",spreadsheet,123.53,https://nube.ine.gob.bo/index.php/s/9NACbwC1Ja8rVQQ/download
2024-04-19 18:20:02-04:00,"La Paz: Distribución porcentual de la población de 14 años o más de edad en la ocupación principal por trimestre, según sexo y grupo ocupacional, 2015 – 2024",spreadsheet,122.10,https://nube.ine.gob.bo/index.php/s/7qMruB6tqpSk6VL/download
2024-04-19 18:45:02-04:00,"Bolivia: Población por trimestre, según condición de actividad y sexo, 2015 – 2024",spreadsheet,123.49,https://nube.ine.gob.bo/index.php/s/TtxZNbReTQv6mWA/download
2024-04-19 18:45:48-04:00,"Chuquisaca, Oruro, Potosí, Tarija, Beni y Pando – Área urbana: Principales indicadores de empleo por trimestre, según sexo, 2015 – 2024",spreadsheet,119.76,https://nube.ine.gob.bo/index.php/s/GuJEWLvhuVeYgIB/download
2024-04-19 18:46:06-04:00,"Santa Cruz – Área urbana: Principales indicadores de empleo por trimestre, según sexo, 2015 – 2024",spreadsheet,119.67,https://nube.ine.gob.bo/index.php/s/rI09yxsn5JeTcVK/download
2024-04-19 19:03:15-04:00,"Santa Cruz – Área urbana: Distribución porcentual de la población de 14 años o más de edad en la ocupación principal por trimestre, según actividad económica, 2015 – 2024",spreadsheet,119.77,https://nube.ine.gob.bo/index.php/s/Hfr83y8ijYkJr7H/download
2024-04-19 19:03:44-04:00,BOLETÍN ESTADÍSTICO COMEX FEBRERO 2024,pdf,7151.46,https://nube.ine.gob.bo/index.php/s/b0As6oGtQHymOwt/download
2024-04-19 19:03:51-04:00,"Cochabamba – Área urbana: Distribución porcentual de la población de 14 años o más de edad en la ocupación principal por trimestre, según actividad económica, 2015 – 2024",spreadsheet,119.75,https://nube.ine.gob.bo/index.php/s/SeqvxqQcKa5UInV/download
2024-05-15 17:06:01-04:00,BOLETÍN ESTADÍSTICO PRECIOS INTERNACIONALES ABRIL DE 2024,pdf,9086.09,https://nube.ine.gob.bo/index.php/s/0Upsouwbajbkh6s/download
2024-05-17 22:05:34-04:00,"Bolivia – Índice De Valor Unitario De Exportaciones, Según Productos Tradicionales y No Tradicionales 2016 – 2024",spreadsheet,585.91,https://nube.ine.gob.bo/index.php/s/XZt7VKJeYpleN8d/download
2024-05-17 22:06:31-04:00,"Bolivia – Índice De Valor Unitario De Exportaciones, por año y mes, Según Grandes Categorías Económicas 2016 – 2024",spreadsheet,134.54,https://nube.ine.gob.bo/index.php/s/SUHScDos2e78Sdf/download
2024-05-17 22:08:39-04:00,"Bolivia – Índice De Valor De Exportaciones, Según Productos Tradicionales y No Tradicionales 2016 – 2024",spreadsheet,587.17,https://nube.ine.gob.bo/index.php/s/cb2JM2yroEUmDNs/download
2024-05-17 22:10:55-04:00,"Bolivia – Índice De Volumen De Exportaciones, por año y mes, Según Grandes Categorías Económicas 2016 – 2024",spreadsheet,134.98,https://nube.ine.gob.bo/index.php/s/msuRBDXaIsfvXRA/download
2024-05-17 22:11:24-04:00,"Bolivia – Índice De Valor De Exportaciones, por año y mes Según Clasificación Uniforme para el Comercio Internacional 2016 – 2024",spreadsheet,150.71,https://nube.ine.gob.bo/index.php/s/sp9dDfhhCqMiasa/download
2024-05-17 22:11:35-04:00,"Bolivia – Índice De Valor De Exportaciones, por año y por mes Según Grandes Categorías Económicas 2016 – 2024",spreadsheet,135.39,https://nube.ine.gob.bo/index.php/s/NdS0I3KwDLe8LKM/download
2024-05-17 22:14:19-04:00,"Bolivia – Índice De Valor Unitario De Exportaciones, por año y mes, Según Clasificación Uniforme para el Comercio Internacional 2016 – 2024",spreadsheet,149.29,https://nube.ine.gob.bo/index.php/s/oQjOkBs1lCAdUKG/download
2024-05-17 22:15:21-04:00,"Bolivia – Índice De Volumen De Exportaciones, por año y mes, Según Clasificación Uniforme para el Comercio Internacional 2016 – 2024",spreadsheet,151.37,https://nube.ine.gob.bo/index.php/s/iA2lzr0Mwwr2XI2/download
2024-05-17 22:17:55-04:00,"Bolivia – Índice De Volumen De Importaciones, Según Grandes Categorías Económicas 2016 – 2024",spreadsheet,131.57,https://nube.ine.gob.bo/index.php/s/5Y6XnHJvrtG89GJ/download
2024-05-17 22:18:21-04:00,"Bolivia – Índice De Volumen De Importaciones, Según Clasificación Uniforme para el Comercio Internacional 2016 – 2024",spreadsheet,143.98,https://nube.ine.gob.bo/index.php/s/1puW2H0hN49mX83/download
2024-05-17 22:19:02-04:00,"Bolivia – Índice De Valor Unitario De Importaciones, Según La Clasificación De Uso o Destino Económico (CUODE) 2016 – 2024",spreadsheet,471.31,https://nube.ine.gob.bo/index.php/s/TgvidYlPAkiuIiq/download
2024-05-17 22:19:31-04:00,"Bolivia – Índice De Valor Unitario De Importaciones, Según Grandes Categorías Económicas 2016 – 2024",spreadsheet,132.47,https://nube.ine.gob.bo/index.php/s/6XM8kmBuN6L9s6p/download
2024-05-17 22:20:08-04:00,"Bolivia – Índice De Valor Unitario De Importaciones, Según Clasificación Uniforme para el Comercio Internacional 2016 – 2024",spreadsheet,146.23,https://nube.ine.gob.bo/index.php/s/WqmItwIUONPwXtd/download
2024-05-17 22:20:37-04:00,"Bolivia – Índice De Valor De Importaciones, Según La Clasificación De Uso o Destino Económico (CUODE) 2016 – 2024",spreadsheet,489.07,https://nube.ine.gob.bo/index.php/s/VmPWyOhKS51Pcks/download
2024-05-17 22:21:04-04:00,"Bolivia – Índice De Valor De Importaciones, Según Grandes Categorías Económicas 2016 – 2024",spreadsheet,134.35,https://nube.ine.gob.bo/index.php/s/ZSmKw6jlNHlWri0/download
2024-05-17 22:21:35-04:00,"Bolivia – Índice De Valor De Importaciones, Según Clasificación Uniforme para el Comercio Internacional 2016 – 2024",spreadsheet,146.23,https://nube.ine.gob.bo/index.php/s/dnhduUMdzVhnmsA/download
2024-05-17 22:22:03-04:00,"Bolivia – Índice De Volumen De Importaciones, Según La Clasificación De Uso o Destino Económico (CUODE) 2016 – 2024",spreadsheet,425.59,https://nube.ine.gob.bo/index.php/s/jvXGmBXqvjbUDPE/download
2024-05-20 18:21:00-04:00,"BOLIVIA: INDICADORES DE POBREZA(1), SEGÚN ÁREA, 2016-2022",spreadsheet,283.20,https://nube.ine.gob.bo/index.php/s/RkqFdKgwXMq1Jh9/download
2024-05-20 20:41:00-04:00,BOLIVIA – RECOLECCIÓN DE RESIDUOS POR CIUDAD Y TIPO DE PROCEDENCIA 2010 – 2023,spreadsheet,108.15,https://nube.ine.gob.bo/index.php/s/GwmYKVVUfyDm3Z8/download
2024-05-21 17:27:55-04:00,"BOLIVIA: PERCEPCIÓN DE SEGURIDAD DE LA POBLACIÓN DE 15 AÑOS O MÁS, AL CAMINAR SOLA(O) CERCA DE SU VIVIENDA CUANDO ES DE NOCHE, SEGÚN CARACTERÍSTICA SELECCIONADA, 2016 – 2022",spreadsheet,86.48,https://nube.ine.gob.bo/index.php/s/vlYak1cuyFv2H8J/download
2024-05-21 17:28:07-04:00,"BOLIVIA: POBLACIÓN DE 15 AÑOS O MÁS POR CONDICIÓN DE VÍCTIMA DE ALGÚN HECHO DELICTIVO, SEGÚN CARACTERÍSTICA SELECCIONADA, 2016 – 2022",spreadsheet,84.86,https://nube.ine.gob.bo/index.php/s/8VOyNQbcloG5H11/download
2024-05-21 18:50:14-04:00,BOLIVIA – INDICE DE VOLUMEN DE TELECOMUNICACIONES SEGUN AÑO Y MES 1990 – 2024,spreadsheet,229.60,https://nube.ine.gob.bo/index.php/s/BltOzwduYPt2wWC/download
2024-05-21 18:51:57-04:00,"BOLIVIA – CONEXIONES AL SERVICIO DE ACCESO A INTERNET POR DEPARTAMENTO, SEGÚN AÑO Y TRIMESTRE, 2012 – 2024",spreadsheet,62.60,https://nube.ine.gob.bo/index.php/s/5tRDKsQhjgdHyYn/download
2024-05-21 18:53:08-04:00,"BOLIVIA – CONEXIONES AL SERVICIO DE ACCESO A INTERNET POR TIPO DE TECNOLOGÍA, SEGÚN AÑO Y TRIMESTRE, 2012 – 2024",spreadsheet,58.99,https://nube.ine.gob.bo/index.php/s/Py3xfOWTRDLJPig/download
2024-05-21 18:54:22-04:00,"BOLIVIA – SUSCRIPCION A TELEVISION POR CABLE POR DEPARTAMENTO, SEGÚN AÑO Y TRIMESTRE, 2017 – 2024",spreadsheet,60.17,https://nube.ine.gob.bo/index.php/s/2NJSU6Wgk1CDx0f/download
2024-05-21 18:55:25-04:00,"BOLIVIA – LINEAS MÓVILES POR DEPARTAMENTO, SEGÚN AÑO Y TRIMESTRE, 1996 – 2024",spreadsheet,64.12,https://nube.ine.gob.bo/index.php/s/AM6pWsXxnm7q8uK/download
2024-05-21 18:57:05-04:00,"BOLIVIA – LINEAS FIJAS POR DEPARTAMENTO, SEGÚN AÑO Y TRIMESTRE, 1996 – 2024",spreadsheet,63.68,https://nube.ine.gob.bo/index.php/s/UA31iBPQsgTKBZz/download
2024-05-22 12:25:37-04:00,"BOLIVIA: PERCEPCIÓN DE SEGURIDAD DE LA POBLACIÓN DE 15 AÑOS O MÁS, SOBRE CÚANTA CONFIANZA LES INSPIRA LA POLICIA BOLIVIANA, SEGÚN CARACTERÍSTICA SELECCIONADA, 2021 Y 2022",spreadsheet,85.88,https://nube.ine.gob.bo/index.php/s/a4q9WLUjbsIb8MO/download
2024-05-22 12:41:24-04:00,"BOLIVIA: POBLACIÓN DE 15 AÑOS O MÁS POR CONDICIÓN DE DISCRIMINACIÓN, SEGÚN CARACTERÍSTICA SELECCIONADA, 2018 – 2022",spreadsheet,74.71,https://nube.ine.gob.bo/index.php/s/QpHobUfaiHuZItT/download
2024-05-22 16:52:49-04:00,"Bolivia – Índice De Volumen De Exportaciones, Según Productos Tradicionales y No Tradicionales 2016 – 2024",spreadsheet,585.81,https://nube.ine.gob.bo/index.php/s/26SMMicEkHp3GiX/download
2024-05-22 16:53:26-04:00,"Bolivia – Índice de Términos de Intercambio, 2016 – 2024",spreadsheet,105.50,https://nube.ine.gob.bo/index.php/s/ja6PWco2LQCZxfl/download
2024-05-23 15:47:16-04:00,"Bolivia- Existencia de Aves de Postura por Departamento, según año 1984-2023",spreadsheet,105.87,https://nube.ine.gob.bo/index.php/s/Bmnny8NvolgQMAy/download
2024-05-23 15:50:04-04:00,"Bolivia- Aves de Postura Destinada a la Producción de Huevo por Departamento, según Años, 1984 – 2023",excel,145.00,https://nube.ine.gob.bo/index.php/s/KGfaP7SsYn6Iq9J/download
2024-05-23 15:51:11-04:00,"Bolivia – Existencia de Aves Parrilleras por Departamento, según Años, 1984 – 2023",excel,139.50,https://nube.ine.gob.bo/index.php/s/CAFtW8wpDLWsygp/download
2024-05-23 15:52:26-04:00,"Bolivia – Producción de Carne de Aves Parrilleras por Departamento según Años, 1984 – 2023",excel,144.50,https://nube.ine.gob.bo/index.php/s/uZbPrDY0DU9gmYW/download
2024-05-23 15:54:07-04:00,"Bolivia – Producción de Huevo de Aves Postura por Departamento, según Años, 1984 – 2023",excel,144.00,https://nube.ine.gob.bo/index.php/s/pwhDOcBbs8iA2KF/download
2024-05-23 20:15:10-04:00,BOLIVIA NÚMERO DE CONEXIONES DE AGUA POTABLE POR CATEGORÍA 2017 – 2023,spreadsheet,130.83,https://nube.ine.gob.bo/index.php/s/wzqg2gbGxrlF94p/download
2024-05-23 20:15:55-04:00,BOLIVIA NÚMERO DE USUARIOS DE GAS NATURAL POR RED POR CATEGORÍA 2017 – 2023,spreadsheet,134.03,https://nube.ine.gob.bo/index.php/s/M42Oku7IgLWU5BU/download
2024-05-23 20:16:23-04:00,BOLIVIA NÚMERO DE USUARIOS DE ENERGIA ELÉCTRICA POR CATEGORÍA 2017 – 2023,spreadsheet,125.38,https://nube.ine.gob.bo/index.php/s/66mPctnHNMGeH9C/download
2024-05-24 18:23:00-04:00,"Bolivia: Distribución porcentual de la población de 14 años o más de edad en la ocupación principal por mes, según sexo y grupo ocupacional, 2015 – 2024",spreadsheet,150.31,https://nube.ine.gob.bo/index.php/s/shVYnKPUBaahvpZ/download
2024-05-24 18:30:39-04:00,"Bolivia – Área urbana: Distribución porcentual de la población de 14 años o más de edad en la ocupación principal por mes, según sexo y categoría en el empleo, 2015 – 2024",spreadsheet,143.29,https://nube.ine.gob.bo/index.php/s/0eP5Gwuv3hihYVU/download
2024-05-24 19:00:44-04:00,"Bolivia – Área urbana: Tasa de desocupación desestacionalizada por mes, según sexo, 2015 – 2024",spreadsheet,146.16,https://nube.ine.gob.bo/index.php/s/5TvMscznkP1SxvQ/download
2024-05-27 09:11:24-04:00,"Bolivia – Área urbana: Distribución porcentual de la población de 14 años o más de edad en la ocupación principal por mes, según sexo y grupo ocupacional, 2015 – 2024",spreadsheet,154.88,https://nube.ine.gob.bo/index.php/s/Ksky8JKg5yQguTQ/download
2024-05-27 09:48:15-04:00,"Bolivia: Distribución porcentual de la población de 14 años o más de edad en la ocupación principal por mes, según sexo y categoría en el empleo, 2015 – 2024",spreadsheet,140.92,https://nube.ine.gob.bo/index.php/s/X4WOKFLBhsDtegG/download
2024-05-27 09:50:03-04:00,"Bolivia: Distribución Porcentual de la población de 14 años o más de edad en la ocupación principal por mes, según actividad económica, 2015 – 2024",spreadsheet,136.84,https://nube.ine.gob.bo/index.php/s/lECrE3Cqk8unb0w/download
2024-05-27 09:50:50-04:00,"Bolivia – Área urbana: Distribución porcentual de la población de 14 años o más de edad en la ocupación principal por mes, según actividad económica, 2015 – 2024",spreadsheet,137.64,https://nube.ine.gob.bo/index.php/s/iEgD0gCiaazjjLp/download
2024-05-27 09:51:45-04:00,"Bolivia: Población por mes, según condición de actividad y sexo, 2015 – 2024",spreadsheet,139.39,https://nube.ine.gob.bo/index.php/s/t1BXNMXqRC8AY41/download
2024-05-27 09:54:06-04:00,"Bolivia: Principales indicadores de empleo por mes, según sexo, 2015 – 2024",spreadsheet,139.86,https://nube.ine.gob.bo/index.php/s/MUm3nJ7CcBGERPz/download
2024-05-27 09:54:50-04:00,"Bolivia – Área urbana: Principales indicadores de empleo por mes, según sexo, 2015 – 2024",spreadsheet,143.25,https://nube.ine.gob.bo/index.php/s/gYrqPEzraaEDirg/download
2024-05-27 09:55:34-04:00,"Bolivia – Área rural: Principales indicadores de empleo por mes, según sexo, 2015 – 2024",spreadsheet,143.53,https://nube.ine.gob.bo/index.php/s/D5nEKnskfQDIvps/download
2024-05-27 10:02:07-04:00,"Bolivia – Área urbana: Principales indicadores de empleo por mes, según grupo de departamentos 2015 – 2024",spreadsheet,149.46,https://nube.ine.gob.bo/index.php/s/R0O3amCVdLxEhwl/download
2024-05-27 10:09:01-04:00,"Bolivia – Área urbana: Población por mes, según condición de actividad y sexo, 2015 – 2024",spreadsheet,141.13,https://nube.ine.gob.bo/index.php/s/ogXh3nVAULLpj6X/download
2024-05-27 10:42:45-04:00,"Bolivia – Área rural: Población por mes, según condición de actividad y sexo, 2015 – 2024",spreadsheet,136.04,https://nube.ine.gob.bo/index.php/s/hgTfE6Ua2v6pFZQ/download
2024-05-27 10:44:22-04:00,"Bolivia: Principales indicadores de empleo por mes, según grupo de departamentos 2015 – 2024",spreadsheet,147.52,https://nube.ine.gob.bo/index.php/s/5Ynsp1FNH73vaKv/download
2024-05-29 16:58:01-04:00,"BOLIVIA – EVENTOS ADVERSOS DE ORIGEN NATURAL, SEGÚN CATEGORÍA POR DEPARTAMENTO, 2006 – 2024",spreadsheet,110.57,https://nube.ine.gob.bo/index.php/s/0nGhLndUpmpjThr/download
2024-05-29 17:38:59-04:00,"BOLIVIA PROMEDIO DE CAUDALES, POR PUNTO DE CONTROL Y RÍO 1998 – 2023",spreadsheet,144.31,https://nube.ine.gob.bo/index.php/s/MgKEEEBfV4WcJ43/download
2024-05-29 17:39:57-04:00,"BOLIVIA PROMEDIO DE NIVELES, POR PUNTO DE CONTROL Y RÍO 1998 – 2023",spreadsheet,136.42,https://nube.ine.gob.bo/index.php/s/oiaWheAn0Uc4Aw3/download
2024-05-29 17:46:18-04:00,"BOLIVIA – EVAPOTRANSPIRACIÓN POTENCIAL, SEGÚN ESTACIÓN 2008 – 2021",spreadsheet,102.62,https://nube.ine.gob.bo/index.php/s/gEUZHSBkED24bXM/download
2024-05-29 17:51:21-04:00,BOLIVIA EVENTOS ADVERSOS SEGÚN DEPARTAMENTO POR AÑO 2006 2023,spreadsheet,98.40,https://nube.ine.gob.bo/index.php/s/602v4qWAMie7fyb/download
2024-05-29 17:54:46-04:00,BOLIVIA EVENTOS ADVERSOS DE SEGÚN CATEGORÍA POR AÑO 2006 2023,spreadsheet,100.65,https://nube.ine.gob.bo/index.php/s/ER3FFfGOD8BNt8F/download
2024-05-29 17:59:59-04:00,BOLIVIA FAMILIAS AFECTADAS Y DAMNIFICADAS CATEGORÍA 2006 2023,spreadsheet,105.28,https://nube.ine.gob.bo/index.php/s/hoMyXRNqTf6JFLm/download
2024-05-29 18:13:39-04:00,BOLIVIA FAMILIAS AFECTADAS Y O DAMNIFICADAS SEGÚN DEPARTAMENTO 2006 2023,spreadsheet,104.36,https://nube.ine.gob.bo/index.php/s/I7mzj6vsh6k7SYM/download
2024-05-29 18:16:59-04:00,BOLIVIA – PROMEDIO ANUAL DE NIVELES EN LOS RÍOS 1998 – 2023,spreadsheet,102.39,https://nube.ine.gob.bo/index.php/s/AF5m2t1Z4It8iIK/download
2024-05-29 18:18:07-04:00,BOLIVIA – PROMEDIO ANUAL DE CAUDALES EN LOS RÍOS 1998 – 2023,spreadsheet,117.42,https://nube.ine.gob.bo/index.php/s/8mkEH2MGApDAj8k/download
2024-05-29 18:49:02-04:00,"BOLIVIA – VOLUMEN DE MADERA EXTRAÍDA, SEGÚN DEPARTAMENTO 2006 – 2022",spreadsheet,99.84,https://nube.ine.gob.bo/index.php/s/wVNH3s9Hh9lVQLa/download
2024-05-31 11:32:00-04:00,"BOLIVIA: LÍNEAS DE POBREZA Y POBREZA EXTREMA EN BOLIVIANOS POR PERSONA AL MES, SEGÚN ÁREA Y CIUDAD 2016 – 2022",spreadsheet,294.70,https://nube.ine.gob.bo/index.php/s/9fxl3w1m1sM6hFm/download
2024-05-31 18:00:14-04:00,BOLETÍN ESTADÍSTICO COMEX MARZO 2024,pdf,6838.54,https://nube.ine.gob.bo/index.php/s/7MPAgTFaVIAIvBl/download
2024-06-11 12:13:21-04:00,BOLIVIA ÍNDICE DE CONSUMO DE AGUA POTABLE POR CATEGORIA SEGÚN AÑO Y MES 1990 – 2024,spreadsheet,293.82,https://nube.ine.gob.bo/index.php/s/pcJIE4X3gGOTbua/download
2024-06-11 17:37:42-04:00,BOLIVIA ÍNDICE GENERAL DE CONSUMO DE SERVICIOS BASICOS POR TIPO DE SERVICIO SEGÚN AÑO Y MES 1990 – 2024,spreadsheet,244.00,https://nube.ine.gob.bo/index.php/s/Y3qWmKzJadFhVe9/download
2024-06-11 17:38:39-04:00,"BOLIVIA ÍNDICE DE CONSUMO DE ENERGIA ELECTRICA POR TIPO DE USUARIO SEGÚN AÑO Y MES, 1990 – 2024",spreadsheet,526.35,https://nube.ine.gob.bo/index.php/s/YjA7ClnBp3KxZM0/download
2024-06-14 15:20:23-04:00,BOLETÍN ESTADÍSTICO PRECIOS INTERNACIONALES MAYO DE 2024,pdf,9605.85,https://nube.ine.gob.bo/index.php/s/Di2TjjLZ3dDsWOi/download
2024-06-14 21:18:51-04:00,BOLETÍN ESTADÍSTICO COMEX ABRIL 2024,pdf,6025.06,https://nube.ine.gob.bo/index.php/s/jIGyV9RW6iZXvIE/download
2024-06-18 12:26:40-04:00,"BOLIVIA: FORMACIÓN BRUTA DE CAPITAL FIJO A PRECIOS CONSTANTES SEGÚN PRODUCTO, 1988 – 2023",spreadsheet,67.77,https://nube.ine.gob.bo/index.php/s/PvjicDlBpzULI01/download
2024-06-18 12:26:54-04:00,"BOLIVIA: VARIACION DE LA FORMACIÓN BRUTA CAPITAL FIJO A PRECIOS CONSTANTES SEGÚN PRODUCTO, 1989 – 2023",spreadsheet,73.11,https://nube.ine.gob.bo/index.php/s/63bRip1bFzh7C64/download
2024-06-18 12:27:07-04:00,"BOLIVIA: INCIDENCIA DE LA FORMACIÓN BRUTA DE CAPITAL FIJO A PRECIOS CONSTANTES SEGÚN PRODUCTO, 1989 – 2023",spreadsheet,71.96,https://nube.ine.gob.bo/index.php/s/TWhLaUQs1FxIstf/download
2024-06-18 12:27:19-04:00,"BOLIVIA: FORMACIÓN BRUTA DE CAPITAL FIJO A PRECIOS CORRIENTES SEGÚN PRODUCTO, 1988 – 2023",spreadsheet,70.93,https://nube.ine.gob.bo/index.php/s/47VtTbWyDGYCH6X/download
2024-06-18 12:27:31-04:00,"BOLIVIA: PARTICIPACIÓN DE LA FORMACIÓN BRUTA DE CAPITAL FIJO A PRECIOS CORRIENTES SEGÚN PRODUCTO, 1988 – 2023",spreadsheet,73.46,https://nube.ine.gob.bo/index.php/s/QhvAKkBiiHpjUCr/download
2024-06-18 12:27:44-04:00,"BOLIVIA: DEFLACTOR IMPLÍCITO DE LA FORMACIÓN BRUTA DE CAPITAL FIJO SEGÚN PRODUCTO, 1988 – 2023",spreadsheet,73.49,https://nube.ine.gob.bo/index.php/s/rcsK0IBR3Wk7piC/download
2024-06-20 19:10:36-04:00,BOLIVIA CONSUMO DE ENERGIA ELÉCTRICA POR CATEGORÍA 2017 – 2024,spreadsheet,136.28,https://nube.ine.gob.bo/index.php/s/9gAvj5JBTtJNpgO/download
2024-06-20 19:10:37-04:00,BOLIVIA CONSUMO DE AGUA POTABLE POR CATEGORÍA 2017 – 2024,spreadsheet,137.23,https://nube.ine.gob.bo/index.php/s/JHjv57hKlror6bA/download
2024-06-20 19:10:38-04:00,"BOLIVIA CONSUMO DE GAS NATURAL POR RED, POR CATEGORÍA SEGÚN PERIODO, 2017 – 2024",spreadsheet,141.35,https://nube.ine.gob.bo/index.php/s/f4KMepCIxKDfzMW/download
2024-06-20 20:30:08-04:00,ECE_4T_2023,rar,8776.94,https://nube.ine.gob.bo/index.php/s/11Ud1WRZVHTK8FV/download
2024-06-20 20:30:08-04:00,ECE_4T_2023RUR,rar,1188.22,https://nube.ine.gob.bo/index.php/s/LSVOZNSwKjN4xoc/download
2024-06-20 20:30:08-04:00,ECE 4T15 4T23,rar,304860.29,https://nube.ine.gob.bo/index.php/s/U37GxHWetqN1G13/download
2024-06-20 20:30:10-04:00,Sintaxis para cálculo de estadísticas e indicadores,rar,2.95,https://nube.ine.gob.bo/index.php/s/FEe5UscOFviqIVD/download
2024-06-20 20:30:10-04:00,Sintaxis para consolidación de bases de datos trimestrales,rar,8.62,https://nube.ine.gob.bo/index.php/s/d81lL6X9363c06d/download
2024-06-20 20:30:10-04:00,ECE_4T_2023 URB,rar,7613.72,https://nube.ine.gob.bo/index.php/s/r7Oth4soM5MT5AW/download
2024-06-24 09:32:35-04:00,"Bolivia – Superficie Autorizada Forestal en POAF, Tipo de Usuario 1998-2022",spreadsheet,99.36,https://nube.ine.gob.bo/index.php/s/7sZPSIrQmPJRW71/download
2024-06-27 11:10:56-04:00,Bolivia – Cargas de Pollitos BB A Granjas registradas por departamento según Año y Mes 2019 – 2024,spreadsheet,128.68,https://nube.ine.gob.bo/index.php/s/sKcI87HYqzloEfP/download
2024-06-27 11:13:12-04:00,"Bolivia – Número de pollos parrilleros faenados de Granjas Registradas por departamento, según Año y Mes 2019 – 2024",spreadsheet,125.92,https://nube.ine.gob.bo/index.php/s/HEAHvzF668cOO4x/download
2024-06-27 11:19:44-04:00,Bolivia -Producción de Carne de pollos parrilleros de granjas registradas por deprtamento según Año y Mes 2019 – 2024,spreadsheet,129.32,https://nube.ine.gob.bo/index.php/s/u7hsvGg1wbJjsFb/download
2024-06-27 11:23:45-04:00,Bolivia – Producción de Carne de Ganado Bovino según Año y Mes por Ciudad 2005 – 2024,spreadsheet,148.44,https://nube.ine.gob.bo/index.php/s/CZpZYZCInKu1WOT/download
2024-06-27 11:26:34-04:00,Bolivia – Numero de Cabezas Faenadas de Ganado Bovino según Año y Mes por Ciudad 2005 – 2024,spreadsheet,140.61,https://nube.ine.gob.bo/index.php/s/x7GKEKCxGq5S0hB/download
2024-06-27 11:33:54-04:00,Bolivia – Numero de Cabezas Faenadas de Ganado porcino según Año y Mes 2018 – 2024,spreadsheet,123.74,https://nube.ine.gob.bo/index.php/s/SnEP96sFE812suO/download
2024-06-27 11:36:54-04:00,Bolivia – Producción de Carne de Ganado porcino según Año y Mes por Ciudad 2018 – 2024,spreadsheet,128.29,https://nube.ine.gob.bo/index.php/s/I6QMG1tRFWiA3f0/download
2024-06-27 12:26:06-04:00,"Índice General, Variación Mensual, Acumulada y a 12 meses – Nacional",spreadsheet,503.99,https://nube.ine.gob.bo/index.php/s/WAvxsjvMBdFVZeR/download
2024-06-27 12:27:58-04:00,"Índice General, Variación Mensual, Acumulada y a 12 meses, Según Grandes Grupos – Nacional",spreadsheet,352.63,https://nube.ine.gob.bo/index.php/s/jGv4K4ksun6bhSC/download
2024-06-27 16:01:19-04:00,"Bolivia – Superficie Año Agrícola por Departamento, 1984 – 2023",spreadsheet,863.22,https://nube.ine.gob.bo/index.php/s/PnEqp7IopHEJDBu/download
2024-06-27 16:21:23-04:00,"Bolivia- Producción por cultivo campaña verano , por departamento 2013-2023",spreadsheet,738.69,https://nube.ine.gob.bo/index.php/s/qcDXfgLo8KDpB89/download
2024-06-27 16:31:37-04:00,"Bolivia- Rendimiento por cultivo campaña verano , por departamento 2013-2023",spreadsheet,334.12,https://nube.ine.gob.bo/index.php/s/EPehJS0U48SvP6k/download
2024-06-27 16:53:34-04:00,"Bolivia – Producción Año Agrícola por Departamento, 1984 – 2023",spreadsheet,749.67,https://nube.ine.gob.bo/index.php/s/V7sVhYgtH9GT2fd/download
2024-06-27 17:29:39-04:00,Bolivia – Acopio de leche según Año y Mes 2018 – 2024,spreadsheet,127.57,https://nube.ine.gob.bo/index.php/s/FRNjtawST5OEvAK/download
2024-06-27 17:35:31-04:00,"Bolivia – Rendimiento Año Agrícola por Departamento, 1984 – 2023",spreadsheet,419.82,https://nube.ine.gob.bo/index.php/s/9Th8JQ7vyccdEO7/download
2024-06-27 19:04:36-04:00,"Bolivia- Superficie cultivada campaña verano , por departamento 2013-2023",spreadsheet,249.58,https://nube.ine.gob.bo/index.php/s/xXA5s8uqzzQWCHF/download
2024-06-27 19:10:21-04:00,Bolivia- superficie cultivada campaña invierno por departamento 2012-2023,spreadsheet,999.50,https://nube.ine.gob.bo/index.php/s/VgAAqXTLwwN3sJF/download
2024-06-27 19:14:05-04:00,Bolivia- Producción por cultivo campaña invierno por departamento -2012-2023,spreadsheet,281.03,https://nube.ine.gob.bo/index.php/s/QGxbV6juWj9DjVG/download
2024-06-27 19:20:05-04:00,"Bolivia- Rendimiento por cultivo campaña invierno, por departamento 2012-2023",spreadsheet,790.77,https://nube.ine.gob.bo/index.php/s/jRM8SZEXbuaKFJ6/download
2024-06-27 19:21:34-04:00,"Bolivia – Hato Ganado Bovino por Departamento Edad y Sexo, 1984 – 2023",excel,277.00,https://nube.ine.gob.bo/index.php/s/HEViod0PU2Pki0c/download
2024-06-27 20:49:40-04:00,Manual de Procesos y Procedimientos Diseño e Implementación de Operativos de Campo del Área Social (Versión 2),pdf,8802.14,https://nube.ine.gob.bo/index.php/s/zIJZ2DbxBVLeHrP/download
2024-06-27 20:49:44-04:00,Manual de Procesos y Procedimientos de la Encuesta Continua de Empleo (Versión 2),pdf,9136.32,https://nube.ine.gob.bo/index.php/s/1yl1NSdMqbH5MCs/download
2024-06-27 20:49:44-04:00,Manual de Procesos y Procedimientos de Administración de Almacenes,pdf,38724.69,https://nube.ine.gob.bo/index.php/s/X5XUAEhuXhU8Rld/download
2024-06-27 20:49:48-04:00,Manual de Procesos y Procedimientos de la Producción Cartográfica (Versión 2),pdf,41534.87,https://nube.ine.gob.bo/index.php/s/IdHhRqeuWrvstqQ/download
2024-06-27 20:49:50-04:00,Manual de Procesos y Procedimientos de la Unidad de Informática (Versión 2),pdf,36486.84,https://nube.ine.gob.bo/index.php/s/akRAlIidR4aHQaj/download
2024-06-27 20:49:52-04:00,Manual de Procesos y Procedimientos de los Geoportales de Seguimiento y Descarga de Datos para la Homologación de Áreas Urbanas (Versión 1),pdf,14887.41,https://nube.ine.gob.bo/index.php/s/2lv89oLLWkGRMM9/download
2024-06-27 20:49:52-04:00,Manual de Procesos y Procedimientos del Sistema de Administración de Activos Fijos,pdf,5728.59,https://nube.ine.gob.bo/index.php/s/7ajcBTb3x7uyPbr/download
2024-06-27 20:49:54-04:00,Manual de Procesos y Procedimientos para el Resguardo de Información de los Equipos de Computación,pdf,7917.83,https://nube.ine.gob.bo/index.php/s/3fvu4k3LUkJYqoc/download
2024-06-27 20:49:56-04:00,Manual de Procesos y Procedimientos para la Aplicación de Condiciones Especiales de Trabajo Teletrabajo Trabajo a Distancia (Versión 2),pdf,36395.06,https://nube.ine.gob.bo/index.php/s/yulBUO46t4b7dXz/download
2024-06-27 20:49:58-04:00,Manual de Procesos y Procedimientos para la Elaboración de Estadísticas e Indicadores Sociales (Versión 3),pdf,19740.41,https://nube.ine.gob.bo/index.php/s/9jNS8ghB9FIssEi/download
2024-06-27 20:50:00-04:00,Manual de Procesos y Procedimientos para la Elaboración de Planillas (Versión 2),pdf,17522.47,https://nube.ine.gob.bo/index.php/s/fgTQMyd2XeWZf8Q/download
2024-06-27 20:50:54-04:00,Normativa Técnica Operación Estadística Encuesta Continua de Empleo (Versión 10.0),pdf,7637.59,https://nube.ine.gob.bo/index.php/s/mAjrvbeBO4GyjFA/download
2024-06-27 20:50:56-04:00,Normativa Técnica de la Encuesta de Cobertura 2024,pdf,21275.20,https://nube.ine.gob.bo/index.php/s/24qkYz8h7P5xBRV/download
2024-06-27 20:50:58-04:00,Normativa Técnica de la Encuesta de Hogares 2023,pdf,14912.71,https://nube.ine.gob.bo/index.php/s/vGPT31GjUj6CFxz/download
2024-06-27 20:51:00-04:00,Normativa Técnica e Instrumentos de la Encuesta Demografía y Salud 2023,pdf,23109.15,https://nube.ine.gob.bo/index.php/s/vMSli8OkWhqYqMC/download
2024-07-02 18:03:00-04:00,LA PAZ NIVEL PROMEDIO DEL LAGO TITICACA ESTACIÓN HUATAJATA 2009 – 2024,spreadsheet,100.40,https://nube.ine.gob.bo/index.php/s/P84C8Krgn1WxRxw/download
2024-07-03 11:46:43-04:00,Ponderación a nivel de Ciudades Capitales y Conurbaciones,spreadsheet,232.81,https://nube.ine.gob.bo/index.php/s/oced44YuvMyB90B/download
2024-07-03 12:33:07-04:00,"Bolivia – Superficie Bajo Plan General de Manejo Forestal Aprobado, Departamento 2001-2022",spreadsheet,99.91,https://nube.ine.gob.bo/index.php/s/1leGd4SXtoqJO9f/download
2024-07-03 12:33:43-04:00,"Bolivia – Superficie Autorizada Forestal en POAF, Departamento 1998-2022",spreadsheet,101.69,https://nube.ine.gob.bo/index.php/s/6FTxusjciDLr9QX/download
2024-07-03 12:40:26-04:00,"BOLIVIA – VOLUMEN DE MADERA EXTRAÍDA, SEGÚN ESPECIE 2006 – 2022",spreadsheet,106.36,https://nube.ine.gob.bo/index.php/s/Z8stmDJqDzoWuE5/download
2024-07-03 12:45:05-04:00,"Índice General, Variación Mensual, Acumulada y a 12 Meses por Ciudad según división",spreadsheet,2346.53,https://nube.ine.gob.bo/index.php/s/ZnSZCocFYO16u6C/download
2024-07-03 13:07:00-04:00,Bolivia – Principales Características de áreas protegidas 2022,spreadsheet,99.25,https://nube.ine.gob.bo/index.php/s/7CFQNZBbwgIYwSL/download
2024-07-03 13:08:18-04:00,"Bolivia – Superficie Autorizada para Desmonte, Tipo de Usuario 2001-2022",spreadsheet,99.18,https://nube.ine.gob.bo/index.php/s/WWAxWMZiJ0VsH94/download
2024-07-03 14:25:37-04:00,"Bolivia – Superficie Bajo Plan General de Manejo Forestal Aprobado, Tipo de Usuario 2001-2022",spreadsheet,99.02,https://nube.ine.gob.bo/index.php/s/SEEOXtr9LQ6Qunw/download
2024-07-03 16:50:28-04:00,"Bolivia: Índice general, variación mensual, acumulada y a 12 meses de Alimentos",spreadsheet,858.67,https://nube.ine.gob.bo/index.php/s/7DiX4DHIAhh2EC0/download
2024-07-03 16:51:20-04:00,"Bolivia: Índice general, variación mensual, acumulada y a 12 meses de No Alimentos",spreadsheet,858.61,https://nube.ine.gob.bo/index.php/s/skv4ZRZbGCFJERA/download
2024-07-03 16:55:17-04:00,"Ciudades y Conurbaciones: Índice general, variación mensual, acumulada y a 12 meses de Alimentos",spreadsheet,1000.82,https://nube.ine.gob.bo/index.php/s/ApnmZK2KiQgJ3lz/download
2024-07-03 16:58:32-04:00,"Ciudades y Conurbaciones: Índice general, variación mensual, acumulada y a 12 meses de No Alimentos",spreadsheet,999.92,https://nube.ine.gob.bo/index.php/s/a0bTuSwSuL7bl10/download
2024-07-03 17:00:07-04:00,"Índice General, Variación Mensual, Acumulada y a 12 Meses",spreadsheet,324.96,https://nube.ine.gob.bo/index.php/s/JaGprd5qqZR8y8w/download
2024-07-03 17:03:14-04:00,"Índice general, variación mensual, acumulada y a 12 meses de Alimentos",spreadsheet,801.41,https://nube.ine.gob.bo/index.php/s/eWcOmPSHkdyx663/download
2024-07-03 17:06:15-04:00,"Índice General, Variación Mensual, Acumulada y a 12 Meses por Ciudad según división",spreadsheet,1411.73,https://nube.ine.gob.bo/index.php/s/berpDfGnpUu4JkF/download
2024-07-03 17:14:57-04:00,Índices a nivel producto,spreadsheet,2138.34,https://nube.ine.gob.bo/index.php/s/6O67SVTBXmXknDx/download
2024-07-03 17:15:44-04:00,Ponderaciones a nivel producto,spreadsheet,374.95,https://nube.ine.gob.bo/index.php/s/Ur44Iq2qXBU4ZP4/download
2024-07-03 17:25:24-04:00,"Índice General, Variación Mensual, Acumulada y a 12 Meses",spreadsheet,400.88,https://nube.ine.gob.bo/index.php/s/zbSTGEZfZQjP5fq/download
2024-07-03 17:25:56-04:00,"Índice General, Variación Mensual, Acumulada y a 12 Meses por División",spreadsheet,544.80,https://nube.ine.gob.bo/index.php/s/FJMs40DAxE1bicP/download
2024-07-03 17:26:20-04:00,"Índice General, Variación Mensual, Acumulada y a 12 Meses por Ciudad",spreadsheet,446.95,https://nube.ine.gob.bo/index.php/s/colPMxsPuTPtkwB/download
2024-07-03 17:29:12-04:00,"Índice General, Variación Mensual, Acumulada y a 12 Meses por División",spreadsheet,399.03,https://nube.ine.gob.bo/index.php/s/c60m0arIdquLwC3/download
2024-07-03 17:29:35-04:00,Índice a nivel Productos,spreadsheet,621.51,https://nube.ine.gob.bo/index.php/s/D7FD7yspWKdmZzM/download
2024-07-03 17:29:57-04:00,Ponderaciones  a nivel Productos,spreadsheet,252.27,https://nube.ine.gob.bo/index.php/s/c11hCi2gqJr5X25/download
2024-07-03 17:31:38-04:00,"Índice general, variación mensual, acumulada y a 12 meses de No Alimentos",spreadsheet,801.31,https://nube.ine.gob.bo/index.php/s/FsAaWF7HwDcYGYh/download
2024-07-03 17:34:03-04:00,Precios Promedio,spreadsheet,1504.79,https://nube.ine.gob.bo/index.php/s/uXKV8TViIsWrE7P/download
2024-07-03 17:34:33-04:00,"Índice General, Variación Mensual, Acumulada y a 12 Meses por Ciudad",spreadsheet,360.96,https://nube.ine.gob.bo/index.php/s/liAMoNLQ9IAgPsE/download
2024-07-03 17:36:33-04:00,"Índice general, variación mensual, acumulada y a 12 meses de Alimentos por Ciudad",spreadsheet,925.91,https://nube.ine.gob.bo/index.php/s/Eu5G4gezRJDpROn/download
2024-07-03 17:39:26-04:00,"Índice general, variación mensual, acumulada y a 12 meses de No Alimentos por Ciudad",spreadsheet,927.58,https://nube.ine.gob.bo/index.php/s/HrMup6sJ1rADWmf/download
2024-07-06 13:27:29-04:00,"BOLIVIA – PRECIPITACIÓN PLUVIAL ACUMULADA POR CIUDADES, SEGÚN AÑO Y MES, 1990 – 2024",spreadsheet,144.90,https://nube.ine.gob.bo/index.php/s/fs2gaspu1ftdat2/download
2024-07-06 13:30:56-04:00,"BOLIVIA – TEMPERATURA MEDIA POR CIUDADES, SEGÚN AÑO Y MES, 1990 – 2024",spreadsheet,167.34,https://nube.ine.gob.bo/index.php/s/6T9SdkjAcCpP7Y6/download
2024-07-06 13:47:41-04:00,"BOLIVIA – RECOLECCIÓN DE RESIDUOS SÓLIDOS POR CIUDADES, SEGÚN AÑO Y MES 2005 – 2024",spreadsheet,156.05,https://nube.ine.gob.bo/index.php/s/uReud5G9hIyhrRT/download
2024-07-07 00:37:19-04:00,"BOLIVIA – RECOLECCIÓN DE RESIDUOS SÓLIDOS POR TIPO DE PROCEDENCIA, SEGÚN AÑO Y MES, 2005 – 2024",spreadsheet,147.20,https://nube.ine.gob.bo/index.php/s/dWz8LMomXP6ttz8/download
2024-07-08 12:05:46-04:00,"Bolivia – Reservas privadas de Patrimonio Natural, según departamento, 2002 – 2022",spreadsheet,96.82,https://nube.ine.gob.bo/index.php/s/1bjpUp2je3hOhRT/download
2024-07-08 14:58:58-04:00,"Bolivia – Superficie Autorizada para Desmonte, Departamento 2001-2022",spreadsheet,100.75,https://nube.ine.gob.bo/index.php/s/D6QDSD8BEBPrkiR/download
2024-07-08 18:24:53-04:00,BOLIVIA – NO MADERABLES EXTRAÍDOS 2006 – 2022,spreadsheet,100.30,https://nube.ine.gob.bo/index.php/s/AqKPr7szKePBrdj/download
2024-07-09 17:12:44-04:00,"Índice General, Variación Mensual, Acumulada y a 12 meses",spreadsheet,340.19,https://nube.ine.gob.bo/index.php/s/xVh9LLoV1lw5jhH/download
2024-07-09 17:13:12-04:00,"Índice General, Variación Mensual, Acumulada y a 12 meses, de Origen Nacional",spreadsheet,761.88,https://nube.ine.gob.bo/index.php/s/sGE9t6tQa9pr0D2/download
2024-07-09 17:13:39-04:00,"Índice General, Variación Mensual, Acumulada y a 12 meses, de Origen Importado",spreadsheet,761.76,https://nube.ine.gob.bo/index.php/s/rZXqsMj2NATEKXL/download
2024-07-09 17:14:31-04:00,"Índice General, Variación Mensual, Acumulada y a 12 meses, Según Origen y Grupo",spreadsheet,283.50,https://nube.ine.gob.bo/index.php/s/1WoUH4qHd08IOAn/download
2024-07-12 19:08:59-04:00,EXPORTACIONES RITEX ENE-MAY 2024p,spreadsheet,27.17,https://nube.ine.gob.bo/index.php/s/Wz8tlDClQ5QLkhH/download
2024-07-12 23:05:56-04:00,IMPORTACIONES RITEX ENE-MAY 2024p,spreadsheet,35.07,https://nube.ine.gob.bo/index.php/s/U5DEK3TXAD4G3NM/download
2024-07-12 23:06:12-04:00,IMPORTACIONES ENE-MAY 2024p,spreadsheet,22616.31,https://nube.ine.gob.bo/index.php/s/3ujucemGRZeeYXk/download
2024-07-12 23:06:48-04:00,"Bolivia – Comercio Exterior según Clasificación Uniforme para el Comercio Internacional, 1992 – 2024",spreadsheet,1682.91,https://nube.ine.gob.bo/index.php/s/9Exzmw9AdYipqG9/download
2024-07-12 23:06:48-04:00,"Bolivia – Comercio Exterior según Año y Trimestre, 1992 – 2024",spreadsheet,546.69,https://nube.ine.gob.bo/index.php/s/SYFayaacIfBi6tB/download
2024-07-12 23:06:48-04:00,"Bolivia – Comercio Exterior según Año y Mes, 1992 – 2024",spreadsheet,562.00,https://nube.ine.gob.bo/index.php/s/YmNagUYOHcty0fZ/download
2024-07-12 23:06:48-04:00,"Bolivia – Comercio Exterior según Año, 1992 – 2023",spreadsheet,540.40,https://nube.ine.gob.bo/index.php/s/nMPCP2wBQqnx7c1/download
2024-07-12 23:06:50-04:00,"Bolivia – Comercio Exterior según Países, 1992 – 2024",spreadsheet,2517.56,https://nube.ine.gob.bo/index.php/s/0rN1yGRumyuIVHx/download
2024-07-12 23:06:50-04:00,"Bolivia – Comercio Exterior según Grandes Categorías Económicas, 1992 – 2024",spreadsheet,947.24,https://nube.ine.gob.bo/index.php/s/oXl98KJQsspLm0a/download
2024-07-15 15:20:29-04:00,BOLETÍN ESTADÍSTICO COMEX MAYO 2024,pdf,5936.66,https://nube.ine.gob.bo/index.php/s/Ou0ypOwO3E2Jrx1/download
2024-07-15 15:26:48-04:00,EXPORTACIONES ENE-MAY 2024,spreadsheet,1097.40,https://nube.ine.gob.bo/index.php/s/7jFek137tgjcTwQ/download
2024-07-15 16:30:51-04:00,BOLETÍN ESTADÍSTICO PRECIOS INTERNACIONALES JUNIO DE 2024,pdf,9387.69,https://nube.ine.gob.bo/index.php/s/cKyoWvLrlWBkHOM/download
