modificado,nombre,tipo,kb,link
2015-10-12 14:55:46-04:00,MATRIZ DE TRANSFERENCIAS CORRIENTES ( 2001),pdf,55.78,https://nube.ine.gob.bo/index.php/s/McRmPmOuGRGHu0v/download
2015-10-12 14:56:12-04:00,MATRIZ DE TRANSFERENCIAS CORRIENTES ( 2002),pdf,57.04,https://nube.ine.gob.bo/index.php/s/TfkroVpSLDjO0Iq/download
2015-10-12 14:56:40-04:00,MATRIZ DE TRANSFERENCIAS DE CAPITAL ( 2000),pdf,55.99,https://nube.ine.gob.bo/index.php/s/qn8vt0fjFB0ztbK/download
2015-10-12 14:57:28-04:00,MATRIZ DE TRANSFERENCIAS DE CAPITAL ( 1999),pdf,54.42,https://nube.ine.gob.bo/index.php/s/nLQ8bjGCpM5HAdz/download
2015-10-12 14:58:36-04:00,MATRIZ DE TRANSFERENCIAS DE CAPITAL ( 2001),pdf,54.54,https://nube.ine.gob.bo/index.php/s/mMAra1o7qe7CaSX/download
2015-10-12 14:58:56-04:00,MATRIZ DE TRANSFERENCIAS CORRIENTES ( 1999),pdf,56.18,https://nube.ine.gob.bo/index.php/s/q4apjR55rvmH31p/download
2015-10-12 14:59:10-04:00,MATRIZ DE TRANSFERENCIAS DE CAPITAL ( 1998),pdf,54.58,https://nube.ine.gob.bo/index.php/s/E3wtHUCEGZl9139/download
2015-10-12 14:59:54-04:00,MATRIZ DE TRANSFERENCIAS CORRIENTES ( 2000),pdf,66.40,https://nube.ine.gob.bo/index.php/s/tGQe9aTEitSCADf/download
2015-10-12 14:59:58-04:00,MATRIZ DE TRANSFERENCIAS DE CAPITAL ( 2002),pdf,55.82,https://nube.ine.gob.bo/index.php/s/PvnTaM9goNE3nKb/download
2017-03-13 16:16:10-04:00,MATRIZ DE ENCLAVE (EN MILES DE BOLIVIANOS DE 1990) ( 1996),pdf,23.32,https://nube.ine.gob.bo/index.php/s/0cYNDCD14sxQzpA/download
2017-03-13 16:16:10-04:00,MATRIZ DE ENCLAVE (EN MILES DE BOLIVIANOS DE 1990) ( 1999),pdf,73.61,https://nube.ine.gob.bo/index.php/s/2swfjecR5aFmnjF/download
2017-03-13 16:16:10-04:00,MATRIZ DE TRANSFERENCIAS DE CAPITAL ( 1996),pdf,5.32,https://nube.ine.gob.bo/index.php/s/7Kn4eJnmRKiRgtj/download
2017-03-13 16:16:10-04:00,MATRIZ DE ENCLAVE (EN MILES DE BOLIVIANOS DE 1990) ( 2000),pdf,73.38,https://nube.ine.gob.bo/index.php/s/7LiUU0aUzEUBCNk/download
2017-03-13 16:16:10-04:00,MATRIZ DE ENCLAVE (EN MILES DE BOLIVIANOS DE 1990) ( 1988),pdf,13.09,https://nube.ine.gob.bo/index.php/s/C69bOhQkIu8dfm8/download
2017-03-13 16:16:10-04:00,MATRIZ DE ENCLAVE (EN MILES DE BOLIVIANOS DE 1990) ( 1993),pdf,13.12,https://nube.ine.gob.bo/index.php/s/CvYduglY4aqjkDK/download
2017-03-13 16:16:10-04:00,MATRIZ DE TRANSFERENCIAS DE CAPITAL ( 1993),pdf,5.86,https://nube.ine.gob.bo/index.php/s/Dq9BbWsDrS4r5Zq/download
2017-03-13 16:16:10-04:00,MATRIZ DE ENCLAVE (EN MILES DE BOLIVIANOS) ( 1990),pdf,13.12,https://nube.ine.gob.bo/index.php/s/IC6pwdtYLOUkqDs/download
2017-03-13 16:16:10-04:00,MATRIZ DE ENCLAVE (EN MILES DE BOLIVIANOS) ( 1989),pdf,51.47,https://nube.ine.gob.bo/index.php/s/Lx0D9HIxvSPLZRZ/download
2017-03-13 16:16:10-04:00,MATRIZ DE TRANSFERENCIAS CORRIENTES ( 1988),pdf,6.47,https://nube.ine.gob.bo/index.php/s/PMvRUUnlSKWI0vd/download
2017-03-13 16:16:10-04:00,MATRIZ DE ENCLAVE (EN MILES DE BOLIVIANOS DE 1990) ( 1989),pdf,13.19,https://nube.ine.gob.bo/index.php/s/PSEGsX09pxwUMzx/download
2017-03-13 16:16:10-04:00,MATRIZ DE TRANSFERENCIAS DE CAPITAL ( 1988),pdf,57.85,https://nube.ine.gob.bo/index.php/s/TIWmj6hhCbuJvnp/download
2017-03-13 16:16:10-04:00,MATRIZ DE ENCLAVE (EN MILES DE BOLIVIANOS) ( 1997),pdf,9.16,https://nube.ine.gob.bo/index.php/s/TqXnFHDVDMZuKGJ/download
2017-03-13 16:16:10-04:00,MATRIZ DE TRANSFERENCIAS CORRIENTES ( 1994),pdf,59.75,https://nube.ine.gob.bo/index.php/s/UcRcgvnBvZVpSw8/download
2017-03-13 16:16:10-04:00,MATRIZ DE TRANSFERENCIAS CORRIENTES ( 1991),pdf,60.21,https://nube.ine.gob.bo/index.php/s/bvNd6E9P2X8X0av/download
2017-03-13 16:16:10-04:00,MATRIZ DE TRANSFERENCIAS CORRIENTES ( 1993),pdf,59.62,https://nube.ine.gob.bo/index.php/s/gtrMgUIbuXwOOdS/download
2017-03-13 16:16:10-04:00,MATRIZ DE ENCLAVE (EN MILES DE BOLIVIANOS DE 1990) ( 1991),pdf,13.12,https://nube.ine.gob.bo/index.php/s/iEMa7Yj16f5uI6i/download
2017-03-13 16:16:10-04:00,MATRIZ DE TRANSFERENCIAS DE CAPITAL ( 1992),pdf,6.11,https://nube.ine.gob.bo/index.php/s/mxjj7s0bC7Fjt7U/download
2017-03-13 16:16:10-04:00,MATRIZ DE TRANSFERENCIAS CORRIENTES ( 1989),pdf,6.23,https://nube.ine.gob.bo/index.php/s/q11w76mChtyqFxi/download
2017-03-13 16:16:10-04:00,MATRIZ DE TRANSFERENCIAS DE CAPITAL ( 1991),pdf,5.93,https://nube.ine.gob.bo/index.php/s/qaNzVPjO0yGilAT/download
2017-03-13 16:16:10-04:00,MATRIZ DE ENCLAVE (EN MILES DE BOLIVIANOS) ( 1988),pdf,13.09,https://nube.ine.gob.bo/index.php/s/vK6D0jvzZxG1BdS/download
2017-03-13 16:16:12-04:00,MATRIZ DE ENCLAVE (EN MILES DE BOLIVIANOS) ( 1999),pdf,74.65,https://nube.ine.gob.bo/index.php/s/2IYziTWsnvSAop1/download
2017-03-13 16:16:12-04:00,MATRIZ DE TRANSFERENCIAS DE CAPITAL ( 1997),pdf,5.46,https://nube.ine.gob.bo/index.php/s/4MVgcNQjvppQS4S/download
2017-03-13 16:16:12-04:00,MATRIZ DE TRANSFERENCIAS CORRIENTES ( 1990),pdf,60.37,https://nube.ine.gob.bo/index.php/s/4OA1ETdxupDwAZ0/download
2017-03-13 16:16:12-04:00,MATRIZ DE TRANSFERENCIAS CORRIENTES ( 1995),pdf,56.97,https://nube.ine.gob.bo/index.php/s/AIoSUQ8M3UtjWYL/download
2017-03-13 16:16:12-04:00,MATRIZ DE TRANSFERENCIAS DE CAPITAL ( 1989),pdf,58.19,https://nube.ine.gob.bo/index.php/s/B4ncYcwR8T2kgZJ/download
2017-03-13 16:16:12-04:00,MATRIZ DE ENCLAVE (EN MILES DE BOLIVIANOS DE 1990) ( 1997),pdf,9.15,https://nube.ine.gob.bo/index.php/s/FequIIc0BZEeAgb/download
2017-03-13 16:16:12-04:00,MATRIZ DE ENCLAVE (EN MILES DE BOLIVIANOS) ( 1994),pdf,13.03,https://nube.ine.gob.bo/index.php/s/FkiAGWvjvR8Lzcc/download
2017-03-13 16:16:12-04:00,MATRIZ DE TRANSFERENCIAS CORRIENTES ( 1992),pdf,60.24,https://nube.ine.gob.bo/index.php/s/GwUnk61aF306iyj/download
2017-03-13 16:16:12-04:00,MATRIZ DE TRANSFERENCIAS DE CAPITAL ( 1995),pdf,5.34,https://nube.ine.gob.bo/index.php/s/LK5CR7p3Kg34YAj/download
2017-03-13 16:16:12-04:00,MATRIZ DE TRANSFERENCIAS DE CAPITAL ( 1990),pdf,58.55,https://nube.ine.gob.bo/index.php/s/SqlVZIvWM0qobpM/download
2017-03-13 16:16:12-04:00,MATRIZ DE ENCLAVE (EN MILES DE BOLIVIANOS DE 1990) ( 1995),pdf,13.06,https://nube.ine.gob.bo/index.php/s/beo4sRXaWylNZkI/download
2017-03-13 16:16:12-04:00,MATRIZ DE ENCLAVE (EN MILES DE BOLIVIANOS) ( 2000),pdf,74.88,https://nube.ine.gob.bo/index.php/s/fvOr9PMyydafdzB/download
2017-03-13 16:16:12-04:00,MATRIZ DE ENCLAVE (EN MILES DE BOLIVIANOS DE 1990) ( 1998),pdf,74.58,https://nube.ine.gob.bo/index.php/s/joueKnJfgiWdHlI/download
2017-03-13 16:16:12-04:00,MATRIZ DE ENCLAVE (EN MILES DE BOLIVIANOS) ( 1992),pdf,13.11,https://nube.ine.gob.bo/index.php/s/lWZsgbjvQUi2UBC/download
2017-03-13 16:16:12-04:00,MATRIZ DE ENCLAVE (EN MILES DE BOLIVIANOS) ( 1991),pdf,9.33,https://nube.ine.gob.bo/index.php/s/sAL30AMKJsFxWTr/download
2017-03-13 16:16:12-04:00,MATRIZ DE ENCLAVE (EN MILES DE BOLIVIANOS) ( 1996),pdf,23.27,https://nube.ine.gob.bo/index.php/s/uDtS78jVKIWvcRl/download
2017-03-13 16:16:12-04:00,MATRIZ DE ENCLAVE (EN MILES DE BOLIVIANOS DE 1990) ( 1992),pdf,13.17,https://nube.ine.gob.bo/index.php/s/wWlag3cSc35jdRC/download
2017-03-13 16:16:14-04:00,MATRIZ DE ENCLAVE (EN MILES DE BOLIVIANOS DE 1990) ( 1994),pdf,13.08,https://nube.ine.gob.bo/index.php/s/1yLTp6Pjc6VzhOf/download
2017-03-13 16:16:14-04:00,MATRIZ DE TRANSFERENCIAS DE CAPITAL ( 1994),pdf,5.85,https://nube.ine.gob.bo/index.php/s/6f5lEDOc0V7SoRR/download
2017-03-13 16:16:14-04:00,MATRIZ DE ENCLAVE (EN MILES DE BOLIVIANOS) ( 1993),pdf,12.99,https://nube.ine.gob.bo/index.php/s/F69kSUF0JLRNWqj/download
2017-03-13 16:16:14-04:00,MATRIZ DE ENCLAVE (EN MILES DE BOLIVIANOS) ( 1995),pdf,13.17,https://nube.ine.gob.bo/index.php/s/Sivu7BE8vsewrnZ/download
2017-03-13 16:16:14-04:00,MATRIZ DE TRANSFERENCIAS CORRIENTES ( 1996),pdf,55.23,https://nube.ine.gob.bo/index.php/s/VfkzcPrZrf5ofPg/download
2017-03-13 16:16:14-04:00,MATRIZ DE ENCLAVE (EN MILES DE BOLIVIANOS) ( 1998),pdf,74.93,https://nube.ine.gob.bo/index.php/s/mlEjMyBLY7KFaqo/download
2020-06-10 10:36:57-04:00,EXPORTACIONES RITEX 2018,spreadsheet,72.66,https://nube.ine.gob.bo/index.php/s/eToYy9t9J7MvHM8/download
2020-06-10 10:37:03-04:00,EXPORTACIONES RITEX 2017,spreadsheet,82.74,https://nube.ine.gob.bo/index.php/s/ktaDMBHxMYUMDgp/download
2020-06-10 10:37:10-04:00,EXPORTACIONES RITEX 2016,spreadsheet,83.33,https://nube.ine.gob.bo/index.php/s/fLn7wtDwWNLKSWY/download
2020-06-10 10:37:16-04:00,EXPORTACIONES RITEX 2015,spreadsheet,88.01,https://nube.ine.gob.bo/index.php/s/9QwRcA7mtH5arzr/download
2020-06-10 10:37:24-04:00,EXPORTACIONES RITEX 2014,spreadsheet,95.56,https://nube.ine.gob.bo/index.php/s/eG1Yog0XVDkpwZo/download
2020-06-10 10:37:31-04:00,EXPORTACIONES RITEX 2013,spreadsheet,96.73,https://nube.ine.gob.bo/index.php/s/O9q9GnbXcU3Fdsw/download
2020-06-10 10:37:37-04:00,EXPORTACIONES RITEX 2012,spreadsheet,115.59,https://nube.ine.gob.bo/index.php/s/gK8Fuy8DhfKGo29/download
2020-06-10 10:37:43-04:00,EXPORTACIONES RITEX 2011,spreadsheet,150.49,https://nube.ine.gob.bo/index.php/s/i3Ut224ReqXNljv/download
2020-06-10 10:37:49-04:00,EXPORTACIONES RITEX 2010,spreadsheet,168.10,https://nube.ine.gob.bo/index.php/s/xAgvZlsVDu18BpF/download
2020-06-10 10:37:55-04:00,EXPORTACIONES RITEX 2009,spreadsheet,168.58,https://nube.ine.gob.bo/index.php/s/jlQM3Wh63jmvw3Y/download
2020-06-10 10:38:02-04:00,EXPORTACIONES RITEX 2008,spreadsheet,151.51,https://nube.ine.gob.bo/index.php/s/egeeAZRyaPY5MwC/download
2020-06-10 10:38:08-04:00,EXPORTACIONES RITEX 2007,spreadsheet,132.83,https://nube.ine.gob.bo/index.php/s/8cnHKS4QIAKYAgt/download
2020-06-10 10:38:15-04:00,EXPORTACIONES RITEX 2006,spreadsheet,107.54,https://nube.ine.gob.bo/index.php/s/Dk7nFN3iTs9xPWD/download
2020-06-10 10:38:21-04:00,EXPORTACIONES RITEX 2005,spreadsheet,104.46,https://nube.ine.gob.bo/index.php/s/qjWnZud6wcSocN9/download
2020-06-10 10:38:27-04:00,EXPORTACIONES RITEX 2004,spreadsheet,106.02,https://nube.ine.gob.bo/index.php/s/oKEWiVUj59q80QF/download
2020-06-10 10:38:36-04:00,EXPORTACIONES RITEX 2003,spreadsheet,77.05,https://nube.ine.gob.bo/index.php/s/BpGGThLu2cf33zN/download
2020-06-10 10:38:42-04:00,EXPORTACIONES RITEX 2002,spreadsheet,58.38,https://nube.ine.gob.bo/index.php/s/TggzFcz7OkmHxoK/download
2020-06-10 10:38:48-04:00,EXPORTACIONES RITEX 2001,spreadsheet,54.49,https://nube.ine.gob.bo/index.php/s/ADa87TViYG74BN4/download
2020-06-10 10:38:54-04:00,EXPORTACIONES RITEX 2000,spreadsheet,45.07,https://nube.ine.gob.bo/index.php/s/hSMWlnHYrRPtSjC/download
2020-06-11 18:50:29-04:00,EXPORTACIONES 1996,spreadsheet,1755.52,https://nube.ine.gob.bo/index.php/s/vuP5coqXwzhCt7b/download
2020-06-11 19:53:05-04:00,EXPORTACIONES 1992,spreadsheet,1053.68,https://nube.ine.gob.bo/index.php/s/Ut6sdEkDdQDe7cK/download
2020-06-11 19:53:18-04:00,EXPORTACIONES 1993,spreadsheet,1156.11,https://nube.ine.gob.bo/index.php/s/a0ALCXWZ2BiHVCG/download
2020-06-11 19:53:32-04:00,EXPORTACIONES 1994,spreadsheet,1309.98,https://nube.ine.gob.bo/index.php/s/yRuk5RlZXjtdyRp/download
2020-06-11 19:53:48-04:00,EXPORTACIONES 1995,spreadsheet,1475.24,https://nube.ine.gob.bo/index.php/s/q1mDAyDxct3k5Hw/download
2020-06-11 19:54:03-04:00,EXPORTACIONES 1997,spreadsheet,1881.00,https://nube.ine.gob.bo/index.php/s/5Tq286VhouIjedN/download
2020-06-11 19:54:23-04:00,EXPORTACIONES 1998,spreadsheet,1959.85,https://nube.ine.gob.bo/index.php/s/6LGbB1oeorph7rf/download
2020-06-11 19:54:36-04:00,EXPORTACIONES 1999,spreadsheet,2103.36,https://nube.ine.gob.bo/index.php/s/MrpAmiy74w6qIDf/download
2020-06-11 19:55:45-04:00,EXPORTACIONES 2010,spreadsheet,3809.55,https://nube.ine.gob.bo/index.php/s/e57xVJPXHDNN0xD/download
2020-06-11 19:55:55-04:00,EXPORTACIONES 2009,spreadsheet,3369.41,https://nube.ine.gob.bo/index.php/s/ZPGcj0Asa7Aupuj/download
2020-06-11 19:56:04-04:00,EXPORTACIONES 2008,spreadsheet,3831.66,https://nube.ine.gob.bo/index.php/s/I1f3ccAobtmKl46/download
2020-06-11 19:56:14-04:00,EXPORTACIONES 2007,spreadsheet,3828.25,https://nube.ine.gob.bo/index.php/s/UbNWawG3yDGHM8i/download
2020-06-11 19:56:21-04:00,EXPORTACIONES 2006,spreadsheet,3816.43,https://nube.ine.gob.bo/index.php/s/IU5k9SDbDDwkEnh/download
2020-06-11 19:56:33-04:00,EXPORTACIONES 2005,spreadsheet,3718.40,https://nube.ine.gob.bo/index.php/s/eyh7xIlt2j3ZwNt/download
2020-06-11 19:56:42-04:00,EXPORTACIONES 2004,spreadsheet,3286.61,https://nube.ine.gob.bo/index.php/s/liVwBxOHGV56EML/download
2020-06-11 19:56:52-04:00,EXPORTACIONES 2003,spreadsheet,2814.58,https://nube.ine.gob.bo/index.php/s/KACkFPi22psY8JA/download
2020-06-11 19:56:59-04:00,EXPORTACIONES 2002,spreadsheet,2507.06,https://nube.ine.gob.bo/index.php/s/slNqZSwZ5VixvFZ/download
2020-06-11 19:57:07-04:00,EXPORTACIONES 2001,spreadsheet,2657.35,https://nube.ine.gob.bo/index.php/s/BqUZbFjmVhvGaHz/download
2020-06-11 19:57:13-04:00,EXPORTACIONES 2000,spreadsheet,2498.62,https://nube.ine.gob.bo/index.php/s/KqReNCWxwjR35ka/download
2020-06-11 19:58:58-04:00,EXPORTACIONES 2017,spreadsheet,12470.28,https://nube.ine.gob.bo/index.php/s/EdZNWPiAyaUpcYF/download
2020-06-11 19:59:06-04:00,EXPORTACIONES 2016,spreadsheet,3118.33,https://nube.ine.gob.bo/index.php/s/KNrVnu47Sn8DuId/download
2020-06-11 19:59:20-04:00,EXPORTACIONES 2015,spreadsheet,3406.07,https://nube.ine.gob.bo/index.php/s/5uwd1HLAGsJ7Bnm/download
2020-06-11 19:59:29-04:00,EXPORTACIONES 2014,spreadsheet,3531.83,https://nube.ine.gob.bo/index.php/s/nZPh8u69bWU5c2F/download
2020-06-11 19:59:39-04:00,EXPORTACIONES 2013,spreadsheet,3489.00,https://nube.ine.gob.bo/index.php/s/u3bLnoGMdFjUeyq/download
2020-06-11 19:59:51-04:00,EXPORTACIONES 2012,spreadsheet,3634.30,https://nube.ine.gob.bo/index.php/s/HrZ2fbpq29lJGaT/download
2020-06-11 20:00:00-04:00,EXPORTACIONES 2011,spreadsheet,3585.75,https://nube.ine.gob.bo/index.php/s/IY5oaX2f4Mxx6OE/download
2020-08-19 19:20:37-04:00,BOLETÍN ESTADÍSTICO COMEX ENERO A JULIO 2020,pdf,4754.80,https://nube.ine.gob.bo/index.php/s/JTuX9uTJQOnJI2L/download
2020-10-22 10:53:22-04:00,BOLETÍN ESTADÍSTICO COMEX ENERO A AGOSTO 2018 Y 2019 CIFRAS PRELIMINARES,pdf,2706.46,https://nube.ine.gob.bo/index.php/s/D5tfRfHAEy7mL3A/download
2020-11-18 17:40:00-04:00,BOLETÍN ESTADÍSTICO COMEX ENERO A OCTUBRE 2020,pdf,5248.06,https://nube.ine.gob.bo/index.php/s/0WP2GDNtp0rM3ib/download
2020-12-18 11:27:21-04:00,Fichas técnicas de indicadores pobreza monetaria,rar,3586.18,https://nube.ine.gob.bo/index.php/s/16vkjHhuMZ6tVjt/download
2020-12-18 11:27:28-04:00,Sintaxis para cálculo de variables de pobreza monetaria,stream,2.47,https://nube.ine.gob.bo/index.php/s/sCcAsYbb9DZIx1s/download
2020-12-18 11:28:31-04:00,"Nota técnica LP01/2020, ",pdf,246.13,https://nube.ine.gob.bo/index.php/s/9BPKBogjQRY93va/download
2020-12-18 11:28:44-04:00,15- 07-2020,pdf,246.13,https://nube.ine.gob.bo/index.php/s/o93pumr9HfRwlzq/download
2020-12-18 11:29:02-04:00,Sintaxis para el cálculo de líneas de pobreza ,rar,747.62,https://nube.ine.gob.bo/index.php/s/D1qudkfX22Bwuob/download
2020-12-18 11:29:06-04:00,Bases de datos ajustadas para el cálculo de líneas de pobreza,rar,30349.12,https://nube.ine.gob.bo/index.php/s/a5Lz0AjTXujR46x/download
2020-12-18 11:29:09-04:00,Documento metodológico ejecutivo sobre el cálculo de líneas de pobreza,pdf,3382.31,https://nube.ine.gob.bo/index.php/s/UvhSpL1bRZ1Tj3o/download
2020-12-31 12:25:56-04:00,Fichas técnicas indicadores,pdf,553.98,https://nube.ine.gob.bo/index.php/s/QPJPZcnUFN1lT1f/download
2020-12-31 15:06:30-04:00,Metodología Cuentas Nacionales Trimestrales base 1990,pdf,374.86,https://nube.ine.gob.bo/index.php/s/hMq78rlBaiqEQ0C/download
2020-12-31 16:12:53-04:00,Cuestionario ENNA 2019,pdf,974.74,https://nube.ine.gob.bo/index.php/s/cNfd5uSr7BqBQ3i/download
2021-01-28 08:31:16-04:00,"Índice General, Variación Mensual, Acumulada y a 12 Meses",spreadsheet,93.66,https://nube.ine.gob.bo/index.php/s/kVGgyqtobYRsZwv/download
2021-01-28 08:31:39-04:00,"Índice General, Variación Mensual, Acumulada y a 12 Meses por División",excel,212.00,https://nube.ine.gob.bo/index.php/s/I8YCO542YACIeRM/download
2021-01-28 08:32:59-04:00, Índices a Nivel Productos,excel,891.50,https://nube.ine.gob.bo/index.php/s/h7GPusgUMmHc8g8/download
2021-01-28 08:33:28-04:00, Ponderaciones a Nivel Productos,spreadsheet,96.32,https://nube.ine.gob.bo/index.php/s/OhuywO3adSTerX7/download
2021-01-28 08:33:58-04:00,"Índice general, variación mensual, acumulada y a 12 meses de Alimentos",spreadsheet,667.71,https://nube.ine.gob.bo/index.php/s/QPNh5LIASFAG71G/download
2021-01-28 08:34:27-04:00,"Índice general, variación mensual, acumulada y a 12 meses de No Alimentos",spreadsheet,666.88,https://nube.ine.gob.bo/index.php/s/3S2xmPJh7NspwWi/download
2021-01-28 08:35:30-04:00,Precios Promedio,excel,4879.00,https://nube.ine.gob.bo/index.php/s/Jg1shpJgrhLIACe/download
2021-01-28 09:01:54-04:00,"Índice General, Variación Mensual, Acumulada y a 12 Meses",excel,313.00,https://nube.ine.gob.bo/index.php/s/LzucAyViXN7ikbL/download
2021-01-28 09:02:49-04:00,"Índice General, Variación Mensual, Acumulada y a 12 Meses por División",excel,244.00,https://nube.ine.gob.bo/index.php/s/PGiXzEd0Gwyeo07/download
2021-01-28 09:03:17-04:00, Índices a Nivel Productos,excel,1251.50,https://nube.ine.gob.bo/index.php/s/CbH944zbjFvvvWW/download
2021-01-28 09:03:49-04:00, Ponderaciones a Nivel Productos,spreadsheet,94.81,https://nube.ine.gob.bo/index.php/s/mpHp6HeN00MVWPs/download
2021-01-28 09:04:15-04:00,"Índice general, variación mensual, acumulada y a 12 meses de Alimentos",spreadsheet,673.13,https://nube.ine.gob.bo/index.php/s/2q5gIvDnIMfGaP4/download
2021-01-28 09:04:45-04:00,"Índice general, variación mensual, acumulada y a 12 meses de No Alimentos",spreadsheet,672.71,https://nube.ine.gob.bo/index.php/s/o3t5LQvx2lDV4x1/download
2021-01-28 09:05:25-04:00,Precios Promedio,excel,3067.50,https://nube.ine.gob.bo/index.php/s/uD9Zjy5qac68Ggx/download
2021-01-28 11:34:10-04:00,METODOLOGÍA FBCF BASE 1990,pdf,390.93,https://nube.ine.gob.bo/index.php/s/qxLwHEhIJXc43oF/download
2021-04-01 13:24:37-04:00,ECE_1T_2016,rar,10756.28,https://nube.ine.gob.bo/index.php/s/XwjKXDJcVoDACQb/download
2021-04-01 13:24:40-04:00,ECE_1T_2016 RUR,rar,2145.42,https://nube.ine.gob.bo/index.php/s/UEo2ZoCNUI7dwRm/download
2021-04-01 13:25:08-04:00,ECE_1T_2016 URB,rar,8936.86,https://nube.ine.gob.bo/index.php/s/J8pJBbQCwb84FYz/download
2021-04-01 13:25:27-04:00,ECE_1T_2017 RUR,rar,2102.83,https://nube.ine.gob.bo/index.php/s/MD1jYVwqGWuFV0J/download
2021-04-01 13:25:28-04:00,ECE_1T_2017,rar,10679.45,https://nube.ine.gob.bo/index.php/s/jCB3e29kw7P3sTy/download
2021-04-01 13:25:43-04:00,ECE_1T_2017 URB,rar,8903.81,https://nube.ine.gob.bo/index.php/s/EMRiAF588sLyqUN/download
2021-04-01 13:26:09-04:00,ECE_1T_2018 RUR,rar,1434.91,https://nube.ine.gob.bo/index.php/s/pgu8lOAokPb9DGB/download
2021-04-01 13:26:10-04:00,ECE_1T_2018,rar,7156.20,https://nube.ine.gob.bo/index.php/s/dokNiPPL5sFtZ7Y/download
2021-04-01 13:26:31-04:00,ECE_1T_2018 URB,rar,6080.35,https://nube.ine.gob.bo/index.php/s/Y5Ir0YqQlNmty1w/download
2021-04-01 13:26:42-04:00,ECE_1T_2019,rar,8355.45,https://nube.ine.gob.bo/index.php/s/zZdSqVv9uG1veGN/download
2021-04-01 13:26:56-04:00,ECE_1T_2019 RUR,rar,1322.14,https://nube.ine.gob.bo/index.php/s/VZX2PF6MA9mjFsS/download
2021-04-01 13:27:12-04:00,ECE_1T_2019 URB,rar,7096.17,https://nube.ine.gob.bo/index.php/s/rAvc48NF93z9Pse/download
2021-04-01 13:27:46-04:00,ECE_1T_2020 RUR,rar,1256.12,https://nube.ine.gob.bo/index.php/s/LUzhB6frO7LsScU/download
2021-04-01 13:27:47-04:00,ECE_1T_2020,rar,7707.11,https://nube.ine.gob.bo/index.php/s/hHsr86CUkEJ6K6m/download
2021-04-01 13:28:00-04:00,ECE_1T_2020 URB,rar,6689.86,https://nube.ine.gob.bo/index.php/s/Ck3ocR9b5Sc9XMi/download
2021-04-01 13:28:37-04:00,ECE_2T_2016 RUR,rar,2114.16,https://nube.ine.gob.bo/index.php/s/71ekmEURAjPSvLO/download
2021-04-01 13:28:39-04:00,ECE_2T_2016,rar,10532.90,https://nube.ine.gob.bo/index.php/s/VxbujGnZ0mTPbJq/download
2021-04-01 13:29:36-04:00,ECE_2T_2016 URB,rar,8743.63,https://nube.ine.gob.bo/index.php/s/8sHa7YHx3Bk5wOM/download
2021-04-01 13:30:03-04:00,ECE_2T_2017 RUR,rar,2073.34,https://nube.ine.gob.bo/index.php/s/P0HBIxWmYIxFPoz/download
2021-04-01 13:30:12-04:00,ECE_2T_2017,rar,10744.85,https://nube.ine.gob.bo/index.php/s/jkmgL9RX7QzI4da/download
2021-04-01 13:30:26-04:00,ECE_2T_2017 URB,rar,8985.05,https://nube.ine.gob.bo/index.php/s/GicSiVwvxD1hlWG/download
2021-04-01 14:34:40-04:00,ECE_2T_2018,rar,7719.68,https://nube.ine.gob.bo/index.php/s/sWbixLz0DaoSdIF/download
2021-04-01 14:35:53-04:00,ECE_2T_2018 RUR,rar,1482.35,https://nube.ine.gob.bo/index.php/s/RWxSRb3cnemfXKj/download
2021-04-01 14:36:22-04:00,ECE_2T_2018 URB,rar,6554.36,https://nube.ine.gob.bo/index.php/s/hKcNVMOhZEcXcOf/download
2021-04-01 14:37:05-04:00,ECE_2T_2019,rar,8903.54,https://nube.ine.gob.bo/index.php/s/eilfe4DO2NvQijG/download
2021-04-01 14:37:30-04:00,ECE_2T_2019 RUR,rar,1374.32,https://nube.ine.gob.bo/index.php/s/Ef0eUwOqG5Tlyea/download
2021-04-01 14:37:51-04:00,ECE_2T_2019 URB,rar,7548.05,https://nube.ine.gob.bo/index.php/s/B64jnxu6JHmqSdV/download
2021-04-01 14:42:31-04:00,ECE_3T_2016,rar,11278.23,https://nube.ine.gob.bo/index.php/s/O6OcAXG7Hz46hak/download
2021-04-01 14:42:57-04:00,ECE_3T_2016 RUR,rar,2195.89,https://nube.ine.gob.bo/index.php/s/rs9tQguzqeCMkfp/download
2021-04-01 14:43:18-04:00,ECE_3T_2016 URB,rar,9330.62,https://nube.ine.gob.bo/index.php/s/DFPaLO13nBzI8sK/download
2021-04-01 14:43:48-04:00,ECE_3T_2017,rar,11407.65,https://nube.ine.gob.bo/index.php/s/g8K0BvXlPunOkcR/download
2021-04-01 14:44:13-04:00,ECE_3T_2017 RUR,rar,2115.15,https://nube.ine.gob.bo/index.php/s/gCXgHRYoNPVqegs/download
2021-04-01 14:44:38-04:00,ECE_3T_2017 URB,rar,9541.60,https://nube.ine.gob.bo/index.php/s/eOJXoZ5WEWF5jjg/download
2021-04-01 14:44:55-04:00,ECE_3T_2018,rar,7460.32,https://nube.ine.gob.bo/index.php/s/McXUTdeBpXKc2hn/download
2021-04-01 14:45:12-04:00,ECE_3T_2018 RUR,rar,1421.44,https://nube.ine.gob.bo/index.php/s/XbIDw7XOjJH6VwS/download
2021-04-01 14:45:33-04:00,ECE_3T_2018 URB,rar,6361.93,https://nube.ine.gob.bo/index.php/s/zunpmMhhOfCQusf/download
2021-04-01 14:45:55-04:00,ECE_3T_2019,rar,8877.21,https://nube.ine.gob.bo/index.php/s/fNYYgun4eGKJwU4/download
2021-04-01 14:46:12-04:00,ECE_3T_2019 RUR,rar,1359.34,https://nube.ine.gob.bo/index.php/s/uK4qwRyErl4WI7h/download
2021-04-01 14:46:35-04:00,ECE_3T_2019 URB,rar,7539.06,https://nube.ine.gob.bo/index.php/s/oruCpdNyDEhJa3i/download
2021-04-01 14:52:04-04:00,ECE_4T_2015,rar,12036.93,https://nube.ine.gob.bo/index.php/s/LIoFIwoNAqOwYrY/download
2021-04-01 14:52:27-04:00,ECE_4T_2015 RUR,rar,2355.26,https://nube.ine.gob.bo/index.php/s/YmadRwK5lt9JShW/download
2021-04-01 14:52:56-04:00,ECE_4T_2015 URB,rar,9940.55,https://nube.ine.gob.bo/index.php/s/HzPiLSCycOWiFWs/download
2021-04-01 14:53:22-04:00,ECE_4T_2016,rar,11361.03,https://nube.ine.gob.bo/index.php/s/kx6SlOja36WOJvq/download
2021-04-01 14:53:42-04:00,ECE_4T_2016 RUR,rar,2220.73,https://nube.ine.gob.bo/index.php/s/HMEqrCdBrvu7GXv/download
2021-04-01 14:54:05-04:00,ECE_4T_2016 URB,rar,9386.67,https://nube.ine.gob.bo/index.php/s/3O0arFRGarvRg7s/download
2021-04-01 14:54:21-04:00,ECE_4T_2017,rar,10075.34,https://nube.ine.gob.bo/index.php/s/bI2CGCL6wFSBvxm/download
2021-04-01 14:54:40-04:00,ECE_4T_2017 RUR,rar,2059.75,https://nube.ine.gob.bo/index.php/s/6X2e9miXWahegfU/download
2021-04-01 14:55:05-04:00,ECE_4T_2017 URB,rar,8414.99,https://nube.ine.gob.bo/index.php/s/VSPQbZ4igSkU5az/download
2021-04-01 14:55:36-04:00,ECE_4T_2018,rar,7290.64,https://nube.ine.gob.bo/index.php/s/xX5bmmsBRpNLrgS/download
2021-04-01 14:55:52-04:00,ECE_4T_2018 RUR,rar,1399.24,https://nube.ine.gob.bo/index.php/s/wJrb2Jkr64eV3YK/download
2021-04-01 14:56:12-04:00,ECE_4T_2018 URB,rar,6209.54,https://nube.ine.gob.bo/index.php/s/DuiPzvqgBmN1E3K/download
2021-04-01 14:56:34-04:00,ECE_4T_2019,rar,8807.38,https://nube.ine.gob.bo/index.php/s/aOhbXJtbWySK1r4/download
2021-04-01 14:56:53-04:00,ECE_4T_2019 RUR,rar,1469.96,https://nube.ine.gob.bo/index.php/s/YBGaIhClko9QJkv/download
2021-04-01 14:57:15-04:00,ECE_4T_2019 URB,rar,7528.38,https://nube.ine.gob.bo/index.php/s/TT5KzisxLMdvTSM/download
2021-04-01 21:33:21-04:00,ECE_3T_2020_URB,rar,7733.10,https://nube.ine.gob.bo/index.php/s/cqheK37YGEctYpN/download
2021-04-01 21:33:54-04:00,ECE_2T_2020_URB,rar,6930.78,https://nube.ine.gob.bo/index.php/s/ep5BpmnyFIUhmJQ/download
2021-04-28 13:03:22-04:00,"AMÉRICA LATINA Y EL CARIBE: ÍNDICE DE DESARROLLO HUMANO Y SUS COMPONENTES, 2015",spreadsheet,5090.31,https://nube.ine.gob.bo/index.php/s/28pMxdt6Wh5mXjD/download
2021-04-28 13:04:54-04:00,"AMÉRICA LATINA Y EL CARIBE: ÍNDICE DE DESARROLLO HUMANO AJUSTADO POR LA DESIGUALDAD, 2015",spreadsheet,5155.49,https://nube.ine.gob.bo/index.php/s/JmupvMmKHOLhyx3/download
2021-04-28 13:16:15-04:00,"AMÉRICA LATINA Y EL CARIBE: TENDENCIA DEL ÍNDICE DE DESARROLLO HUMANO, 2015",spreadsheet,5094.96,https://nube.ine.gob.bo/index.php/s/BufpM1MQ1z5KFBs/download
2021-04-28 13:17:06-04:00,"AMÉRICA LATINA Y EL CARIBE: ÍNDICE DE DESIGUALDAD DE GÉNERO, 2015",spreadsheet,5090.88,https://nube.ine.gob.bo/index.php/s/zhOukVdmwulPvus/download
2021-04-28 13:17:38-04:00,AMÉRICA LATINA Y EL CARIBE: ÍNDICE DE POBREZA MULTIDIMENSIONAL,spreadsheet,5066.35,https://nube.ine.gob.bo/index.php/s/mtKtzQSehL9lyDT/download
2021-05-07 10:17:28-04:00,Ficha Técnica – Salarios Sector Privado,pdf,448.24,https://nube.ine.gob.bo/index.php/s/mN1oIqUGZy5uQ4i/download
2021-05-25 15:13:03-04:00,"Nota técnica P01/2020, 12- 02-2020",pdf,987.30,https://nube.ine.gob.bo/index.php/s/qt9Ix1XfCu0Eymp/download
2021-06-10 15:52:47-04:00,ECE_4T_2020_URB,rar,8206.75,https://nube.ine.gob.bo/index.php/s/yZzKP4CKpc6aRk2/download
2021-08-11 13:37:50-04:00,"BOLIVIA: NIÑAS, NIÑOS Y ADOLESCENTES DE 5 A 17 AÑOS, CON ACTIVIDAD LABORAL O TRABAJO, POR ACTIVIDAD ECONÓMICA, SEGÚN SEXO, GRUPO DE EDAD, ÁREA Y DEPARTAMENTO, 2016 Y 2019",spreadsheet,70.06,https://nube.ine.gob.bo/index.php/s/aS7uN5BXSAWl0Cs/download
2021-08-11 13:39:11-04:00,"BOLIVIA: NIÑAS, NIÑOS Y ADOLESCENTES DE 5 A 17 AÑOS QUE REALIZAN UNA ACTIVIDAD LABORAL O TRABAJO, POR GRUPO DE HORAS LABORALES SEMANALES, SEGÚN CATEGORÍA, 2016 Y 2019",spreadsheet,95.64,https://nube.ine.gob.bo/index.php/s/AAm7N5CxxmTvfNQ/download
2021-08-11 13:41:03-04:00,"BOLIVIA: POBLACIÓN DE 5 A 17 AÑOS, POR SEXO, ASISTENCIA ESCOLAR, PARTICIPACIÓN EN ACTIVIDAD LABORAL O TRABAJO Y ACTIVIDAD DOMÉSTICA DEL HOGAR, SEGÚN ÁREA Y GRUPO DE EDAD, 2016 Y 2019",spreadsheet,71.92,https://nube.ine.gob.bo/index.php/s/ExLewMK2ceEceOM/download
2021-08-11 13:41:17-04:00,"BOLIVIA: POBLACIÓN DE 5 A 17 AÑOS, POR SEXO, ASISTENCIA ESCOLAR, PARTICIPACIÓN EN ACTIVIDAD LABORAL O TRABAJO Y ACTIVIDAD DOMÉSTICA DEL HOGAR, SEGÚN ÁREA Y GRUPO DE EDAD, 2016 Y 2019",spreadsheet,197.89,https://nube.ine.gob.bo/index.php/s/rO8ELpDaMnqLVtV/download
2021-08-11 13:41:26-04:00,"BOLIVIA: NIÑAS, NIÑOS Y ADOLESCENTES DE 5 A 17 AÑOS QUE REALIZAN UNA ACTIVIDAD LABORAL O TRABAJAN, POR CATEGORÍA, SEGÚN SEXO, GRUPO DE EDAD, ÁREA  Y DEPARTAMENTO, 2016 Y 2019",spreadsheet,60.43,https://nube.ine.gob.bo/index.php/s/6XAc8G6yYTNSRAC/download
2021-08-11 13:41:48-04:00,"BOLIVIA: NIÑAS, NIÑOS Y ADOLESCENTES DE 5 A 17 AÑOS QUE REALIZAN UNA ACTIVIDAD LABORAL O TRABAJO, POR GRUPO OCUPACIONAL, SEGÚN SEXO, GRUPO DE EDAD Y ÁREA,  2016 Y 2019",spreadsheet,87.11,https://nube.ine.gob.bo/index.php/s/gCZZjLvitm9e97k/download
2021-08-11 13:43:06-04:00,"BOLIVIA: NIÑAS, NIÑOS Y ADOLESCENTES DE 5 A 17 AÑOS CON ACTIVIDAD LABORAL O TRABAJO, POR CONDICIONES EN LAS QUE LO REALIZA, SEGÚN CATEGORÍA, 2016 Y 2019",spreadsheet,1096.33,https://nube.ine.gob.bo/index.php/s/kMHDGTnc61T5OUr/download
2021-08-24 11:47:49-04:00,Ficha Técnica,pdf,703.10,https://nube.ine.gob.bo/index.php/s/6YmS3003K5E2csw/download
2021-08-30 10:05:14-04:00,"BOLIVIA: NIÑAS, NIÑOS Y ADOLESCENTES DE 5 A 17 AÑOS CON ACTIVIDAD LABORAL O TRABAJO, POR GRUPO DE HORAS LABORALES SEMANALES, SEGÚN SEXO, GRUPO DE EDAD, ÁREA Y DEPARTAMENTO, 2016 Y 2019",spreadsheet,334.41,https://nube.ine.gob.bo/index.php/s/zjfOjTm9BZpVjPi/download
2021-09-28 09:55:50-04:00,EXPORTACIONES 2019,spreadsheet,3424.43,https://nube.ine.gob.bo/index.php/s/NynkfVU0xKa1TVZ/download
2021-09-28 09:55:50-04:00,EXPORTACIONES RITEX 2019,spreadsheet,48.33,https://nube.ine.gob.bo/index.php/s/QEv4TNTRnZtHtTJ/download
2021-09-28 10:19:58-04:00,IMPORTACIONES 2019,spreadsheet,66627.13,https://nube.ine.gob.bo/index.php/s/vpoXdzn8epcGCob/download
2021-09-30 19:23:32-04:00,ECE_1T_2021 RUR,rar,1295.26,https://nube.ine.gob.bo/index.php/s/98TrEkt5yz3z2Iz/download
2021-09-30 19:23:32-04:00,ECE_1T_2021 URB,rar,8490.42,https://nube.ine.gob.bo/index.php/s/YdFC1YwDz1Awo3Z/download
2021-09-30 19:23:32-04:00,ECE_1T_2021,rar,9779.36,https://nube.ine.gob.bo/index.php/s/pylqZhBHo2yBgMp/download
2021-10-21 13:52:45-04:00,"BOLIVIA: AÑOS PROMEDIO DE ESTUDIO DE LA POBLACIÓN DE 19 AÑOS O MÁS EDAD POR SEXO, SEGÚN ÁREA Y DEPARTAMENTO, CENSOS 1992, 2001 Y 2012",spreadsheet,53.23,https://nube.ine.gob.bo/index.php/s/BZAZTNcH2yrAFRn/download
2021-10-21 14:50:48-04:00,"BOLIVIA: POBLACIÓN MATRICULADA EN LA UNIVERSIDAD PRIVADA, SEGÚN TIPO DE MATRÍCULA Y DEPARTAMENTO, 2007 – 2016",spreadsheet,54.88,https://nube.ine.gob.bo/index.php/s/TVJEDR8OEWbRo9J/download
2021-10-21 15:52:22-04:00,"BOLIVIA – CONSUMO INTERMEDIO, 2010, 2012, 2017",spreadsheet,66.11,https://nube.ine.gob.bo/index.php/s/oSZt0IernpqNZd7/download
2021-10-21 15:52:41-04:00,"BOLIVIA – NÚMERO DE PERSONAL OCUPADO, 2010, 2012, 2017",spreadsheet,65.85,https://nube.ine.gob.bo/index.php/s/btxcCe9p7V73op1/download
2021-10-21 15:55:47-04:00,"BOLIVIA – NÚMERO DE EMPRESAS, 2010, 2012, 2017",spreadsheet,65.72,https://nube.ine.gob.bo/index.php/s/pkhlfsfnE4SxIKv/download
2021-10-21 16:25:12-04:00,"BOLIVIA: HOGARES SEGÚN ÁREA, PROCEDENCIA Y DISTRIBUCIÓN DEL AGUA EN LA VIVIENDA, POR DEPARTAMENTO, CENSOS 1992, 2001 Y 2012",spreadsheet,202.55,https://nube.ine.gob.bo/index.php/s/63OXWVfpvsTtSvI/download
2021-10-21 16:26:11-04:00,"BENI: DISPOSICIÓN DE LA BASURA EN LA VIVIENDA, SEGÚN PROVINCIA Y MUNICIPIO, CENSO 2012",spreadsheet,59.14,https://nube.ine.gob.bo/index.php/s/TQoEt7QEPAHLney/download
2021-10-21 16:26:20-04:00,"SANTA CRUZ: DISPOSICIÓN DE LA BASURA EN LA VIVIENDA, SEGÚN PROVINCIA Y MUNICIPIO, CENSO 2012",spreadsheet,66.77,https://nube.ine.gob.bo/index.php/s/A1YujMAuGDFHqaK/download
2021-10-21 16:26:33-04:00,"TARIJA: DISPOSICIÓN DE LA BASURA EN LA VIVIENDA, SEGÚN PROVINCIA Y MUNICIPIO, CENSO 2012",spreadsheet,65.06,https://nube.ine.gob.bo/index.php/s/f4PZiXXQ0BNnBl9/download
2021-10-21 16:26:46-04:00,"POTOSÍ: DISPOSICIÓN DE LA BASURA EN LA VIVIENDA, SEGÚN PROVINCIA Y MUNICIPIO, CENSO 2012",spreadsheet,80.34,https://nube.ine.gob.bo/index.php/s/mmjobzsWAj4iDyP/download
2021-10-21 16:26:55-04:00,"ORURO: DISPOSICIÓN DE LA BASURA EN LA VIVIENDA, SEGÚN PROVINCIA Y MUNICIPIO, CENSO 2012",spreadsheet,91.48,https://nube.ine.gob.bo/index.php/s/x5UOqgNKfsvdvvJ/download
2021-10-21 16:27:05-04:00,"COCHABAMBA: DISPOSICIÓN DE LA BASURA EN LA VIVIENDA, SEGÚN PROVINCIA Y MUNICIPIO, CENSO 2012",spreadsheet,99.70,https://nube.ine.gob.bo/index.php/s/EAj7geGXSLsCAPI/download
2021-10-21 16:27:19-04:00,"LA PAZ: DISPOSICIÓN DE LA BASURA EN LA VIVIENDA, SEGÚN PROVINCIA Y MUNICIPIO, CENSO 2012",spreadsheet,136.74,https://nube.ine.gob.bo/index.php/s/rhJaO0Zavp9RbCT/download
2021-10-21 16:27:31-04:00,"CHUQUISACA: DISPOSICIÓN DE LA BASURA EN LA VIVIENDA, SEGÚN PROVINCIA Y MUNICIPIO, CENSO 2012",spreadsheet,81.82,https://nube.ine.gob.bo/index.php/s/JcsGRa7JnMMZwxP/download
2021-10-21 16:27:40-04:00,"BOLIVIA: POBLACIÓN SEGÚN ÁREA Y COBERTURA DE AGUA Y SANEAMIENTO, POR DEPARTAMENTO, CENSOS 2001 Y 2012",spreadsheet,382.37,https://nube.ine.gob.bo/index.php/s/LHLSgs1zuT4lnUJ/download
2021-10-21 16:27:49-04:00,"PANDO: ACCESO A SERVICIOS BÁSICOS EN LA VIVIENDA, SEGÚN PROVINCIA Y MUNICIPIO, CENSO 2012",spreadsheet,51.72,https://nube.ine.gob.bo/index.php/s/DDsMso2SokaHBsu/download
2021-10-21 16:28:00-04:00,"BENI: ACCESO A SERVICIOS BÁSICOS EN LA VIVIENDA, SEGÚN PROVINCIA Y MUNICIPIO, CENSO 2012",spreadsheet,60.28,https://nube.ine.gob.bo/index.php/s/b6vEH92LI7WC2fX/download
2021-10-21 16:28:07-04:00,"SANTA CRUZ: ACCESO A SERVICIOS BÁSICOS EN LA VIVIENDA, SEGÚN PROVINCIA Y MUNICIPIO, CENSO 2012",spreadsheet,94.88,https://nube.ine.gob.bo/index.php/s/RttF0MfiJRYnbRR/download
2021-10-21 16:28:14-04:00,"PANDO: DISPOSICIÓN DE LA BASURA EN LA VIVIENDA, SEGÚN PROVINCIA Y MUNICIPIO, CENSO 2012",spreadsheet,56.98,https://nube.ine.gob.bo/index.php/s/bn8A6EWq2H3uju5/download
2021-10-21 16:28:31-04:00,"POTOSÍ: ACCESO A SERVICIOS BÁSICOS EN LA VIVIENDA, SEGÚN PROVINCIA Y MUNICIPIO, CENSO 2012",spreadsheet,63.98,https://nube.ine.gob.bo/index.php/s/hDrjs3648ooZHFZ/download
2021-10-21 16:29:01-04:00,"BENI: PRINCIPALES CARACTERÍSTICAS DE LA VIVIENDA, SEGÚN PROVINCIA Y MUNICIPIO, CENSO 2012",spreadsheet,60.08,https://nube.ine.gob.bo/index.php/s/bG30jZm2RhNXGAC/download
2021-10-21 16:29:10-04:00,"SANTA CRUZ: PRINCIPALES CARACTERÍSTICAS DE LA VIVIENDA, SEGÚN PROVINCIA Y MUNICIPIO, CENSO 2012",spreadsheet,67.97,https://nube.ine.gob.bo/index.php/s/i2VJZKLTNfuV9X0/download
2021-10-21 16:29:18-04:00,"POTOSÍ: PRINCIPALES CARACTERÍSTICAS DE LA VIVIENDA, SEGÚN PROVINCIA Y MUNICIPIO, CENSO 2012",spreadsheet,64.95,https://nube.ine.gob.bo/index.php/s/LhJ47uInStnKvxu/download
2021-10-21 16:29:26-04:00,"ORURO: PRINCIPALES CARACTERÍSTICAS DE LA VIVIENDA, SEGÚN PROVINCIA Y MUNICIPIO, CENSO 2012",spreadsheet,63.34,https://nube.ine.gob.bo/index.php/s/JaiftF9eoTLOGjj/download
2021-10-21 16:29:33-04:00,"COCHABAMBA: PRINCIPALES CARACTERÍSTICAS DE LA VIVIENDA, SEGÚN PROVINCIA Y MUNICIPIO, CENSO 2012",spreadsheet,64.18,https://nube.ine.gob.bo/index.php/s/KC4h5dXYtzd7h4N/download
2021-10-21 16:29:41-04:00,"LA PAZ: PRINCIPALES CARACTERÍSTICAS DE LA VIVIENDA, SEGÚN PROVINCIA Y MUNICIPIO, CENSO 2012",spreadsheet,59.81,https://nube.ine.gob.bo/index.php/s/YjT4QxyKqeYsYFf/download
2021-10-21 16:29:50-04:00,"CHUQUISACA: PRINCIPALES CARACTERÍSTICAS DE LA VIVIENDA, SEGÚN PROVINCIA Y MUNICIPIO, CENSO 2012",spreadsheet,56.80,https://nube.ine.gob.bo/index.php/s/1O5jNhz5t8Tj3d1/download
2021-10-21 16:29:59-04:00,"BOLIVIA: MATERIALES MÁS UTILIZADOS EN LA CONSTRUCCIÓN DE PAREDES, TECHOS Y PISOS DE LA VIVIENDA POR DEPARTAMENTO, SEGÚN ÁREA, CENSOS 1992, 2001 Y 2012",spreadsheet,121.99,https://nube.ine.gob.bo/index.php/s/EswPxrnJGStttuH/download
2021-10-21 16:30:06-04:00,"BOLIVIA: PERSONAS POR DORMITORIO, HABITACIÓN Y DISPONIBILIDAD DE CUARTO EXCLUSIVO PARA COCINAR EN LA VIVIENDA POR DEPARTAMENTO, SEGÚN ÁREA, CENSOS 1992, 2001 Y 2012",spreadsheet,67.20,https://nube.ine.gob.bo/index.php/s/Qyw7BAHhHoS2kP7/download
2021-10-21 16:30:13-04:00,"BOLIVIA: TENENCIA DE LA VIVIENDA POR DEPARTAMENTO, SEGÚN ÁREA, CENSOS 1992, 2001 Y 2012",spreadsheet,57.47,https://nube.ine.gob.bo/index.php/s/UgVYqAzZbpFgodB/download
2021-10-21 16:30:20-04:00,"PANDO: PRINCIPALES CARACTERÍSTICAS DE LA VIVIENDA, SEGÚN PROVINCIA Y MUNICIPIO, CENSO 2012",spreadsheet,58.97,https://nube.ine.gob.bo/index.php/s/K7WqJjGahgPzkVt/download
2021-10-21 16:30:29-04:00,"ORURO: ACCESO A SERVICIOS BÁSICOS EN LA VIVIENDA, SEGÚN PROVINCIA Y MUNICIPIO, CENSO 2012",spreadsheet,67.18,https://nube.ine.gob.bo/index.php/s/QdJv7c6L8bLQUaV/download
2021-10-21 16:32:21-04:00,"COCHABAMBA: ACCESO A SERVICIOS BÁSICOS EN LA VIVIENDA, SEGÚN PROVINCIA Y MUNICIPIO, CENSO 2012",spreadsheet,65.18,https://nube.ine.gob.bo/index.php/s/hctRnafq59q3J3y/download
2021-10-21 16:32:34-04:00,"TARIJA: ACCESO A SERVICIOS BÁSICOS EN LA VIVIENDA, SEGÚN PROVINCIA Y MUNICIPIO, CENSO 2012",spreadsheet,55.16,https://nube.ine.gob.bo/index.php/s/dnJhTIwCFmq5hXv/download
2021-10-21 16:32:45-04:00,"BOLIVIA: HOGARES SEGÚN ÁREA, DISPONIBILIDAD, MODALIDAD DE USO Y DESAGÜE DEL BAÑO POR DEPARTAMENTO, CENSOS 1992, 2001 Y 2012",spreadsheet,506.94,https://nube.ine.gob.bo/index.php/s/hYWIRsrj10zPxqB/download
2021-10-21 16:32:57-04:00,"BOLIVIA: HOGARES SEGÚN ÁREA, DISPONIBILIDAD DE ENERGÍA ELÉCTRICA Y PRINCIPAL COMBUSTIBLE UTILIZADO PARA COCINAR, POR DEPARTAMENTO, CENSOS 1992, 2001 Y 2012",spreadsheet,53.04,https://nube.ine.gob.bo/index.php/s/8OIAAeHumhr3JW8/download
2021-10-21 16:33:10-04:00,"CHUQUISACA: ACCESO A SERVICIOS BÁSICOS EN LA VIVIENDA, SEGÚN PROVINCIA Y MUNICIPIO, CENSO 2012",spreadsheet,44.75,https://nube.ine.gob.bo/index.php/s/CBIwZLinAcaL2JN/download
2021-10-21 16:33:23-04:00,"LA PAZ: ACCESO A SERVICIOS BÁSICOS EN LA VIVIENDA, SEGÚN PROVINCIA Y MUNICIPIO, CENSO 2012",spreadsheet,71.58,https://nube.ine.gob.bo/index.php/s/QQCocrpIKDfOQmp/download
2021-10-21 16:33:35-04:00,"TARIJA: PRINCIPALES CARACTERÍSTICAS DE LA VIVIENDA, SEGÚN PROVINCIA Y MUNICIPIO, CENSO 2012",spreadsheet,49.93,https://nube.ine.gob.bo/index.php/s/0Jm8WUBJaj3afiI/download
2021-10-21 16:39:31-04:00,"BOLIVIA: MORTALIDAD NEONATAL, POST-NEONATAL, INFANTIL, POST-INFANTIL Y EN LA NIÑEZ, POR ÁREA Y DEPARTAMENTO, 1989 – 2016",spreadsheet,40.52,https://nube.ine.gob.bo/index.php/s/xo0uyg6RwvcnTBJ/download
2021-10-21 16:39:50-04:00,"BOLIVIA: MUJERES, POR PERSONA QUE PROPORCIONÓ EL CUIDADO PRENATAL PARA EL ÚLTIMO NACIMIENTO, SEGÚN ÁREA Y DEPARTAMENTO, 2003, 2008 Y 2016",spreadsheet,40.95,https://nube.ine.gob.bo/index.php/s/DoZd64DI9qeBP3J/download
2021-10-21 16:40:11-04:00,"BOLIVIA: MUJERES DE 15 A 49 AÑOS, POR TIPO DE ANEMIA, SEGÚN ÁREA Y DEPARTAMENTO, 2003, 2008 Y 2016",spreadsheet,40.60,https://nube.ine.gob.bo/index.php/s/ZCor40rRDOJyVFT/download
2021-10-21 16:40:32-04:00,"BOLIVIA: NIÑAS Y NIÑOS DE 6 A 59 MESES, POR TIPO DE ANEMIA, SEGÚN ÁREA Y DEPARTAMENTO, 2003, 2008 Y 2016",spreadsheet,40.65,https://nube.ine.gob.bo/index.php/s/Da2ZgSHRUHmd9cn/download
2021-10-21 16:40:52-04:00,"BOLIVIA: TASA GLOBAL DE FECUNDIDAD, SEGÚN ÁREA Y DEPARTAMENTO, 1994, 1998, 2003, 2008 Y 2016",spreadsheet,38.47,https://nube.ine.gob.bo/index.php/s/tXaTJM8geaZhUSf/download
2021-10-21 16:50:04-04:00,"BOLIVIA: NIÑOS Y NIÑAS MENORES DE CINCO AÑOS CON MALNUTRICIÓN, SEGÚN TRES ÍNDICES ANTROPOMÉTRICOS: TALLA PARA LA EDAD; PESO PARA LA TALLA Y PESO PARA LA EDAD, SEGÚN ÁREA Y DEPARTAMENTO, 2008 Y 2016",spreadsheet,41.29,https://nube.ine.gob.bo/index.php/s/HC21vq3sF0DZim1/download
2021-10-21 16:50:54-04:00,"BOLIVIA: MUJERES ENTREVISTADAS DE 15 A 49 AÑOS, POR TIPO DE MÉTODO DE ANTICONCEPCIÓN USADO ACTUALMENTE, 2003, 2008 Y 2016",spreadsheet,38.28,https://nube.ine.gob.bo/index.php/s/70teaM7gvZv7g4w/download
2021-10-21 16:51:11-04:00,"BOLIVIA: MUJERES ACTUALMENTE EN UNIÓN QUE CONOCEN ALGÚN MÉTODO Y QUE CONOCEN POR LO MENOS UN MÉTODO MODERNO, SEGÚN ÁREA Y DEPARTAMENTO, 2003, 2008 Y 2016",excel,59.00,https://nube.ine.gob.bo/index.php/s/xlJMOjbvr3AA4LU/download
2021-10-21 16:51:32-04:00,"BOLIVIA: MUJERES DE 15 A 49 AÑOS NO EMBARAZADAS Y QUE NO TUVIERON UN NACIMIENTO EN LOS ÚLTIMOS 2 MESES ANTES DE LA ENCUESTA POR PROMEDIO DE LA TALLA, PORCENTAJE CON TALLA MENOR DE 145 CM, PROMEDIO DEL ÍNDICE DE MASA CORPORAL (IMC) Y PORCENTAJE CON NIVELES ESPECÍFICOS DE IMC, SEGÚN ÁREA Y DEPARTAMENTO, 2003, 2008 Y 2016",excel,64.50,https://nube.ine.gob.bo/index.php/s/2T0gJVk4PNcFLh9/download
2021-10-21 16:51:53-04:00,"BOLIVIA: NIÑAS Y NIÑOS NACIDOS EN LOS ÚLTIMOS CINCO AÑOS ANTERIORES A LA ENCUESTA QUE RECIBIERON LACTANCIA MATERNA ALGUNA VEZ, LOS(AS) QUE EMPEZARON A LACTAR DENTRO DE LA HORA SIGUIENTE AL NACIMIENTO, DURANTE EL PRIMER DÍA DE NACIDO Y LOS(AS) QUE RECIBIERON ALIMENTOS ANTES DE INICIAR LA LACTANCIA, SEGÚN ÁREA Y DEPARTAMENTO, 2003, 2008 Y 2016",excel,63.00,https://nube.ine.gob.bo/index.php/s/wnb4scqBUWT71GS/download
2021-10-21 16:52:22-04:00,"BOLIVIA: POBLACIÓN FEMENINA DE 15 AÑOS O MÁS DE EDAD POR LUGAR DE ATENCIÓN DEL ÚLTIMO PARTO, SEGÚN DEPARTAMENTO, PROVINCIA Y MUNICIPIO, CENSOS 2001 Y 2012",spreadsheet,104.22,https://nube.ine.gob.bo/index.php/s/xMoYiB9cCkuFTiJ/download
2021-10-21 16:52:42-04:00,"BOLIVIA: PERSONAS CON ALGUNA DIFICULTAD PERMANENTE Y TIPO DE DIFICULTAD, SEGÚN DEPARTAMENTO, PROVINCIA Y MUNICIPIO, CENSO 2012",spreadsheet,71.14,https://nube.ine.gob.bo/index.php/s/YfosWo1Tj3MvhjT/download
2021-10-21 16:53:00-04:00,"BOLIVIA: VIVIENDAS PARTICULARES CON OCUPANTES PRESENTES POR PERSONAS CON O SIN ALGUNA DIFICULTAD PERMANENTE, SEGÚN DEPARTAMENTO, PROVINCIA Y MUNICIPIO, CENSO 2012",spreadsheet,55.52,https://nube.ine.gob.bo/index.php/s/fP901tQiZ6W7Fbo/download
2021-10-21 16:53:18-04:00,"BOLIVIA: POBLACIÓN POR LUGAR DONDE ACUDE CUANDO TIENE PROBLEMAS DE SALUD, SEGÚN DEPARTAMENTO, PROVINCIA Y MUNICIPIO, CENSO 2012",spreadsheet,97.98,https://nube.ine.gob.bo/index.php/s/gnZY9FmNCFOzErG/download
2021-10-22 07:36:49-04:00,"BOLIVIA: POBLACIÓN POR CONDICIÓN DE NECESIDADES BÁSICAS INSATISFECHAS, SEGÚN DEPARTAMENTO, CENSO 2012",spreadsheet,47.91,https://nube.ine.gob.bo/index.php/s/TS0xxNNmGlF5ub7/download
2021-10-22 07:37:08-04:00,"BOLIVIA: COMPONENTES DEL ÍNDICE DE NECESIDADES BÁSICAS INSATISFECHAS, SEGÚN DEPARTAMENTO, CENSO 2012",spreadsheet,46.16,https://nube.ine.gob.bo/index.php/s/c7dF1J7kGUdqHXf/download
2021-10-22 07:50:20-04:00,"BOLIVIA: POBLACIÓN CON NECESIDADES BÁSICAS INSATISFECHAS Y VARIACIÓN ANUAL, CENSOS DE 1976, 1992, 2001 Y 2012",spreadsheet,44.63,https://nube.ine.gob.bo/index.php/s/Rsp0jrpuhbH43eE/download
2021-10-22 08:36:49-04:00,"BOLIVIA: POBLACIÓN DE 5 A 17 AÑOS Y AQUELLOS QUE REALIZAN  UNA ACTIVIDAD LABORAL O TRABAJO(1), SEGÚN SEXO, 2016 Y 2019",spreadsheet,48.62,https://nube.ine.gob.bo/index.php/s/VJUP1fboEZKYPyp/download
2021-10-22 08:39:52-04:00,"BOLIVIA: NIÑAS, NIÑOS Y ADOLESCENTES DE 5 A 17 AÑOS QUE REALIZAN UNA ACTIVIDAD LABORAL O TRABAJO, POR GRUPO DE HORAS LABORALES SEMANALES, SEGÚN ACTIVIDAD ECONÓMICA, 2016 Y 2019",spreadsheet,142.10,https://nube.ine.gob.bo/index.php/s/zTQSfkpiLUi4Jt8/download
2021-10-22 08:40:05-04:00,"BOLIVIA: NIÑAS, NIÑOS Y ADOLESCENTES DE 5 A 17 AÑOS CON ACTIVIDAD LABORAL O TRABAJO, POR CONDICIONES NO PELIGROSAS EN LAS QUE LO REALIZA, SEGÚN SEXO, GRUPO DE EDAD Y ÁREA, 2016 Y 2019",spreadsheet,83.79,https://nube.ine.gob.bo/index.php/s/BeFDiroOmExny6y/download
2021-10-22 08:40:21-04:00,"BOLIVIA: NIÑAS, NIÑOS Y ADOLESCENTES, DE 5 A 17 AÑOS POR TRABAJO PELIGROSO, SEGÚN SEXO, GRUPO DE EDAD Y ÁREA, 2016 Y 2019",spreadsheet,2097.36,https://nube.ine.gob.bo/index.php/s/u1KkxDACHha8kER/download
2021-10-22 10:02:14-04:00,"BOLIVIA: POBLACIÓN EMPADRONADA EN EL CENSO DE POBLACIÓN, SIN DOCUMENTO DE IDENTIDAD, SEGÚN DEPARTAMENTO, 2012",spreadsheet,62.31,https://nube.ine.gob.bo/index.php/s/lp6iXkHQBhDmUPb/download
2021-10-22 11:36:50-04:00,"BOLIVIA – VALOR AGREGADO, 2010, 2012, 2017",spreadsheet,67.15,https://nube.ine.gob.bo/index.php/s/HsPxRsx6idIbVIf/download
2021-10-22 11:37:09-04:00,"BOLIVIA – VALOR BRUTO DE PRODUCCIÓN, 2010, 2012, 2017",spreadsheet,67.29,https://nube.ine.gob.bo/index.php/s/irCdDZ5RSuwxESI/download
2021-10-22 13:30:48-04:00,"BOLIVIA: INGRESO PROMEDIO MENSUAL EN LA OCUPACIÓN PRINCIPAL, SEGÚN SEXO Y CATEGORÍA EN EL EMPLEO, 1999 – 2017",spreadsheet,59.32,https://nube.ine.gob.bo/index.php/s/glUCan3ExdUh5J3/download
2021-10-22 13:35:09-04:00,"BOLIVIA – ÁREA URBANA: CONDICIÓN DE ACTIVIDAD SEGÚN SEXO, 1999 – 2017",spreadsheet,43.67,https://nube.ine.gob.bo/index.php/s/CJlQZ5NpHONXyWs/download
2021-10-22 13:35:36-04:00,"BOLIVIA – ÁREA RURAL: CONDICIÓN DE ACTIVIDAD SEGÚN SEXO, 1999 – 2017",spreadsheet,63.43,https://nube.ine.gob.bo/index.php/s/5eaJgahqawJxpy3/download
2021-10-22 13:36:12-04:00,"BOLIVIA: PRINCIPALES INDICADORES DE EMPLEO, SEGÚN SEXO, 1999 – 2017",spreadsheet,47.38,https://nube.ine.gob.bo/index.php/s/1hyrIssXwG8IrJE/download
2021-10-22 13:36:36-04:00,"BOLIVIA – ÁREA URBANA: PRINCIPALES INDICADORES DE EMPLEO, SEGÚN SEXO, 1999 – 2017",spreadsheet,66.06,https://nube.ine.gob.bo/index.php/s/tFPiYKDqqHM96Y2/download
2021-10-22 13:36:51-04:00,"BOLIVIA – ÁREA RURAL: PRINCIPALES INDICADORES DE EMPLEO, SEGÚN SEXO, 1999 – 2017",excel,98.00,https://nube.ine.gob.bo/index.php/s/vDpOnC5cMRJkI88/download
2021-10-22 13:50:28-04:00,"BOLIVIA: DISTRIBUCIÓN PORCENTUAL DE LA POBLACIÓN EN LA OCUPACIÓN PRINCIPAL, SEGÚN SEXO Y CATEGORÍA EN EL EMPLEO, 1999 – 2017",excel,87.50,https://nube.ine.gob.bo/index.php/s/sX2pYe9Ga0qfwbN/download
2021-10-22 13:51:13-04:00,"BOLIVIA – ÁREA URBANA: DISTRIBUCIÓN PORCENTUAL DE LA POBLACIÓN EN LA OCUPACIÓN PRINCIPAL, SEGÚN SEXO Y CATEGORÍA EN EL EMPLEO, 1999 – 2017",spreadsheet,65.44,https://nube.ine.gob.bo/index.php/s/GdYPQsZrzqweDfP/download
2021-10-22 14:08:03-04:00,"BOLIVIA: PROMEDIO DE HORAS TRABAJADAS POR SEMANA EN LA OCUPACIÓN PRINCIPAL, SEGÚN SEXO Y GRUPO OCUPACIONAL, 1999 – 2017",excel,90.50,https://nube.ine.gob.bo/index.php/s/USDZ9kfFkqmsFlo/download
2021-10-22 14:08:15-04:00,"BOLIVIA – ÁREA URBANA: PROMEDIO DE HORAS TRABAJADAS POR SEMANA EN LA OCUPACIÓN PRINCIPAL, SEGÚN SEXO Y GRUPO OCUPACIONAL, 1999- 2017",excel,95.00,https://nube.ine.gob.bo/index.php/s/z5tpFOEuZbO6WDz/download
2021-10-22 14:08:47-04:00,"BOLIVIA: PROMEDIO DE HORAS TRABAJADAS POR SEMANA EN LA OCUPACIÓN PRINCIPAL, SEGÚN SEXO Y CATEGORÍA EN EL EMPLEO, 1999 – 2017",excel,82.50,https://nube.ine.gob.bo/index.php/s/JDcQQrBASYUHoTN/download
2021-10-22 14:11:58-04:00,"BOLIVIA: PROMEDIO DE HORAS TRABAJADAS POR SEMANA EN LA OCUPACIÓN PRINCIPAL, SEGÚN SEXO Y SECTOR DEL MERCADO DE TRABAJO, 1999 – 2017",excel,80.00,https://nube.ine.gob.bo/index.php/s/L140c10oe0TJQzK/download
2021-10-22 14:12:07-04:00,"BOLIVIA – ÁREA URBANA: PROMEDIO DE HORAS TRABAJADAS POR SEMANA EN LA OCUPACIÓN PRINCIPAL, SEGÚN SEXO Y SECTOR DEL MERCADO DE TRABAJO, 1999 – 2017",excel,81.00,https://nube.ine.gob.bo/index.php/s/LZAkuUi0NaHrkrk/download
2021-10-22 14:12:21-04:00,"BOLIVIA – ÁREA RURAL: PROMEDIO DE HORAS TRABAJADAS POR SEMANA EN LA OCUPACIÓN PRINCIPAL, SEGÚN SEXO Y SECTOR DEL MERCADO DE TRABAJO, 1999 – 2017",excel,81.00,https://nube.ine.gob.bo/index.php/s/Dz3UXXEbXvGtAXE/download
2021-10-22 14:12:55-04:00,"BOLIVIA – ÁREA URBANA: INGRESO PROMEDIO MENSUAL EN LA OCUPACIÓN PRINCIPAL, SEGÚN SEXO Y GRUPO OCUPACIONAL, 1999 – 2017",excel,72.50,https://nube.ine.gob.bo/index.php/s/rQQAhLFPN9uNKI9/download
2021-10-22 14:13:08-04:00,"BOLIVIA – ÁREA RURAL: INGRESO PROMEDIO MENSUAL EN LA OCUPACIÓN PRINCIPAL, SEGÚN SEXO Y GRUPO OCUPACIONAL, 1999 – 2017",spreadsheet,67.64,https://nube.ine.gob.bo/index.php/s/3Nk6JSiyFldfuOY/download
2021-10-22 14:13:38-04:00,"BOLIVIA – ÁREA URBANA: INGRESO PROMEDIO MENSUAL EN LA OCUPACIÓN PRINCIPAL, SEGÚN SEXO Y CATEGORÍA EN EL EMPLEO, 1999 – 2017",spreadsheet,59.56,https://nube.ine.gob.bo/index.php/s/cI6dfMTGTnfTD83/download
2021-10-22 14:13:51-04:00,"BOLIVIA – ÁREA RURAL: INGRESO PROMEDIO MENSUAL EN LA OCUPACIÓN PRINCIPAL, SEGÚN SEXO Y CATEGORÍA EN EL EMPLEO, 1999 – 2017",excel,77.00,https://nube.ine.gob.bo/index.php/s/iOO2fW0wmmz1e1b/download
2021-10-22 14:17:20-04:00,"BOLIVIA: INGRESO PROMEDIO MENSUAL EN LA OCUPACIÓN PRINCIPAL, SEGÚN SEXO Y SECTORES DEL MERCADO DE TRABAJO, 1999 – 2017",spreadsheet,58.75,https://nube.ine.gob.bo/index.php/s/h6FxtOZxEZFALDT/download
2021-10-22 14:17:42-04:00,"BOLIVIA – ÁREA RURAL: INGRESO PROMEDIO MENSUAL EN LA OCUPACIÓN PRINCIPAL, SEGÚN SEXO Y SECTORES DEL MERCADO DE TRABAJO, 1999 – 2017",spreadsheet,51.26,https://nube.ine.gob.bo/index.php/s/BPF8rlIG8iIpV9Q/download
2021-10-22 14:21:28-04:00,"BOLIVIA: TASA DE ANALFABETISMO EN LA POBLACIÓN DE 15 AÑOS O MÁS EDAD POR SEXO, SEGÚN ÁREA Y DEPARTAMENTO, CENSOS 1992, 2001 Y 2012",spreadsheet,50.24,https://nube.ine.gob.bo/index.php/s/hI0TaKnIXMrsp7f/download
2021-10-22 14:21:49-04:00,"BOLIVIA: TASA DE ASISTENCIA DE LA POBLACIÓN ENTRE 6 Y 19 AÑOS DE EDAD POR SEXO, SEGÚN ÁREA Y DEPARTAMENTO, CENSOS DE 1992, 2001 Y 2012",spreadsheet,56.97,https://nube.ine.gob.bo/index.php/s/TuFb0C3gPqtgxWZ/download
2021-10-22 14:27:17-04:00,"BOLIVIA: ALUMNOS TITULADOS EN LA UNIVERSIDAD PRIVADA, SEGÚN DEPARTAMENTO, 2007 – 2016",spreadsheet,52.62,https://nube.ine.gob.bo/index.php/s/6fsdpjkGttEBwse/download
2021-10-22 14:27:46-04:00,"BOLIVIA: DOCENTES EN UNIVERSIDADES PRIVADAS POR SEXO, SEGÚN DEPARTAMENTO, 2007 – 2016",spreadsheet,54.71,https://nube.ine.gob.bo/index.php/s/jW00JIguBBt5EJG/download
2021-10-22 14:28:18-04:00,"BOLIVIA: DISTRIBUCIÓN PORCENTUAL DE LA POBLACIÓN EN LA OCUPACIÓN PRINCIPAL, SEGÚN SEXO Y GRUPO OCUPACIONAL, 1999 – 2017",excel,92.00,https://nube.ine.gob.bo/index.php/s/fXr7w2w0gMK1bnl/download
2021-10-22 14:28:34-04:00,"BOLIVIA – ÁREA URBANA: DISTRIBUCIÓN PORCENTUAL DE LA POBLACIÓN EN LA OCUPACIÓN PRINCIPAL, SEGÚN SEXO Y GRUPO OCUPACIONAL, 1999 – 2017",excel,95.00,https://nube.ine.gob.bo/index.php/s/DfVp9GjgEKckI0z/download
2021-10-22 14:29:03-04:00,"BOLIVIA – ÁREA RURAL: DISTRIBUCIÓN PORCENTUAL DE LA POBLACIÓN EN LA OCUPACIÓN PRINCIPAL, SEGÚN SEXO Y GRUPO OCUPACIONAL, 1999 – 2017",excel,96.50,https://nube.ine.gob.bo/index.php/s/7v4JSK9AVI23jZA/download
2021-10-22 14:29:36-04:00,"BOLIVIA – ÁREA RURAL: DISTRIBUCIÓN PORCENTUAL DE LA POBLACIÓN EN LA OCUPACIÓN PRINCIPAL, SEGÚN SEXO Y CATEGORÍA EN EL EMPLEO, 1999 – 2017",excel,87.50,https://nube.ine.gob.bo/index.php/s/88yMIKVVC0CzjyT/download
2021-10-22 14:33:28-04:00,"BOLIVIA – ÁREA URBANA: PROMEDIO DE HORAS TRABAJADAS POR SEMANA EN LA OCUPACIÓN PRINCIPAL, SEGÚN SEXO Y CATEGORÍA EN EL EMPLEO, 1999 – 2017",excel,89.50,https://nube.ine.gob.bo/index.php/s/OFWQfJLlfs1zrlE/download
2021-10-22 14:33:43-04:00,"BOLIVIA – ÁREA RURAL: PROMEDIO DE HORAS TRABAJADAS POR SEMANA EN LA OCUPACIÓN PRINCIPAL, SEGÚN SEXO Y CATEGORÍA EN EL EMPLEO, 1999 – 2017",excel,88.50,https://nube.ine.gob.bo/index.php/s/4pcVHd4YYa4txvW/download
2021-10-22 14:44:28-04:00,"BOLIVIA – ÁREA RURAL: PROMEDIO DE HORAS TRABAJADAS POR SEMANA EN LA OCUPACIÓN PRINCIPAL, SEGÚN SEXO Y GRUPO OCUPACIONAL, 1999 – 2017",excel,106.50,https://nube.ine.gob.bo/index.php/s/Je9Ndc6muWFh4P9/download
2021-10-22 15:01:15-04:00,"BOLIVIA: INGRESO PROMEDIO MENSUAL EN LA OCUPACIÓN PRINCIPAL, SEGÚN SEXO Y GRUPO OCUPACIONAL, 1999 – 2017",spreadsheet,46.15,https://nube.ine.gob.bo/index.php/s/r12UbjOsms6zOC9/download
2021-10-22 15:05:20-04:00,"BOLIVIA – ÁREA URBANA: INGRESO PROMEDIO MENSUAL EN LA OCUPACIÓN PRINCIPAL, SEGÚN SEXO Y SECTORES DEL MERCADO DE TRABAJO, 1999 – 2017",spreadsheet,59.07,https://nube.ine.gob.bo/index.php/s/xrQjYWO3e9F3h5o/download
2021-10-22 15:26:03-04:00,"BOLIVIA: CONDICIÓN DE ACTIVIDAD, SEGÚN SEXO, 1999- 2017",excel,67.00,https://nube.ine.gob.bo/index.php/s/9nY0sTnKJK42cDM/download
2021-10-22 16:35:14-04:00,"BOLIVIA: DISTRIBUCIÓN PORCENTUAL DE LA POBLACIÓN EN LA OCUPACIÓN PRINCIPAL, SEGÚN SEXO Y ACTIVIDAD ECONÓMICA, 1999 – 2009",excel,106.50,https://nube.ine.gob.bo/index.php/s/u5vak2QQVepE9iJ/download
2021-10-22 16:35:39-04:00,"BOLIVIA – ÁREA URBANA: DISTRIBUCIÓN PORCENTUAL DE LA POBLACIÓN EN LA OCUPACIÓN PRINCIPAL, SEGÚN SEXO Y ACTIVIDAD ECONÓMICA, 1999 – 2009",excel,107.00,https://nube.ine.gob.bo/index.php/s/WQwpmeO4XpcrF9v/download
2021-10-22 16:36:07-04:00,"BOLIVIA – ÁREA RURAL: DISTRIBUCIÓN PORCENTUAL DE LA POBLACIÓN EN LA OCUPACIÓN PRINCIPAL, SEGÚN SEXO Y ACTIVIDAD ECONÓMICA, 1999 – 2009",excel,104.00,https://nube.ine.gob.bo/index.php/s/gm6r0OBYv0E3E7c/download
2021-10-22 16:36:36-04:00,"BOLIVIA: DISTRIBUCIÓN PORCENTUAL DE LA POBLACIÓN EN LA OCUPACIÓN PRINCIPAL, SEGÚN SEXO Y ACTIVIDAD ECONÓMICA, 2011 – 2017",excel,116.00,https://nube.ine.gob.bo/index.php/s/6zE0mNXU25FFDzN/download
2021-10-22 16:37:00-04:00,"BOLIVIA – URBANA: DISTRIBUCIÓN PORCENTUAL DE LA POBLACIÓN EN LA OCUPACIÓN PRINCIPAL, SEGÚN SEXO Y ACTIVIDAD ECONÓMICA, 2011 – 2017",excel,141.50,https://nube.ine.gob.bo/index.php/s/yuwvq3KPivbdJ8f/download
2021-10-22 16:37:37-04:00,"BOLIVIA – RURAL: DISTRIBUCIÓN PORCENTUAL DE LA POBLACIÓN EN LA OCUPACIÓN PRINCIPAL, SEGÚN SEXO Y ACTIVIDAD ECONÓMICA, 2011 – 2017",excel,103.00,https://nube.ine.gob.bo/index.php/s/4D4uj6jp6GHgBZr/download
2021-10-22 16:41:32-04:00,"BOLIVIA: INGRESO PROMEDIO MENSUAL EN LA OCUPACIÓN PRINCIPAL, SEGÚN SEXO Y ACTIVIDAD ECONÓMICA, 1999 – 2009",excel,105.50,https://nube.ine.gob.bo/index.php/s/x1hfeCWZWJrJDAk/download
2021-10-22 16:42:16-04:00,"BOLIVIA: INGRESO PROMEDIO MENSUAL EN LA OCUPACIÓN PRINCIPAL, SEGÚN SEXO Y ACTIVIDAD ECONÓMICA, 2011 – 2017",excel,70.50,https://nube.ine.gob.bo/index.php/s/yxcZ0zaUrpeNht3/download
2021-10-22 16:42:39-04:00,"BOLIVIA – ÁREA URBANA: INGRESO PROMEDIO MENSUAL EN LA OCUPACIÓN PRINCIPAL, SEGÚN SEXO Y ACTIVIDAD ECONÓMICA, 1999 – 2009",spreadsheet,102.16,https://nube.ine.gob.bo/index.php/s/S23mSbPtlJ0gLD9/download
2021-10-22 16:43:02-04:00,"BOLIVIA – ÁREA URBANA: INGRESO PROMEDIO MENSUAL EN LA OCUPACIÓN PRINCIPAL, SEGÚN SEXO Y ACTIVIDAD ECONÓMICA, 2011 – 2017",spreadsheet,46.47,https://nube.ine.gob.bo/index.php/s/suwcXkaFI8GcFGR/download
2021-10-22 16:43:27-04:00,"BOLIVIA – ÁREA RURAL: INGRESO PROMEDIO MENSUAL EN LA OCUPACIÓN PRINCIPAL, SEGÚN SEXO Y ACTIVIDAD ECONÓMICA, 1999 – 2009",spreadsheet,85.89,https://nube.ine.gob.bo/index.php/s/5IJguDg59SxMQws/download
2021-10-22 16:43:46-04:00,"BOLIVIA – ÁREA RURAL: INGRESO PROMEDIO MENSUAL EN LA OCUPACIÓN PRINCIPAL, SEGÚN SEXO Y ACTIVIDAD ECONÓMICA, 2011 – 2017",spreadsheet,42.01,https://nube.ine.gob.bo/index.php/s/3EU2V4aCV74xhWg/download
2021-10-22 16:44:52-04:00,"BOLIVIA: PROMEDIO DE HORAS TRABAJADAS POR SEMANA EN LA OCUPACIÓN PRINCIPAL, SEGÚN SEXO Y ACTIVIDAD ECONÓMICA, 1999 – 2009",excel,106.50,https://nube.ine.gob.bo/index.php/s/BTgxobGo5GtZqht/download
2021-10-22 16:45:16-04:00,"BOLIVIA: PROMEDIO DE HORAS TRABAJADAS POR SEMANA EN LA OCUPACIÓN PRINCIPAL, SEGÚN SEXO Y ACTIVIDAD ECONÓMICA, 2011 – 2017",excel,78.50,https://nube.ine.gob.bo/index.php/s/Liduir4NuguuuyN/download
2021-10-22 16:45:41-04:00,"BOLIVIA – ÁREA URBANA: PROMEDIO DE HORAS TRABAJADAS POR SEMANA EN LA OCUPACIÓN PRINCIPAL, SEGÚN SEXO Y ACTIVIDAD ECONÓMICA, 1999 – 2009",excel,107.00,https://nube.ine.gob.bo/index.php/s/j9dqT6ly0ijVmJq/download
2021-10-22 16:46:03-04:00,"BOLIVIA – ÁREA URBANA: PROMEDIO DE HORAS TRABAJADAS POR SEMANA EN LA OCUPACIÓN PRINCIPAL, SEGÚN SEXO Y ACTIVIDAD ECONÓMICA, 2011 – 2017",excel,79.00,https://nube.ine.gob.bo/index.php/s/WVsTXqcJc64OmH0/download
2021-10-22 16:46:30-04:00,"BOLIVIA – ÁREA RURAL: PROMEDIO DE HORAS TRABAJADAS POR SEMANA EN LA OCUPACIÓN PRINCIPAL, SEGÚN SEXO Y ACTIVIDAD ECONÓMICA, 1999 – 2009",excel,104.00,https://nube.ine.gob.bo/index.php/s/dt4kwnEl7IgQtCY/download
2021-10-22 16:46:59-04:00,"BOLIVIA – ÁREA RURAL: PROMEDIO DE HORAS TRABAJADAS POR SEMANA EN LA OCUPACIÓN PRINCIPAL, SEGÚN SEXO Y ACTIVIDAD ECONÓMICA, 2011 – 2017",excel,71.50,https://nube.ine.gob.bo/index.php/s/dfJYpqsubtzJvWO/download
2021-10-25 10:22:52-04:00,"BOLIVIA: PROYECCIONES DE POBLACIÓN DE AMBOS SEXOS, POR DEPARTAMENTO SEGÚN EDADES SIMPLES, 2012-2022",excel,181.50,https://nube.ine.gob.bo/index.php/s/psWyvuZKoVecTea/download
2021-10-25 10:23:25-04:00,"BOLIVIA: PROYECCIONES DE POBLACIÓN, SEGÚN DEPARTAMENTO Y MUNICIPIO, 2012-2022",excel,117.50,https://nube.ine.gob.bo/index.php/s/ScBaqvua5kYGLVI/download
2021-10-25 10:23:47-04:00,"BOLIVIA: PROYECCIÓN DE LA POBLACIÓN TOTAL E INDICADORES DEMOGRÁFICOS, 2012-2022",excel,220.50,https://nube.ine.gob.bo/index.php/s/Uo1sdFNHCzmy6hi/download
2021-10-25 10:25:03-04:00,"BOLIVIA: PROYECCIÓN DE LA POBLACIÓN TOTAL E INDICADORES DEMOGRÁFICOS, POR DEPARTAMENTO  2012-2022",excel,337.50,https://nube.ine.gob.bo/index.php/s/u6zGnWJ12QpAKqu/download
2021-10-25 10:25:24-04:00,"BOLIVIA: POBLACIÓN ESTIMADA Y PROYECTADA POR DEPARTAMENTO, SEGÚN AÑOS CALENDARIO, 2012-2025",spreadsheet,50.36,https://nube.ine.gob.bo/index.php/s/9EKiMktBVFck4TJ/download
2021-10-25 10:25:57-04:00,"BOLIVIA: POBLACIÓN ESTIMADA Y PROYECTADA Y TASA DE CRECIMIENTO SEGÚN AÑOS CALENDARIO, 2000 – 2050",excel,111.00,https://nube.ine.gob.bo/index.php/s/fyeHKHO9Zaeep2y/download
2021-10-25 10:26:04-04:00,"BOLIVIA: PROYECCIONES DE POBLACIÓN DE AMBOS SEXOS, SEGÚN EDAD, 2012-2022",spreadsheet,56.68,https://nube.ine.gob.bo/index.php/s/4HGAf9gp5E6k68z/download
2021-10-25 10:26:33-04:00,"BOLIVIA: PROYECCIONES DE POBLACIÓN POR SEXO, SEGÚN EDAD, 2012-2022",spreadsheet,71.22,https://nube.ine.gob.bo/index.php/s/DzUf2p2GnkVFwFQ/download
2021-10-25 10:28:05-04:00,"BOLIVIA: PROYECCIONES DE POBLACIÓN POR SEXO, SEGÚN DEPARTAMENTO Y EDAD, 2012-2022",spreadsheet,281.17,https://nube.ine.gob.bo/index.php/s/vFDAf81LAB0xM4s/download
2021-10-25 10:28:33-04:00,"BOLIVIA: PROYECCIONES DE POBLACIÓN DE AMBOS SEXOS, SEGÚN EDAD, 2012-2020",spreadsheet,55.97,https://nube.ine.gob.bo/index.php/s/AbsE2G0qzuc0Rwv/download
2021-10-25 10:29:54-04:00,"BOLIVIA: PROYECCIONES DE POBLACIÓN DE AMBOS SEXOS, POR DEPARTAMENTO SEGÚN EDADES SIMPLES, 2012-2020",excel,172.50,https://nube.ine.gob.bo/index.php/s/JHnZ7zHhri0bWY1/download
2021-10-25 10:30:13-04:00,"BOLIVIA: PROYECCIONES DE POBLACIÓN, SEGÚN DEPARTAMENTO Y MUNICIPIO, 2012-2020",spreadsheet,77.48,https://nube.ine.gob.bo/index.php/s/nuZZ0mT0tX6alah/download
2021-10-25 10:30:30-04:00,"BOLIVIA: PROYECCIÓN DE LA POBLACIÓN TOTAL E INDICADORES DEMOGRÁFICOS, 2012-2020",excel,216.50,https://nube.ine.gob.bo/index.php/s/9d0SrEUNSnxnHTc/download
2021-10-25 10:31:38-04:00,"BOLIVIA: PROYECCIÓN DE LA POBLACIÓN TOTAL E INDICADORES DEMOGRÁFICOS, POR DEPARTAMENTO  2012-2020",excel,336.00,https://nube.ine.gob.bo/index.php/s/L2SPHTzNcR5flCV/download
2021-10-25 10:32:02-04:00,"BOLIVIA: POBLACIÓN ESTIMADA Y PROYECTADA POR DEPARTAMENTO, SEGÚN AÑOS CALENDARIO, 2000-2025",spreadsheet,51.30,https://nube.ine.gob.bo/index.php/s/JPqPbknARAJX8Rt/download
2021-10-25 10:32:24-04:00,"BOLIVIA: POBLACIÓN ESTIMADA Y PROYECTADA Y TASA DE CRECIMIENTO SEGÚN AÑOS CALENDARIO, 2000 – 2050",excel,109.00,https://nube.ine.gob.bo/index.php/s/HDsbRZQ9Zctk0Wa/download
2021-11-23 07:15:28-04:00,ECE_2T_2021,rar,9882.92,https://nube.ine.gob.bo/index.php/s/IGu8wGgQYwuUGaH/download
2021-11-23 07:23:10-04:00,ECE_2T_2021 URB,rar,8591.80,https://nube.ine.gob.bo/index.php/s/pPXeCdxTqe2lIJm/download
2021-11-23 07:23:28-04:00,ECE_2T_2021 RUR,rar,1303.41,https://nube.ine.gob.bo/index.php/s/ITd14FueZSBJXxE/download
2022-01-26 08:20:22-04:00,BOLETÍN ESTADÍSTICO COMEX NOVIEMBRE 2021,pdf,5986.15,https://nube.ine.gob.bo/index.php/s/w4ubdSFjtGSprVP/download
2022-01-28 09:05:42-04:00,BOLETÍN ESTADÍSTICO COMEX DICIEMBRE 2021,pdf,6439.06,https://nube.ine.gob.bo/index.php/s/aPQOVWVBH1ZoScu/download
2022-02-10 12:09:08-04:00,IMPORTACIONES 2018,spreadsheet,64284.50,https://nube.ine.gob.bo/index.php/s/fWKOvP08Jz6XIe5/download
2022-02-10 12:10:57-04:00,IMPORTACIONES 2017,spreadsheet,73268.10,https://nube.ine.gob.bo/index.php/s/tl8o6SNnZh7SH0C/download
2022-02-10 12:11:24-04:00,IMPORTACIONES 2016,spreadsheet,74832.98,https://nube.ine.gob.bo/index.php/s/9s3R8tOtKMVtTvA/download
2022-02-10 12:11:55-04:00,IMPORTACIONES 2015,spreadsheet,79765.28,https://nube.ine.gob.bo/index.php/s/gesRgKMaQuYd4qR/download
2022-02-10 12:12:22-04:00,IMPORTACIONES 2014,spreadsheet,72789.31,https://nube.ine.gob.bo/index.php/s/iyIjMAndeJgwaa5/download
2022-02-10 12:12:22-04:00,IMPORTACIONES 2010,spreadsheet,54825.87,https://nube.ine.gob.bo/index.php/s/om7HD1Bjt5qY3CU/download
2022-02-10 12:12:24-04:00,IMPORTACIONES 2009,spreadsheet,49394.13,https://nube.ine.gob.bo/index.php/s/TaiHFzr8o0OvB8D/download
2022-02-10 12:12:24-04:00,IMPORTACIONES 2011,spreadsheet,61601.65,https://nube.ine.gob.bo/index.php/s/gEDLwi6NYTS0U86/download
2022-02-10 12:12:25-04:00,IMPORTACIONES 2012,spreadsheet,66660.08,https://nube.ine.gob.bo/index.php/s/7UB9aHeVjFIEPGl/download
2022-02-10 12:12:25-04:00,IMPORTACIONES 2013,spreadsheet,69973.03,https://nube.ine.gob.bo/index.php/s/jXuPe5Ul5hnETkG/download
2022-02-10 12:16:43-04:00,IMPORTACIONES 2008,spreadsheet,48323.89,https://nube.ine.gob.bo/index.php/s/pHTSrpdolOIblJH/download
2022-02-10 12:16:51-04:00,IMPORTACIONES 2007,spreadsheet,43844.64,https://nube.ine.gob.bo/index.php/s/TYOwM9DTNJZhowN/download
2022-02-10 12:17:00-04:00,IMPORTACIONES 2006,spreadsheet,38726.29,https://nube.ine.gob.bo/index.php/s/H27UGlH6caIEncI/download
2022-02-10 12:17:03-04:00,IMPORTACIONES 2004,spreadsheet,33549.84,https://nube.ine.gob.bo/index.php/s/BlVBu4NKw0TWK0C/download
2022-02-10 12:17:04-04:00,IMPORTACIONES 2005,spreadsheet,37138.18,https://nube.ine.gob.bo/index.php/s/k7YOorQQSF1rUlx/download
2022-02-10 12:17:06-04:00,IMPORTACIONES 2003,spreadsheet,29866.02,https://nube.ine.gob.bo/index.php/s/rZnQDeeCSZ2QyXd/download
2022-02-10 12:17:08-04:00,IMPORTACIONES 2001,spreadsheet,26648.74,https://nube.ine.gob.bo/index.php/s/BfI2mmZ9ial2IZU/download
2022-02-10 12:17:09-04:00,IMPORTACIONES 2002,spreadsheet,28243.57,https://nube.ine.gob.bo/index.php/s/9TT3R2uYFdjV7bA/download
2022-02-10 12:17:09-04:00,IMPORTACIONES 2000,spreadsheet,27549.30,https://nube.ine.gob.bo/index.php/s/SuY2qv2NdC6KNB7/download
2022-02-10 12:19:04-04:00,IMPORTACIONES 1999,spreadsheet,16021.25,https://nube.ine.gob.bo/index.php/s/WBVTCmtLRAHGJqw/download
2022-02-10 12:19:07-04:00,IMPORTACIONES 1998,spreadsheet,15118.21,https://nube.ine.gob.bo/index.php/s/ycRtFAfpLlOuTyx/download
2022-02-10 12:19:09-04:00,IMPORTACIONES 1996,spreadsheet,12423.70,https://nube.ine.gob.bo/index.php/s/UUJvjhrDWXK3Sxr/download
2022-02-10 12:19:09-04:00,IMPORTACIONES 1997,spreadsheet,13425.62,https://nube.ine.gob.bo/index.php/s/i6Q3u7PLjelScDs/download
2022-02-10 12:19:09-04:00,IMPORTACIONES 1992,spreadsheet,11707.47,https://nube.ine.gob.bo/index.php/s/iQ6fw5LktsPFNwd/download
2022-02-10 12:19:11-04:00,IMPORTACIONES 1995,spreadsheet,13655.50,https://nube.ine.gob.bo/index.php/s/F1bmhxkid2QxL6s/download
2022-02-10 12:19:11-04:00,IMPORTACIONES 1993,spreadsheet,12446.37,https://nube.ine.gob.bo/index.php/s/oUvq81WCWkbcxzB/download
2022-02-10 12:19:11-04:00,IMPORTACIONES 1994,spreadsheet,14448.32,https://nube.ine.gob.bo/index.php/s/uGTgqIqEb7vcqts/download
2022-02-21 09:31:31-04:00,BASE – 2016 Metodología del Índice de Precios al Consumidor,pdf,9860.73,https://nube.ine.gob.bo/index.php/s/SmL3Be1jdVedU3P/download
2022-02-21 09:32:37-04:00,Clasificación del Consumo Individual por Finalidades CCIF,pdf,690.71,https://nube.ine.gob.bo/index.php/s/QUFmsUbZz8VH7Ii/download
2022-02-21 09:33:12-04:00,Presentación IPC Cambio de Año Base,pdf,1015.38,https://nube.ine.gob.bo/index.php/s/29WySuhaD2EQgQW/download
2022-02-21 09:33:54-04:00,Productos que salen e ingresan al nuevo IPC,pdf,1698.82,https://nube.ine.gob.bo/index.php/s/jnUGu5jF9o3gHv9/download
2022-02-21 09:34:20-04:00,Infografías,pdf,5692.76,https://nube.ine.gob.bo/index.php/s/RdtN2E2lEbavYQz/download
2022-02-21 09:34:44-04:00,Nota Metodológica Consideraciones en la compilación del IPC del mes de marzo de 2020,pdf,42.12,https://nube.ine.gob.bo/index.php/s/AB47mavSSENzjvV/download
2022-02-21 09:35:14-04:00,Nota Metodológica Consideraciones en la compilación del IPC del mes de abril de 2020,pdf,161.52,https://nube.ine.gob.bo/index.php/s/t1RaqxEC1HtZHoR/download
2022-02-21 09:36:34-04:00,BASE – 2007 Metodología del Índice de Precios al Consumidor,pdf,794.42,https://nube.ine.gob.bo/index.php/s/vXZZorVVkrmkbB6/download
2022-02-21 09:37:57-04:00,Productos que salen e ingresan al IPC,pdf,1546.14,https://nube.ine.gob.bo/index.php/s/5gRz3mcZyNnHAoM/download
2022-02-21 09:39:53-04:00,BASE – 1991 Metodología del Índice de Precios al Consumidor,pdf,18146.87,https://nube.ine.gob.bo/index.php/s/ssl3bewkmqWDmjw/download
2022-02-26 16:48:28-04:00,BOLETÍN ESTADÍSTICO COMEX ENERO 2022,pdf,7085.84,https://nube.ine.gob.bo/index.php/s/mjfan2ZsjKM3gS9/download
2022-03-11 19:07:22-04:00,ECE_3T_2021 RUR,rar,1118.62,https://nube.ine.gob.bo/index.php/s/d4w6dHpCSNzqjpO/download
2022-03-11 19:07:24-04:00,ECE_3T_2021 URB,rar,7801.23,https://nube.ine.gob.bo/index.php/s/Q9oxIIIxPP9HQ0H/download
2022-03-17 14:39:12-04:00,ECE_3T_2021,rar,8823.72,https://nube.ine.gob.bo/index.php/s/11e6hX2M43WLHxv/download
2022-03-30 18:32:12-04:00,BOLETÍN ESTADÍSTICO COMEX FEBRERO 2022,pdf,6370.50,https://nube.ine.gob.bo/index.php/s/g0ayO4ZCFDNtIcd/download
2022-04-12 09:13:58-04:00,Nota Metodológica,pdf,1062.35,https://nube.ine.gob.bo/index.php/s/2oi3vOFBP5uIoGH/download
2022-04-12 09:48:28-04:00,Ficha Técnica,pdf,460.38,https://nube.ine.gob.bo/index.php/s/XcfoNt1ENiLIysB/download
2022-04-26 11:33:09-04:00,IPP Nota Metodológica,pdf,1485.06,https://nube.ine.gob.bo/index.php/s/vv0cXrnENMUpZys/download
2022-04-26 11:34:28-04:00,IPP Ficha Técnica,pdf,454.92,https://nube.ine.gob.bo/index.php/s/qcuWPUcJiaLRxEe/download
2022-04-29 21:21:27-04:00,BOLETÍN ESTADÍSTICO COMEX MARZO 2022,pdf,6076.52,https://nube.ine.gob.bo/index.php/s/To0kIjRbkpCIFTO/download
2022-05-30 10:55:58-04:00,Cuestionario v1,pdf,1094.81,https://nube.ine.gob.bo/index.php/s/pR1Negja4OYwDs3/download
2022-05-30 10:56:03-04:00,Cuestionario v2,pdf,1123.94,https://nube.ine.gob.bo/index.php/s/EOPNOCFpA0pMHXA/download
2022-05-30 10:56:05-04:00,Cuestionario v3,pdf,910.62,https://nube.ine.gob.bo/index.php/s/9Kih4UJn3uliWWc/download
2022-05-30 10:56:06-04:00,Cuestionario v4,pdf,1459.56,https://nube.ine.gob.bo/index.php/s/c4uiUbYkxEKTIpy/download
2022-05-30 10:56:08-04:00,Cuestionario v5,pdf,1185.58,https://nube.ine.gob.bo/index.php/s/uNC5ZvfZNQm9561/download
2022-05-30 10:56:09-04:00,Cuestionario v6,pdf,734.66,https://nube.ine.gob.bo/index.php/s/StcxpgOzbYleZtr/download
2022-05-30 10:56:11-04:00,Cuestionario v7,pdf,579.09,https://nube.ine.gob.bo/index.php/s/BXu6mFUkeTya9i9/download
2022-05-30 10:59:36-04:00,Fichas técnicas de indicadores,pdf,259.45,https://nube.ine.gob.bo/index.php/s/GDL2bw5gVUYqukL/download
2022-05-30 11:00:23-04:00,Nota técnica 01/2020,pdf,249.42,https://nube.ine.gob.bo/index.php/s/dTnMs28kzDR5j71/download
2022-05-30 11:00:24-04:00,Nota técnica 02/2020,pdf,351.54,https://nube.ine.gob.bo/index.php/s/GUemJuG9t2UVHvu/download
2022-05-30 11:00:25-04:00,Nota técnica 03/2020,pdf,211.06,https://nube.ine.gob.bo/index.php/s/hhlXc0qrp9OpZoN/download
2022-05-30 17:18:59-04:00,BOLETÍN ESTADÍSTICO COMEX ABRIL 2022,pdf,6074.43,https://nube.ine.gob.bo/index.php/s/oCsLvRepyB7EyRj/download
2022-06-30 09:34:56-04:00,ECE_4T_2021 RUR,rar,1106.31,https://nube.ine.gob.bo/index.php/s/h5YzMjBewRHNDP3/download
2022-06-30 09:35:00-04:00,ECE_4T_2021 URB,rar,7854.91,https://nube.ine.gob.bo/index.php/s/COse1w6od2exq4B/download
2022-06-30 09:45:07-04:00,Diseño muestral v3,pdf,1764.14,https://nube.ine.gob.bo/index.php/s/u4InIqsjPVsahrQ/download
2022-06-30 13:18:56-04:00,ECE_4T_2021,rar,8953.75,https://nube.ine.gob.bo/index.php/s/TUXAf4thmB3a2tl/download
2022-07-02 15:36:56-04:00,BOLETÍN ESTADÍSTICO COMEX MAYO 2022,pdf,6204.80,https://nube.ine.gob.bo/index.php/s/SLfM8OEfs7pQHnT/download
2022-07-29 10:21:12-04:00,BOLETÍN ESTADÍSTICO COMEX JUNIO 2022,pdf,5977.36,https://nube.ine.gob.bo/index.php/s/532NkdUxRrIZYbZ/download
2022-08-29 20:53:48-04:00,BOLETÍN ESTADÍSTICO COMEX JULIO 2022,pdf,6551.20,https://nube.ine.gob.bo/index.php/s/gs7pgDEANXyCKC3/download
2022-09-30 21:14:46-04:00,BOLETÍN ESTADÍSTICO COMEX AGOSTO 2022,pdf,6289.89,https://nube.ine.gob.bo/index.php/s/CsV3zxp8fXR2b17/download
2022-10-18 18:56:30-04:00,ECE_1T_2022,rar,8683.90,https://nube.ine.gob.bo/index.php/s/M8qOYiapQJuOEUu/download
2022-10-18 18:56:30-04:00,ECE_1T_2022 RUR,rar,1097.72,https://nube.ine.gob.bo/index.php/s/eykEAs0OG6xiIMl/download
2022-10-18 18:56:32-04:00,ECE_1T_2022 URB,rar,7612.05,https://nube.ine.gob.bo/index.php/s/IJ9VJp8AaM8OCtg/download
2022-11-08 16:25:34-04:00,BOLETÍN ESTADÍSTICO COMEX SEPTIEMBRE 2022,pdf,6591.98,https://nube.ine.gob.bo/index.php/s/5SHHxbcb9NWVnyi/download
2022-11-08 20:01:56-04:00,EXPORTACIONES 2020,spreadsheet,4156.27,https://nube.ine.gob.bo/index.php/s/LkvusI5cnCIsBtE/download
2022-11-08 20:01:56-04:00,EXPORTACIONES RITEX 2020,spreadsheet,35.82,https://nube.ine.gob.bo/index.php/s/vXSvsGIIMqoA1FY/download
2022-11-08 20:02:02-04:00,IMPORTACIONES 2020,spreadsheet,54762.35,https://nube.ine.gob.bo/index.php/s/JuvhMH4gAswGivq/download
2022-11-30 20:43:44-04:00,IMPORTACIONES RITEX 2018,spreadsheet,66.88,https://nube.ine.gob.bo/index.php/s/ayqstdwpc83uEXp/download
2022-11-30 20:43:44-04:00,IMPORTACIONES RITEX 2017,spreadsheet,90.94,https://nube.ine.gob.bo/index.php/s/okLqyzFXFmLk1a6/download
2022-11-30 20:43:44-04:00,IMPORTACIONES RITEX 2020,spreadsheet,56.93,https://nube.ine.gob.bo/index.php/s/rzKXtsYeV2ZBXfH/download
2022-11-30 20:43:44-04:00,IMPORTACIONES RITEX 2019,spreadsheet,65.64,https://nube.ine.gob.bo/index.php/s/x60Z6gWzbn5A7SO/download
2022-12-02 12:10:53-04:00,BOLETÍN ESTADÍSTICO COMEX OCTUBRE 2022,pdf,6636.86,https://nube.ine.gob.bo/index.php/s/mY8jt0lEzzhhafy/download
2022-12-12 14:59:31-04:00,ECE_2T_2022 URB,rar,8018.96,https://nube.ine.gob.bo/index.php/s/JuLkayJlZOdMTYT/download
2022-12-12 14:59:47-04:00,ECE_2T_2022 RUR,rar,1165.35,https://nube.ine.gob.bo/index.php/s/1yHBCJ2uxGc4Ctq/download
2022-12-12 15:50:15-04:00,ECE_2T_2022,rar,9170.08,https://nube.ine.gob.bo/index.php/s/3kjd5Qnne6iPBbU/download
2023-01-03 17:15:47-04:00,BOLETÍN ESTADÍSTICO COMEX NOVIEMBRE 2022,pdf,6492.45,https://nube.ine.gob.bo/index.php/s/tdpVbxAo7V0QwaF/download
2023-02-07 11:14:55-04:00,BOLETÍN ESTADÍSTICO COMEX DICIEMBRE 2022,pdf,6468.35,https://nube.ine.gob.bo/index.php/s/OIy6QN5VwW8sL7n/download
2023-03-15 09:14:10-04:00,ECE_3T_2022,rar,9139.78,https://nube.ine.gob.bo/index.php/s/f9rwac7Ij2iuWMh/download
2023-03-15 09:14:37-04:00,ECE_3T_2022 RUR,rar,1198.34,https://nube.ine.gob.bo/index.php/s/VlgyfGWZC2EGqH2/download
2023-03-15 09:14:54-04:00,ECE_3T_2022 URB,rar,7947.34,https://nube.ine.gob.bo/index.php/s/usQpfa4SeFNVPKd/download
2023-03-18 00:54:52-04:00,EXPORTACIONES RITEX 2022p,spreadsheet,36.91,https://nube.ine.gob.bo/index.php/s/Q1wiQlPp7USjf6e/download
2023-03-22 19:48:35-04:00,BOLETÍN ESTADÍSTICO COMEX ENERO 2023,pdf,6654.46,https://nube.ine.gob.bo/index.php/s/fJNB8ScbUPGTZyX/download
2023-04-14 15:28:49-04:00,EXPORTACIONES 2022p,spreadsheet,2902.18,https://nube.ine.gob.bo/index.php/s/95MY96hpRVESrUf/download
2023-05-11 19:18:19-04:00,BOLETÍN ESTADÍSTICO COMEX MARZO 2023,pdf,5525.18,https://nube.ine.gob.bo/index.php/s/qJ7zsGyyTiR2Zps/download
2023-05-24 16:43:41-04:00,"Documento metodológico, Revisión 2014",pdf,3567.17,https://nube.ine.gob.bo/index.php/s/B9nJ1YYAxMYim1J/download
2023-06-02 15:13:00-04:00,ECE_4T_2022,rar,8954.40,https://nube.ine.gob.bo/index.php/s/cE3jMOi2SmkZg5e/download
2023-06-02 15:13:13-04:00,ECE_4T_2022 RUR,rar,1152.50,https://nube.ine.gob.bo/index.php/s/T59IoKwaaePrzK4/download
2023-06-02 15:13:31-04:00,ECE_4T_2022 URB,rar,7816.13,https://nube.ine.gob.bo/index.php/s/dewANnr6S1oBhEl/download
2023-06-05 19:32:44-04:00,BOLETÍN ESTADÍSTICO COMEX ABRIL 2023,pdf,5125.99,https://nube.ine.gob.bo/index.php/s/FStpBKkl54TNYap/download
2023-07-17 05:29:55-04:00,BOLETÍN ESTADÍSTICO COMEX MAYO 2023,pdf,13646.12,https://nube.ine.gob.bo/index.php/s/J7cpKRU61wmdbiP/download
2023-07-24 15:25:54-04:00,"LA PAZ: INGRESO PROMEDIO MENSUAL EN LA OCUPACIÓN PRINCIPAL, SEGÚN CARACTERÍSTICAS OCUPACIONALES, 2011 – 2022",spreadsheet,108.20,https://nube.ine.gob.bo/index.php/s/c3705YtuwpfUjH4/download
2023-07-24 15:26:15-04:00,"COCHABAMBA: INGRESO PROMEDIO MENSUAL EN LA OCUPACIÓN PRINCIPAL, SEGÚN CARACTERÍSTICAS OCUPACIONALES, 2011 – 2022",spreadsheet,94.18,https://nube.ine.gob.bo/index.php/s/Pysg574JzV1sFcw/download
2023-07-24 15:26:43-04:00,"ORURO: INGRESO PROMEDIO MENSUAL EN LA OCUPACIÓN PRINCIPAL, SEGÚN CARACTERÍSTICAS OCUPACIONALES, 2011 – 2022",spreadsheet,92.94,https://nube.ine.gob.bo/index.php/s/8FKHg3Cn8vPIkqR/download
2023-07-24 15:27:01-04:00,"POTOSÍ: INGRESO PROMEDIO MENSUAL EN LA OCUPACIÓN PRINCIPAL, SEGÚN CARACTERÍSTICAS OCUPACIONALES, 2011 – 2022",spreadsheet,95.25,https://nube.ine.gob.bo/index.php/s/FcV8oBoDoCMH6rM/download
2023-07-24 15:27:22-04:00,"TARIJA: INGRESO PROMEDIO MENSUAL EN LA OCUPACIÓN PRINCIPAL, SEGÚN CARACTERÍSTICAS OCUPACIONALES, 2011 – 2022",spreadsheet,96.24,https://nube.ine.gob.bo/index.php/s/AGOaXWxP3tBn7uu/download
2023-07-24 15:28:05-04:00,"SANTA CRUZ: INGRESO PROMEDIO MENSUAL EN LA OCUPACIÓN PRINCIPAL, SEGÚN CARACTERÍSTICAS OCUPACIONALES, 2011 – 2022",spreadsheet,93.29,https://nube.ine.gob.bo/index.php/s/9p2iKeXwgGAmmTb/download
2023-07-25 09:31:01-04:00,"CHUQUISACA: INGRESO PROMEDIO MENSUAL EN LA OCUPACIÓN PRINCIPAL, SEGÚN CARACTERÍSTICAS OCUPACIONALES, 2011 – 2022",spreadsheet,95.42,https://nube.ine.gob.bo/index.php/s/tO2ccrGRa03r0EY/download
2023-07-25 09:49:33-04:00,"BOLIVIA-ÁREA URBANA: INGRESO PROMEDIO MENSUAL EN LA OCUPACIÓN PRINCIPAL POR SEXO, SEGÚN CARACTERÍSTICAS OCUPACIONALES, 2011 – 2022",spreadsheet,99.72,https://nube.ine.gob.bo/index.php/s/MtpzbXCBixsOPhW/download
2023-07-25 09:52:40-04:00,"BOLIVIA-ÁREA RURAL: INGRESO PROMEDIO MENSUAL EN LA OCUPACIÓN PRINCIPAL POR SEXO, SEGÚN CARACTERÍSTICAS OCUPACIONALES, 2011 – 2022",spreadsheet,112.71,https://nube.ine.gob.bo/index.php/s/idtvxpSb2V9uPZU/download
2023-07-31 09:15:09-04:00,"BOLIVIA: INGRESO PROMEDIO MENSUAL EN LA OCUPACIÓN PRINCIPAL POR SEXO, SEGÚN CARACTERÍSTICAS OCUPACIONALES, 2011 – 2022",spreadsheet,97.45,https://nube.ine.gob.bo/index.php/s/Co57bBsoIrHAs9T/download
2023-08-28 09:23:03-04:00,BOLETÍN ESTADÍSTICO COMEX JUNIO 2023,pdf,5261.25,https://nube.ine.gob.bo/index.php/s/ugrmB4pHKxVPG84/download
2023-09-15 21:00:45-04:00,BOLETÍN ESTADÍSTICO COMEX JULIO 2023,pdf,6413.63,https://nube.ine.gob.bo/index.php/s/TUCcwGjtovesZxt/download
2023-10-02 19:10:36-04:00,EXPORTACIONES 2021,spreadsheet,3109.27,https://nube.ine.gob.bo/index.php/s/82Noqtb9OyGFuqg/download
2023-10-02 19:10:36-04:00,EXPORTACIONES RITEX 2021,spreadsheet,39.14,https://nube.ine.gob.bo/index.php/s/PUXRQ18rUAs1TG8/download
2023-10-02 19:10:38-04:00,IMPORTACIONES RITEX 2022p,spreadsheet,66.65,https://nube.ine.gob.bo/index.php/s/IaXq9QgjJIOgioV/download
2023-10-02 19:10:38-04:00,IMPORTACIONES RITEX 2021,spreadsheet,59.31,https://nube.ine.gob.bo/index.php/s/wQtYTKJ6bMjMhFw/download
2023-10-02 19:10:44-04:00,IMPORTACIONES_2021,spreadsheet,59500.57,https://nube.ine.gob.bo/index.php/s/RVX5d4lxxSIBjnL/download
2023-10-02 19:10:50-04:00,IMPORTACIONES 2022p,spreadsheet,61254.63,https://nube.ine.gob.bo/index.php/s/bKcZ9KDiPxlgD1U/download
2023-10-09 13:59:04-04:00,ECE_1T_2023,rar,8827.70,https://nube.ine.gob.bo/index.php/s/zxgkAOzAKHmnpFM/download
2023-10-09 13:59:41-04:00,ECE_1T_2023RUR,rar,1155.95,https://nube.ine.gob.bo/index.php/s/TYYEYDt06Qibvbt/download
2023-10-09 14:00:00-04:00,ECE_1T_2023 URB,rar,7689.24,https://nube.ine.gob.bo/index.php/s/qMWIrYHfWPzpZ0H/download
2023-10-27 10:46:04-04:00,BOLETÍN ESTADÍSTICO COMEX AGOSTO 2023,pdf,7002.26,https://nube.ine.gob.bo/index.php/s/YRHffyAzUx7oviX/download
2023-11-24 19:01:56-04:00,BOLETÍN ESTADÍSTICO COMEX SEPTIEMBRE 2023,pdf,6853.63,https://nube.ine.gob.bo/index.php/s/MS26mBdxmovZgao/download
2023-11-28 08:23:42-04:00,EXPORTACIONES 2018,spreadsheet,3477.09,https://nube.ine.gob.bo/index.php/s/abQYzKxOFKXkr4X/download
2023-12-15 20:58:29-04:00,BOLETÍN ESTADÍSTICO COMEX OCTUBRE 2023,pdf,7043.55,https://nube.ine.gob.bo/index.php/s/DZumANbrw3Zg76O/download
2024-01-10 21:01:04-04:00,ECE_2T_2023,rar,8832.89,https://nube.ine.gob.bo/index.php/s/5vUqQqyTTJJ00dE/download
2024-01-10 21:01:04-04:00,ECE_2T_2023RUR,rar,1152.02,https://nube.ine.gob.bo/index.php/s/r4PvvU7MwlIR6Vf/download
2024-01-10 21:01:06-04:00,ECE_2T_2023 URB,rar,7685.51,https://nube.ine.gob.bo/index.php/s/KxsTVP35BrOtQK0/download
2024-01-27 14:39:56-04:00,BOLETÍN ESTADÍSTICO COMEX NOVIEMBRE 2023,pdf,7265.64,https://nube.ine.gob.bo/index.php/s/fiGbt4veCVJHxZc/download
2024-01-30 10:00:51-04:00,"Bolivia – Producción de Leche Bovina por Departamento según Año, 1990 – 2023",spreadsheet,116.14,https://nube.ine.gob.bo/index.php/s/oHHmF1Q7aoAtcF7/download
2024-01-30 10:05:11-04:00,"Bolivia – Producción de Carne Porcina por Departamento según Año, 1970 – 2023",spreadsheet,114.72,https://nube.ine.gob.bo/index.php/s/MLWjeZRyZRvVqcF/download
2024-01-30 10:59:52-04:00,"Bolivia – Hato Ganado Porcino por Departamento Edad y Sexo, 1984 – 2023",excel,232.00,https://nube.ine.gob.bo/index.php/s/lx78OnMtQW4hQYp/download
2024-01-30 12:23:44-04:00,"Bolivia – Cabezas de Bovino Faenadas por Departamento según Año, 1990 – 2023",spreadsheet,104.82,https://nube.ine.gob.bo/index.php/s/HbhXooZls3YBPZ2/download
2024-01-30 15:14:24-04:00,"Bolivia – Poblacion de Alpacas por Departamento Edad y Sexo, 1984 – 2023",excel,180.00,https://nube.ine.gob.bo/index.php/s/KwpEsMwkutu3syn/download
2024-01-30 15:19:48-04:00,"Bolivia – Producción de Carne de Alpaca por Departamento según Año, 1990 – 2023",spreadsheet,121.24,https://nube.ine.gob.bo/index.php/s/8a58VfnaGLnGnhG/download
2024-01-30 15:26:38-04:00,"Bolivia – Producción de Fibra de Alpaca por Departamento según Año, 1990 – 2023",spreadsheet,102.05,https://nube.ine.gob.bo/index.php/s/8BP8TOTQzUxkXm2/download
2024-01-30 16:08:57-04:00,"Bolivia – Poblacion de Llamas por Departamento Edad y Sexo, 1984 – 2023",excel,195.50,https://nube.ine.gob.bo/index.php/s/CjKEahyPKlsw4hV/download
2024-01-30 16:12:37-04:00,"Bolivia – Producción de Carne de Llama por Departamento según Año, 1970 – 2023",spreadsheet,112.01,https://nube.ine.gob.bo/index.php/s/MN09jxzar965luG/download
2024-01-30 16:21:24-04:00,"Bolivia – Producción de Fibra de Llama por Departamento según Año, 1990 – 2023",spreadsheet,113.73,https://nube.ine.gob.bo/index.php/s/3u9cgiqiMaT7jof/download
2024-01-31 10:35:51-04:00,"Bolivia – Hato Ganado Caprino por Depatamento Edad y Sexo, 1984 – 2023",excel,216.50,https://nube.ine.gob.bo/index.php/s/ZAeFP5DBak41gAO/download
2024-01-31 10:39:10-04:00,"Bolivia – Producción de Carne Caprina por Departamento según Año, 1970 – 2023",spreadsheet,125.15,https://nube.ine.gob.bo/index.php/s/3xtPIsyZ2762wJh/download
2024-01-31 10:46:32-04:00,"Bolivia – Producción de Leche Caprina por Departamento según Año, 1990 – 2023",spreadsheet,108.71,https://nube.ine.gob.bo/index.php/s/P5mFUdqFibAvtlt/download
2024-01-31 11:25:11-04:00,"Bolivia – Producción de Carne Ovina por Departamento según Año, 1970 – 2023",spreadsheet,112.27,https://nube.ine.gob.bo/index.php/s/XuecNj1SgfIrawm/download
2024-01-31 11:30:07-04:00,"Bolivia – Producción de Lana Ovina por Departamento según Año, 1990 – 2023",spreadsheet,112.28,https://nube.ine.gob.bo/index.php/s/Kg4iHAwkipJTbe1/download
2024-01-31 11:44:51-04:00,"Bolivia – Producción de Cuero Bovina por Departamento según Año, 1990 – 2023",spreadsheet,98.98,https://nube.ine.gob.bo/index.php/s/nDBrEdWG0Rgb8Yw/download
2024-02-01 12:05:15-04:00,"Bolivia – Hato Ganado Ovino por Departamento Edad y Sexo, 1984 – 2023",excel,215.00,https://nube.ine.gob.bo/index.php/s/K6COhTT9LXm2ghX/download
2024-02-05 10:11:46-04:00,"Bolivia – Producción de Carne Bovina por Departamento según Año, 1990 – 2023",spreadsheet,116.30,https://nube.ine.gob.bo/index.php/s/lY6AZ6IW5ZYz3TP/download
2024-02-09 17:45:47-04:00,BOLETÍN ESTADÍSTICO COMEX DICIEMBRE 2023,pdf,6839.93,https://nube.ine.gob.bo/index.php/s/CHpwCVCLqqpbo54/download
2024-03-15 19:14:06-04:00,BOLETÍN ESTADÍSTICO COMEX ENERO 2024,pdf,6346.70,https://nube.ine.gob.bo/index.php/s/DEFJN5GYGSmQu0l/download
2024-03-30 20:48:37-04:00,EXPORTACIONES RITEX 2023p,spreadsheet,43.53,https://nube.ine.gob.bo/index.php/s/CMuozYP0oLnHlzl/download
2024-03-30 20:48:37-04:00,IMPORTACIONES RITEX 2023p,spreadsheet,70.49,https://nube.ine.gob.bo/index.php/s/FriuFQee5wQKAY4/download
2024-03-30 20:48:37-04:00,EXPORTACIONES 2023p,spreadsheet,2664.09,https://nube.ine.gob.bo/index.php/s/rUHVXwADuuNDXTz/download
2024-03-30 20:48:38-04:00,IMPORTACIONES 2023p,spreadsheet,59359.89,https://nube.ine.gob.bo/index.php/s/qPDlbEBgzWWXTHE/download
2024-04-03 15:02:24-04:00,ECE_3T_2023,rar,8788.71,https://nube.ine.gob.bo/index.php/s/CuvVTEnFSexJ8nb/download
2024-04-03 15:02:24-04:00,ECE_3T_2023RUR,rar,1151.67,https://nube.ine.gob.bo/index.php/s/GeYjdBIhxMM0Asp/download
2024-04-03 15:02:24-04:00,Cuestionario v8,pdf,886.49,https://nube.ine.gob.bo/index.php/s/ZabBM2d6HmbMaCL/download
2024-04-03 15:02:24-04:00,ECE_3T_2023 URB,rar,7654.32,https://nube.ine.gob.bo/index.php/s/lvyKxVoUJGnUBTv/download
2024-04-11 13:56:56-04:00,"BENI: INGRESO PROMEDIO MENSUAL EN LA OCUPACIÓN PRINCIPAL, SEGÚN CARACTERÍSTICAS OCUPACIONALES, 2011 – 2022",spreadsheet,93.44,https://nube.ine.gob.bo/index.php/s/fCJgof0XM2BMbEn/download
2024-04-11 13:57:15-04:00,"PANDO: INGRESO PROMEDIO MENSUAL EN LA OCUPACIÓN PRINCIPAL, SEGÚN CARACTERÍSTICAS OCUPACIONALES, 2011 – 2022",spreadsheet,97.42,https://nube.ine.gob.bo/index.php/s/wEY6RVOxWjmCijW/download
2024-04-19 19:03:44-04:00,BOLETÍN ESTADÍSTICO COMEX FEBRERO 2024,pdf,7151.46,https://nube.ine.gob.bo/index.php/s/b0As6oGtQHymOwt/download
2024-05-17 22:05:34-04:00,"Bolivia – Índice De Valor Unitario De Exportaciones, Según Productos Tradicionales y No Tradicionales 2016 – 2024",spreadsheet,585.91,https://nube.ine.gob.bo/index.php/s/XZt7VKJeYpleN8d/download
2024-05-17 22:06:31-04:00,"Bolivia – Índice De Valor Unitario De Exportaciones, por año y mes, Según Grandes Categorías Económicas 2016 – 2024",spreadsheet,134.54,https://nube.ine.gob.bo/index.php/s/SUHScDos2e78Sdf/download
2024-05-17 22:08:39-04:00,"Bolivia – Índice De Valor De Exportaciones, Según Productos Tradicionales y No Tradicionales 2016 – 2024",spreadsheet,587.17,https://nube.ine.gob.bo/index.php/s/cb2JM2yroEUmDNs/download
2024-05-17 22:10:55-04:00,"Bolivia – Índice De Volumen De Exportaciones, por año y mes, Según Grandes Categorías Económicas 2016 – 2024",spreadsheet,134.98,https://nube.ine.gob.bo/index.php/s/msuRBDXaIsfvXRA/download
2024-05-17 22:11:24-04:00,"Bolivia – Índice De Valor De Exportaciones, por año y mes Según Clasificación Uniforme para el Comercio Internacional 2016 – 2024",spreadsheet,150.71,https://nube.ine.gob.bo/index.php/s/sp9dDfhhCqMiasa/download
2024-05-17 22:11:35-04:00,"Bolivia – Índice De Valor De Exportaciones, por año y por mes Según Grandes Categorías Económicas 2016 – 2024",spreadsheet,135.39,https://nube.ine.gob.bo/index.php/s/NdS0I3KwDLe8LKM/download
2024-05-17 22:14:19-04:00,"Bolivia – Índice De Valor Unitario De Exportaciones, por año y mes, Según Clasificación Uniforme para el Comercio Internacional 2016 – 2024",spreadsheet,149.29,https://nube.ine.gob.bo/index.php/s/oQjOkBs1lCAdUKG/download
2024-05-17 22:15:21-04:00,"Bolivia – Índice De Volumen De Exportaciones, por año y mes, Según Clasificación Uniforme para el Comercio Internacional 2016 – 2024",spreadsheet,151.37,https://nube.ine.gob.bo/index.php/s/iA2lzr0Mwwr2XI2/download
2024-05-17 22:17:55-04:00,"Bolivia – Índice De Volumen De Importaciones, Según Grandes Categorías Económicas 2016 – 2024",spreadsheet,131.57,https://nube.ine.gob.bo/index.php/s/5Y6XnHJvrtG89GJ/download
2024-05-17 22:18:21-04:00,"Bolivia – Índice De Volumen De Importaciones, Según Clasificación Uniforme para el Comercio Internacional 2016 – 2024",spreadsheet,143.98,https://nube.ine.gob.bo/index.php/s/1puW2H0hN49mX83/download
2024-05-17 22:19:02-04:00,"Bolivia – Índice De Valor Unitario De Importaciones, Según La Clasificación De Uso o Destino Económico (CUODE) 2016 – 2024",spreadsheet,471.31,https://nube.ine.gob.bo/index.php/s/TgvidYlPAkiuIiq/download
2024-05-17 22:19:31-04:00,"Bolivia – Índice De Valor Unitario De Importaciones, Según Grandes Categorías Económicas 2016 – 2024",spreadsheet,132.47,https://nube.ine.gob.bo/index.php/s/6XM8kmBuN6L9s6p/download
2024-05-17 22:20:08-04:00,"Bolivia – Índice De Valor Unitario De Importaciones, Según Clasificación Uniforme para el Comercio Internacional 2016 – 2024",spreadsheet,146.23,https://nube.ine.gob.bo/index.php/s/WqmItwIUONPwXtd/download
2024-05-17 22:20:37-04:00,"Bolivia – Índice De Valor De Importaciones, Según La Clasificación De Uso o Destino Económico (CUODE) 2016 – 2024",spreadsheet,489.07,https://nube.ine.gob.bo/index.php/s/VmPWyOhKS51Pcks/download
2024-05-17 22:21:04-04:00,"Bolivia – Índice De Valor De Importaciones, Según Grandes Categorías Económicas 2016 – 2024",spreadsheet,134.35,https://nube.ine.gob.bo/index.php/s/ZSmKw6jlNHlWri0/download
2024-05-17 22:21:35-04:00,"Bolivia – Índice De Valor De Importaciones, Según Clasificación Uniforme para el Comercio Internacional 2016 – 2024",spreadsheet,146.23,https://nube.ine.gob.bo/index.php/s/dnhduUMdzVhnmsA/download
2024-05-17 22:22:03-04:00,"Bolivia – Índice De Volumen De Importaciones, Según La Clasificación De Uso o Destino Económico (CUODE) 2016 – 2024",spreadsheet,425.59,https://nube.ine.gob.bo/index.php/s/jvXGmBXqvjbUDPE/download
2024-05-22 16:52:49-04:00,"Bolivia – Índice De Volumen De Exportaciones, Según Productos Tradicionales y No Tradicionales 2016 – 2024",spreadsheet,585.81,https://nube.ine.gob.bo/index.php/s/26SMMicEkHp3GiX/download
2024-05-22 16:53:26-04:00,"Bolivia – Índice de Términos de Intercambio, 2016 – 2024",spreadsheet,105.50,https://nube.ine.gob.bo/index.php/s/ja6PWco2LQCZxfl/download
2024-05-23 15:47:16-04:00,"Bolivia- Existencia de Aves de Postura por Departamento, según año 1984-2023",spreadsheet,105.87,https://nube.ine.gob.bo/index.php/s/Bmnny8NvolgQMAy/download
2024-05-23 15:50:04-04:00,"Bolivia- Aves de Postura Destinada a la Producción de Huevo por Departamento, según Años, 1984 – 2023",excel,145.00,https://nube.ine.gob.bo/index.php/s/KGfaP7SsYn6Iq9J/download
2024-05-23 15:51:11-04:00,"Bolivia – Existencia de Aves Parrilleras por Departamento, según Años, 1984 – 2023",excel,139.50,https://nube.ine.gob.bo/index.php/s/CAFtW8wpDLWsygp/download
2024-05-23 15:52:26-04:00,"Bolivia – Producción de Carne de Aves Parrilleras por Departamento según Años, 1984 – 2023",excel,144.50,https://nube.ine.gob.bo/index.php/s/uZbPrDY0DU9gmYW/download
2024-05-23 15:54:07-04:00,"Bolivia – Producción de Huevo de Aves Postura por Departamento, según Años, 1984 – 2023",excel,144.00,https://nube.ine.gob.bo/index.php/s/pwhDOcBbs8iA2KF/download
2024-05-23 20:15:10-04:00,BOLIVIA NÚMERO DE CONEXIONES DE AGUA POTABLE POR CATEGORÍA 2017 – 2023,spreadsheet,130.83,https://nube.ine.gob.bo/index.php/s/wzqg2gbGxrlF94p/download
2024-05-23 20:15:55-04:00,BOLIVIA NÚMERO DE USUARIOS DE GAS NATURAL POR RED POR CATEGORÍA 2017 – 2023,spreadsheet,134.03,https://nube.ine.gob.bo/index.php/s/M42Oku7IgLWU5BU/download
2024-05-23 20:16:23-04:00,BOLIVIA NÚMERO DE USUARIOS DE ENERGIA ELÉCTRICA POR CATEGORÍA 2017 – 2023,spreadsheet,125.38,https://nube.ine.gob.bo/index.php/s/66mPctnHNMGeH9C/download
2024-05-31 18:00:14-04:00,BOLETÍN ESTADÍSTICO COMEX MARZO 2024,pdf,6838.54,https://nube.ine.gob.bo/index.php/s/7MPAgTFaVIAIvBl/download
2024-06-02 18:28:36-04:00,"BOLIVIA: POBLACIÓN MATRICULADA EN LA EDUCACIÓN PÚBLICA Y PRIVADA, POR SEXO, SEGÚN NIVEL EDUCATIVO, DEPARTAMENTO Y DEPENDENCIA, 2011 – 2023",spreadsheet,119.40,https://nube.ine.gob.bo/index.php/s/RYXY5KqRMX5ubmu/download
2024-06-02 18:29:10-04:00,"BOLIVIA: TASA DE EFECTIVOS EN LA EDUCACIÓN PÚBLICA Y PRIVADA POR SEXO, SEGÚN NIVEL EDUCATIVO, DEPARTAMENTO Y DEPENDENCIA, 2012 – 2023",spreadsheet,124.89,https://nube.ine.gob.bo/index.php/s/zOC1n5DoM9ippYQ/download
2024-06-02 18:33:04-04:00,"BOLIVIA: TASA DE PROMOVIDOS EN LA EDUCACIÓN PÚBLICA Y PRIVADA POR SEXO, SEGÚN NIVEL EDUCATIVO, DEPARTAMENTO Y DEPENDENCIA, 2012 – 2023",spreadsheet,119.71,https://nube.ine.gob.bo/index.php/s/Y5tfs5YcUgWbgla/download
2024-06-02 18:36:55-04:00,"BOLIVIA: TASA DE REPROBADOS EN LA EDUCACIÓN PÚBLICA Y PRIVADA POR SEXO, SEGÚN NIVEL EDUCATIVO, DEPARTAMENTO Y DEPENDENCIA, 2012 – 2023",spreadsheet,105.95,https://nube.ine.gob.bo/index.php/s/NCJKLmSoeICaYYh/download
2024-06-02 18:41:01-04:00,"BOLIVIA: TASA DE ABANDONO EN LA EDUCACIÓN PÚBLICA Y PRIVADA POR SEXO, SEGÚN NIVEL EDUCATIVO, DEPARTAMENTO Y DEPENDENCIA, 2012- 2023",spreadsheet,122.75,https://nube.ine.gob.bo/index.php/s/EQdD9FLrhXKPTJZ/download
2024-06-02 18:41:42-04:00,"BOLIVIA: LOCALES Y UNIDADES EDUCATIVAS EN LA EDUCACIÓN REGULAR, SEGÚN DEPARTAMENTO, 2011 – 2023",spreadsheet,58.97,https://nube.ine.gob.bo/index.php/s/11XPQlf1OIInZqm/download
2024-06-02 18:42:41-04:00,"BOLIVIA: RECURSOS FÍSICOS Y HUMANOS EN LA EDUCACIÓN REGULAR, SEGÚN DEPARTAMENTO, 2011 – 2023",spreadsheet,64.91,https://nube.ine.gob.bo/index.php/s/H6GtYQt779wNJSk/download
2024-06-02 18:44:03-04:00,"BOLIVIA: DOCENTES EN EJERCICIO EN LA EDUCACIÓN PÚBLICA, SEGÚN NIVEL DE EDUCACIÓN Y DEPARTAMENTO, 2012 – 2023",spreadsheet,59.96,https://nube.ine.gob.bo/index.php/s/3MtwZHa7j4KCyo8/download
2024-06-02 18:45:33-04:00,"BOLIVIA: DIRECTORES EN LA EDUCACIÓN PÚBLICA, SEGÚN NIVEL DE EDUCACIÓN Y DEPARTAMENTO, 2011 – 2023",spreadsheet,59.54,https://nube.ine.gob.bo/index.php/s/WaRhxnH2yd0hHWy/download
2024-06-02 18:46:32-04:00,"BOLIVIA: PERSONAL ADMINISTRATIVO DE UNIDADES EDUCATIVAS EN LA EDUCACIÓN PÚBLICA, SEGÚN CARGO Y DEPARTAMENTO, 2011 – 2023",spreadsheet,61.38,https://nube.ine.gob.bo/index.php/s/BxpU6xlgtmyFhiJ/download
2024-06-14 21:18:51-04:00,BOLETÍN ESTADÍSTICO COMEX ABRIL 2024,pdf,6025.06,https://nube.ine.gob.bo/index.php/s/jIGyV9RW6iZXvIE/download
2024-06-18 12:26:40-04:00,"BOLIVIA: FORMACIÓN BRUTA DE CAPITAL FIJO A PRECIOS CONSTANTES SEGÚN PRODUCTO, 1988 – 2023",spreadsheet,67.77,https://nube.ine.gob.bo/index.php/s/PvjicDlBpzULI01/download
2024-06-18 12:26:54-04:00,"BOLIVIA: VARIACION DE LA FORMACIÓN BRUTA CAPITAL FIJO A PRECIOS CONSTANTES SEGÚN PRODUCTO, 1989 – 2023",spreadsheet,73.11,https://nube.ine.gob.bo/index.php/s/63bRip1bFzh7C64/download
2024-06-18 12:27:07-04:00,"BOLIVIA: INCIDENCIA DE LA FORMACIÓN BRUTA DE CAPITAL FIJO A PRECIOS CONSTANTES SEGÚN PRODUCTO, 1989 – 2023",spreadsheet,71.96,https://nube.ine.gob.bo/index.php/s/TWhLaUQs1FxIstf/download
2024-06-18 12:27:19-04:00,"BOLIVIA: FORMACIÓN BRUTA DE CAPITAL FIJO A PRECIOS CORRIENTES SEGÚN PRODUCTO, 1988 – 2023",spreadsheet,70.93,https://nube.ine.gob.bo/index.php/s/47VtTbWyDGYCH6X/download
2024-06-18 12:27:31-04:00,"BOLIVIA: PARTICIPACIÓN DE LA FORMACIÓN BRUTA DE CAPITAL FIJO A PRECIOS CORRIENTES SEGÚN PRODUCTO, 1988 – 2023",spreadsheet,73.46,https://nube.ine.gob.bo/index.php/s/QhvAKkBiiHpjUCr/download
2024-06-18 12:27:44-04:00,"BOLIVIA: DEFLACTOR IMPLÍCITO DE LA FORMACIÓN BRUTA DE CAPITAL FIJO SEGÚN PRODUCTO, 1988 – 2023",spreadsheet,73.49,https://nube.ine.gob.bo/index.php/s/rcsK0IBR3Wk7piC/download
2024-06-20 20:30:08-04:00,ECE_4T_2023,rar,8776.94,https://nube.ine.gob.bo/index.php/s/11Ud1WRZVHTK8FV/download
2024-06-20 20:30:08-04:00,ECE_4T_2023RUR,rar,1188.22,https://nube.ine.gob.bo/index.php/s/LSVOZNSwKjN4xoc/download
2024-06-20 20:30:08-04:00,ECE 4T15 4T23,rar,304860.29,https://nube.ine.gob.bo/index.php/s/U37GxHWetqN1G13/download
2024-06-20 20:30:10-04:00,Sintaxis para cálculo de estadísticas e indicadores,rar,2.95,https://nube.ine.gob.bo/index.php/s/FEe5UscOFviqIVD/download
2024-06-20 20:30:10-04:00,Sintaxis para consolidación de bases de datos trimestrales,rar,8.62,https://nube.ine.gob.bo/index.php/s/d81lL6X9363c06d/download
2024-06-20 20:30:10-04:00,ECE_4T_2023 URB,rar,7613.72,https://nube.ine.gob.bo/index.php/s/r7Oth4soM5MT5AW/download
2024-06-27 16:01:19-04:00,"Bolivia – Superficie Año Agrícola por Departamento, 1984 – 2023",spreadsheet,863.22,https://nube.ine.gob.bo/index.php/s/PnEqp7IopHEJDBu/download
2024-06-27 16:21:23-04:00,"Bolivia- Producción por cultivo campaña verano , por departamento 2013-2023",spreadsheet,738.69,https://nube.ine.gob.bo/index.php/s/qcDXfgLo8KDpB89/download
2024-06-27 16:31:37-04:00,"Bolivia- Rendimiento por cultivo campaña verano , por departamento 2013-2023",spreadsheet,334.12,https://nube.ine.gob.bo/index.php/s/EPehJS0U48SvP6k/download
2024-06-27 16:53:34-04:00,"Bolivia – Producción Año Agrícola por Departamento, 1984 – 2023",spreadsheet,749.67,https://nube.ine.gob.bo/index.php/s/V7sVhYgtH9GT2fd/download
2024-06-27 17:35:31-04:00,"Bolivia – Rendimiento Año Agrícola por Departamento, 1984 – 2023",spreadsheet,419.82,https://nube.ine.gob.bo/index.php/s/9Th8JQ7vyccdEO7/download
2024-06-27 19:04:36-04:00,"Bolivia- Superficie cultivada campaña verano , por departamento 2013-2023",spreadsheet,249.58,https://nube.ine.gob.bo/index.php/s/xXA5s8uqzzQWCHF/download
2024-06-27 19:10:21-04:00,Bolivia- superficie cultivada campaña invierno por departamento 2012-2023,spreadsheet,999.50,https://nube.ine.gob.bo/index.php/s/VgAAqXTLwwN3sJF/download
2024-06-27 19:14:05-04:00,Bolivia- Producción por cultivo campaña invierno por departamento -2012-2023,spreadsheet,281.03,https://nube.ine.gob.bo/index.php/s/QGxbV6juWj9DjVG/download
2024-06-27 19:20:05-04:00,"Bolivia- Rendimiento por cultivo campaña invierno, por departamento 2012-2023",spreadsheet,790.77,https://nube.ine.gob.bo/index.php/s/jRM8SZEXbuaKFJ6/download
2024-06-27 19:21:34-04:00,"Bolivia – Hato Ganado Bovino por Departamento Edad y Sexo, 1984 – 2023",excel,277.00,https://nube.ine.gob.bo/index.php/s/HEViod0PU2Pki0c/download
2024-07-15 15:20:29-04:00,BOLETÍN ESTADÍSTICO COMEX MAYO 2024,pdf,5936.66,https://nube.ine.gob.bo/index.php/s/Ou0ypOwO3E2Jrx1/download
2024-07-31 18:30:11-04:00,Bolivia – Longitud de Caminos según departamento y Rodadura 2000 – 2023,spreadsheet,313.10,https://nube.ine.gob.bo/index.php/s/kkxKVTgxWySZp71/download
2024-07-31 18:30:27-04:00,Bolivia – Longitud de Caminos según departamento y Red 2000 – 2023,spreadsheet,241.17,https://nube.ine.gob.bo/index.php/s/6LJuA7a7zc9Xla4/download
2024-07-31 18:42:45-04:00,La Paz – Longitud de Caminos según Red y Rodadura 2000 – 2023,spreadsheet,191.83,https://nube.ine.gob.bo/index.php/s/zGP7YHbmS0Qia4I/download
2024-07-31 18:43:38-04:00,Chuquisaca – Longitud de Caminos según Red y Rodadura 2000 – 2023,spreadsheet,191.87,https://nube.ine.gob.bo/index.php/s/fyfXMoNOgncZZQh/download
2024-07-31 18:44:32-04:00,Bolivia – Longitud de Caminos según Red y Rodadura 2000 – 2023,spreadsheet,193.22,https://nube.ine.gob.bo/index.php/s/wgeKhjEWYPwYpA3/download
2024-07-31 18:45:07-04:00,Cochabamba – Longitud de Caminos según Red y Rodadura 2000 – 2023,spreadsheet,191.83,https://nube.ine.gob.bo/index.php/s/6w3sqkyaZ1hMTUi/download
2024-07-31 18:46:28-04:00,Beni – Longitud de Caminos según Red y Rodadura 2000 – 2023,spreadsheet,190.79,https://nube.ine.gob.bo/index.php/s/wYE2eU9lAllOrGc/download
2024-07-31 18:46:45-04:00,Santa Cruz – Longitud de Caminos según Red y Rodadura 2000 – 2023,spreadsheet,192.70,https://nube.ine.gob.bo/index.php/s/154MypcF9sggWit/download
2024-07-31 18:47:02-04:00,Tarija – Longitud de Caminos según Red y Rodadura 2000 – 2023,spreadsheet,191.46,https://nube.ine.gob.bo/index.php/s/6zVFnIFXRgtdCY0/download
2024-07-31 18:47:26-04:00,Potosí – Longitud de Caminos según Red y Rodadura 2000 – 2023,spreadsheet,191.53,https://nube.ine.gob.bo/index.php/s/dJPmNIy8pwRJZPd/download
2024-07-31 18:47:47-04:00,Oruro – Longitud de Caminos según Red y Rodadura 2000 – 2023,spreadsheet,191.31,https://nube.ine.gob.bo/index.php/s/edUARNYaA4Wk9tU/download
2024-07-31 18:48:09-04:00,Pando – Longitud de Caminos según Red y Rodadura 2000 – 2023,spreadsheet,190.55,https://nube.ine.gob.bo/index.php/s/MfvfXiE3ogNK1ec/download
2024-08-05 11:56:28-04:00,BOLETÍN ESTADÍSTICO COMEX JUNIO 2024,pdf,5720.61,https://nube.ine.gob.bo/index.php/s/SC1XuXyHTIGcpqg/download
2024-08-14 19:40:34-04:00,"TARIJA: DEFLACTOR IMPLÍCITO DEL PRODUCTO INTERNO BRUTO, SEGÚN ACTIVIDAD ECONÓMICA, 1988 – 2023",spreadsheet,86.88,https://nube.ine.gob.bo/index.php/s/039xnQvDBgCjV3X/download
2024-08-14 19:40:34-04:00,"COCHABAMBA: PRODUCTO INTERNO BRUTO A PRECIOS CORRIENTES, SEGÚN ACTIVIDAD ECONÓMICA, 1988 – 2023",spreadsheet,88.60,https://nube.ine.gob.bo/index.php/s/19qyMAKbnrGxBhC/download
2024-08-14 19:40:34-04:00,"POTOSÍ: VARIACION DEL PRODUCTO INTERNO BRUTO A PRECIOS CONSTANTES, SEGÚN ACTIVIDAD ECONÓMICA, 1989 – 2023",spreadsheet,85.39,https://nube.ine.gob.bo/index.php/s/3YXR7szfR3Q7TFn/download
2024-08-14 19:40:34-04:00,"BENI: VARIACION DEL PRODUCTO INTERNO BRUTO A PRECIOS CONSTANTES, SEGÚN ACTIVIDAD ECONÓMICA, 1989 – 2023",spreadsheet,86.28,https://nube.ine.gob.bo/index.php/s/50ckwLTrbNADm8k/download
2024-08-14 19:40:34-04:00,"COCHABAMBA: PRODUCTO INTERNO BRUTO PER CÁPITA, 1988 – 2023",spreadsheet,71.46,https://nube.ine.gob.bo/index.php/s/6AI46o1CpIPZCaf/download
2024-08-14 19:40:34-04:00,"POTOSÍ: PRODUCTO INTERNO BRUTO A PRECIOS CORRIENTES, SEGÚN ACTIVIDAD ECONÓMICA, 1988 – 2023",spreadsheet,86.20,https://nube.ine.gob.bo/index.php/s/7SVR7AuX6H8l45H/download
2024-08-14 19:40:34-04:00,"SANTA CRUZ: DEFLACTOR IMPLÍCITO DEL PRODUCTO INTERNO BRUTO, SEGÚN ACTIVIDAD ECONÓMICA, 1988 – 2023",spreadsheet,87.27,https://nube.ine.gob.bo/index.php/s/7zQF5y0oKhBHreg/download
2024-08-14 19:40:34-04:00,"LA PAZ: PRODUCTO INTERNO BRUTO PER CÁPITA, 1988 – 2023",spreadsheet,74.86,https://nube.ine.gob.bo/index.php/s/DTHT4alKY8sTqjJ/download
2024-08-14 19:40:34-04:00,"POTOSÍ: DEFLACTOR IMPLÍCITO DEL PRODUCTO INTERNO BRUTO, SEGÚN ACTIVIDAD ECONÓMICA, 1988 – 2023",spreadsheet,85.62,https://nube.ine.gob.bo/index.php/s/DcOvE10u7QhXBgL/download
2024-08-14 19:40:34-04:00,"BENI: PRODUCTO INTERNO BRUTO PER CÁPITA, 1988 – 2023",spreadsheet,71.33,https://nube.ine.gob.bo/index.php/s/E5PmsL8Xtd9LHiG/download
2024-08-14 19:40:34-04:00,"SANTA CRUZ: PARTICIPACIÓN EN EL PRODUCTO INTERNO BRUTO A PRECIOS CORRIENTES, SEGÚN ACTIVIDAD ECONÓMICA, 1988 – 2023",spreadsheet,87.08,https://nube.ine.gob.bo/index.php/s/EsenEoMg4j88jXD/download
2024-08-14 19:40:34-04:00,"LA PAZ: VARIACION DEL PRODUCTO INTERNO BRUTO A PRECIOS CONSTANTES, SEGÚN ACTIVIDAD ECONÓMICA, 1989 – 2023",spreadsheet,86.10,https://nube.ine.gob.bo/index.php/s/FdvExIEZ27HNZTn/download
2024-08-14 19:40:34-04:00,"COCHABAMBA: VARIACION DEL PRODUCTO INTERNO BRUTO A PRECIOS CONSTANTES, SEGÚN ACTIVIDAD ECONÓMICA, 1989 – 2023",spreadsheet,87.92,https://nube.ine.gob.bo/index.php/s/Ga8cEWN1Fl8dhnw/download
2024-08-14 19:40:34-04:00,"TARIJA: PARTICIPACIÓN EN EL PRODUCTO INTERNO BRUTO A PRECIOS CORRIENTES, SEGÚN ACTIVIDAD ECONÓMICA, 1988 – 2023",spreadsheet,85.68,https://nube.ine.gob.bo/index.php/s/HA5C4YZLhrJb3U7/download
2024-08-14 19:40:34-04:00,"ORURO: PARTICIPACIÓN EN EL PRODUCTO INTERNO BRUTO A PRECIOS CORRIENTES, SEGÚN ACTIVIDAD ECONÓMICA, 1988 – 2023",spreadsheet,86.95,https://nube.ine.gob.bo/index.php/s/J1Bt9MF6cxVWY0B/download
2024-08-14 19:40:34-04:00,"LA PAZ: PRODUCTO INTERNO BRUTO A PRECIOS CONSTANTES, SEGÚN ACTIVIDAD ECONÓMICA, 1988 – 2023",spreadsheet,85.55,https://nube.ine.gob.bo/index.php/s/JGySvLfLxfxhIzb/download
2024-08-14 19:40:34-04:00,"PANDO: PRODUCTO INTERNO BRUTO A PRECIOS CONSTANTES, SEGÚN ACTIVIDAD ECONÓMICA, 1988 – 2023",spreadsheet,86.48,https://nube.ine.gob.bo/index.php/s/K9n4oiVsQoPyBsu/download
2024-08-14 19:40:34-04:00,"CHUQUISACA: PRODUCTO INTERNO BRUTO A PRECIOS CORRIENTES, SEGÚN ACTIVIDAD ECONÓMICA, 1988 – 2023",spreadsheet,87.58,https://nube.ine.gob.bo/index.php/s/LB1fJabf7mxQMdJ/download
2024-08-14 19:40:34-04:00,"POTOSÍ: PRODUCTO INTERNO BRUTO A PRECIOS CONSTANTES, SEGÚN ACTIVIDAD ECONÓMICA, 1988 – 2023",spreadsheet,85.98,https://nube.ine.gob.bo/index.php/s/NkBlw9xk2zTIcFO/download
2024-08-14 19:40:34-04:00,"SANTA CRUZ: PRODUCTO INTERNO BRUTO A PRECIOS CORRIENTES, SEGÚN ACTIVIDAD ECONÓMICA, 1988 – 2023",spreadsheet,87.72,https://nube.ine.gob.bo/index.php/s/ObyB7K4peHPfCCI/download
2024-08-14 19:40:34-04:00,"ORURO: PRODUCTO INTERNO BRUTO A PRECIOS CONSTANTES, SEGÚN ACTIVIDAD ECONÓMICA, 1988 – 2023",spreadsheet,86.58,https://nube.ine.gob.bo/index.php/s/PycgCZK6K6siAJc/download
2024-08-14 19:40:34-04:00,"SANTA CRUZ: PRODUCTO INTERNO BRUTO PER CÁPITA, 1988 – 2023",spreadsheet,71.54,https://nube.ine.gob.bo/index.php/s/QQWrEzFn9ROA6X5/download
2024-08-14 19:40:34-04:00,"BENI: DEFLACTOR IMPLÍCITO DEL PRODUCTO INTERNO BRUTO, SEGÚN ACTIVIDAD ECONÓMICA, 1988 – 2023",spreadsheet,86.63,https://nube.ine.gob.bo/index.php/s/RyU99oEj1nxHtfn/download
2024-08-14 19:40:34-04:00,"COCHABAMBA: PRODUCTO INTERNO BRUTO A PRECIOS CONSTANTES, SEGÚN ACTIVIDAD ECONÓMICA, 1988 – 2023",spreadsheet,88.36,https://nube.ine.gob.bo/index.php/s/TPp9wVaoTi9eRxp/download
2024-08-14 19:40:34-04:00,"ORURO: PRODUCTO INTERNO BRUTO A PRECIOS CORRIENTES, SEGÚN ACTIVIDAD ECONÓMICA, 1988 – 2023",spreadsheet,86.83,https://nube.ine.gob.bo/index.php/s/Tu4spsk5XiQwiMP/download
2024-08-14 19:40:34-04:00,"LA PAZ: PRODUCTO INTERNO BRUTO A PRECIOS CORRIENTES, SEGÚN ACTIVIDAD ECONÓMICA, 1988 – 2023",spreadsheet,88.15,https://nube.ine.gob.bo/index.php/s/Vh2xuLSeb2HiFxX/download
2024-08-14 19:40:34-04:00,"COCHABAMBA: PARTICIPACIÓN EN EL PRODUCTO INTERNO BRUTO A PRECIOS CORRIENTES, SEGÚN ACTIVIDAD ECONÓMICA, 1988 – 2023",spreadsheet,87.70,https://nube.ine.gob.bo/index.php/s/VzNRxQGMTFKgB0Z/download
2024-08-14 19:40:34-04:00,"SANTA CRUZ: PRODUCTO INTERNO BRUTO A PRECIOS CONSTANTES, SEGÚN ACTIVIDAD ECONÓMICA, 1988 – 2023",spreadsheet,87.48,https://nube.ine.gob.bo/index.php/s/WFE06wQEezoctP5/download
2024-08-14 19:40:34-04:00,"TARIJA: VARIACION DEL PRODUCTO INTERNO BRUTO A PRECIOS CONSTANTES, SEGÚN ACTIVIDAD ECONÓMICA, 1989 – 2023",spreadsheet,86.76,https://nube.ine.gob.bo/index.php/s/XFZtiPTrzqyCIaW/download
2024-08-14 19:40:34-04:00,"POTOSÍ: PRODUCTO INTERNO BRUTO PER CÁPITA, 1988 – 2023",spreadsheet,71.32,https://nube.ine.gob.bo/index.php/s/aPL4hvPoJKnW7T1/download
2024-08-14 19:40:34-04:00,"BENI: PRODUCTO INTERNO BRUTO A PRECIOS CONSTANTES, SEGÚN ACTIVIDAD ECONÓMICA, 1988 – 2023",spreadsheet,88.12,https://nube.ine.gob.bo/index.php/s/f5jJXWvS5DT3joh/download
2024-08-14 19:40:34-04:00,"CHUQUISACA: VARIACION DEL PRODUCTO INTERNO BRUTO A PRECIOS CONSTANTES, SEGÚN ACTIVIDAD ECONÓMICA, 1989 – 2023",spreadsheet,86.47,https://nube.ine.gob.bo/index.php/s/fjrtQnTVWO37WXD/download
2024-08-14 19:40:34-04:00,"CHUQUISACA: PRODUCTO INTERNO BRUTO PER CÁPITA, 1988 – 2023",spreadsheet,71.33,https://nube.ine.gob.bo/index.php/s/h1Tg8ga2FDD0DqZ/download
2024-08-14 19:40:34-04:00,"LA PAZ: DEFLACTOR IMPLÍCITO DEL PRODUCTO INTERNO BRUTO, SEGÚN ACTIVIDAD ECONÓMICA, 1988 – 2023",spreadsheet,88.50,https://nube.ine.gob.bo/index.php/s/h3nnTCmAw0PXoYA/download
2024-08-14 19:40:34-04:00,"CHUQUISACA: PRODUCTO INTERNO BRUTO A PRECIOS CONSTANTES, SEGÚN ACTIVIDAD ECONÓMICA, 1988 – 2023",spreadsheet,87.76,https://nube.ine.gob.bo/index.php/s/hHU8psn75hWR8fV/download
2024-08-14 19:40:34-04:00,"ORURO: PRODUCTO INTERNO BRUTO PER CÁPITA, 1988 – 2023",spreadsheet,71.44,https://nube.ine.gob.bo/index.php/s/hqZZnrM1x6ice6o/download
2024-08-14 19:40:34-04:00,"BENI: PRODUCTO INTERNO BRUTO A PRECIOS CORRIENTES, SEGÚN ACTIVIDAD ECONÓMICA, 1988 – 2023",spreadsheet,87.27,https://nube.ine.gob.bo/index.php/s/hwx1WCz3vwOBIAr/download
2024-08-14 19:40:34-04:00,"ORURO: VARIACION DEL PRODUCTO INTERNO BRUTO A PRECIOS CONSTANTES, SEGÚN ACTIVIDAD ECONÓMICA, 1989 – 2023",spreadsheet,86.69,https://nube.ine.gob.bo/index.php/s/j2az8k6SKotxpMF/download
2024-08-14 19:40:34-04:00,"TARIJA: PRODUCTO INTERNO BRUTO PER CÁPITA, 1988 – 2023",spreadsheet,71.52,https://nube.ine.gob.bo/index.php/s/k3HXUaRwfPMYqFp/download
2024-08-14 19:40:34-04:00,"CHUQUISACA: PARTICIPACIÓN EN EL PRODUCTO INTERNO BRUTO A PRECIOS CORRIENTES, SEGÚN ACTIVIDAD ECONÓMICA, 1988 – 2023",spreadsheet,86.12,https://nube.ine.gob.bo/index.php/s/n2BL5kNrHB8vs6E/download
2024-08-14 19:40:34-04:00,"POTOSÍ: PARTICIPACIÓN EN EL PRODUCTO INTERNO BRUTO A PRECIOS CORRIENTES, SEGÚN ACTIVIDAD ECONÓMICA, 1988 – 2023",spreadsheet,85.32,https://nube.ine.gob.bo/index.php/s/nVr49vWVKMWZX0f/download
2024-08-14 19:40:34-04:00,"SANTA CRUZ: VARIACION DEL PRODUCTO INTERNO BRUTO A PRECIOS CONSTANTES, SEGÚN ACTIVIDAD ECONÓMICA, 1989 – 2023",spreadsheet,86.84,https://nube.ine.gob.bo/index.php/s/ndDJuunchuF1MpK/download
2024-08-14 19:40:34-04:00,"LA PAZ: PARTICIPACIÓN EN EL PRODUCTO INTERNO BRUTO A PRECIOS CORRIENTES, SEGÚN ACTIVIDAD ECONÓMICA, 1988 – 2023",spreadsheet,87.22,https://nube.ine.gob.bo/index.php/s/nyW23XSTgZPgPkw/download
2024-08-14 19:40:34-04:00,"BENI: PARTICIPACIÓN EN EL PRODUCTO INTERNO BRUTO A PRECIOS CORRIENTES, SEGÚN ACTIVIDAD ECONÓMICA, 1988 – 2023",spreadsheet,86.29,https://nube.ine.gob.bo/index.php/s/oWBU7n0Alb79krY/download
2024-08-14 19:40:34-04:00,"ORURO: DEFLACTOR IMPLÍCITO DEL PRODUCTO INTERNO BRUTO, SEGÚN ACTIVIDAD ECONÓMICA, 1988 – 2023",spreadsheet,86.42,https://nube.ine.gob.bo/index.php/s/souZls8D2TGYt2t/download
2024-08-14 19:40:34-04:00,"COCHABAMBA: DEFLACTOR IMPLÍCITO DEL PRODUCTO INTERNO BRUTO, SEGÚN ACTIVIDAD ECONÓMICA, 1988 – 2023",spreadsheet,88.28,https://nube.ine.gob.bo/index.php/s/tMREvl7baR6qHQF/download
2024-08-14 19:40:34-04:00,"CHUQUISACA: DEFLACTOR IMPLÍCITO DEL PRODUCTO INTERNO BRUTO, SEGÚN ACTIVIDAD ECONÓMICA, 1988 – 2023",spreadsheet,87.49,https://nube.ine.gob.bo/index.php/s/uNDVjo32lwynnmO/download
2024-08-14 19:40:34-04:00,"TARIJA: PRODUCTO INTERNO BRUTO A PRECIOS CONSTANTES, SEGÚN ACTIVIDAD ECONÓMICA, 1988 – 2023",spreadsheet,87.12,https://nube.ine.gob.bo/index.php/s/vILrN7dlWg53tMl/download
2024-08-14 19:40:34-04:00,"TARIJA: PRODUCTO INTERNO BRUTO A PRECIOS CORRIENTES, SEGÚN ACTIVIDAD ECONÓMICA, 1988 – 2023",spreadsheet,87.41,https://nube.ine.gob.bo/index.php/s/xg4O7NWgppCeKjN/download
2024-08-14 19:40:36-04:00,"PRODUCTO INTERNO BRUTO PER CÁPITA A PRECIOS DE MERCADO EN BOLIVIANOS, SEGÚN DEPARTAMENTO, 1988 – 2023
",spreadsheet,76.83,https://nube.ine.gob.bo/index.php/s/5iLdOjvtBAh67wo/download
2024-08-14 19:40:36-04:00,"BOLIVIA: PARTICIPACIÓN DEPARTAMENTAL EN EL PRODUCTO INTERNO BRUTO, SEGÚN DEPARTAMENTO, 1988 – 2023",spreadsheet,74.93,https://nube.ine.gob.bo/index.php/s/PEtIcuVdcCqsejn/download
2024-08-14 19:40:36-04:00,"PANDO: VARIACION DEL PRODUCTO INTERNO BRUTO A PRECIOS CONSTANTES, SEGÚN ACTIVIDAD ECONÓMICA, 1989 – 2023",spreadsheet,86.02,https://nube.ine.gob.bo/index.php/s/Pz4su0x9IRmGUZe/download
2024-08-14 19:40:36-04:00,"PANDO: PRODUCTO INTERNO BRUTO A PRECIOS CORRIENTES, SEGÚN ACTIVIDAD ECONÓMICA, 1988 – 2023",spreadsheet,87.29,https://nube.ine.gob.bo/index.php/s/XfJF9Zv24VAg88d/download
2024-08-14 19:40:36-04:00,"PANDO: PARTICIPACIÓN EN EL PRODUCTO INTERNO BRUTO A PRECIOS CORRIENTES, SEGÚN ACTIVIDAD ECONÓMICA, 1988 – 2023",spreadsheet,85.59,https://nube.ine.gob.bo/index.php/s/a6I3bgB5p9hZUSo/download
2024-08-14 19:40:36-04:00,"PANDO: DEFLACTOR IMPLÍCITO DEL PRODUCTO INTERNO BRUTO, SEGÚN ACTIVIDAD ECONÓMICA, 1988 – 2023",spreadsheet,86.21,https://nube.ine.gob.bo/index.php/s/cR0vnfwQMvNbTE6/download
2024-08-14 19:40:36-04:00,"BOLIVIA: DEFLACTOR IMPLÍCITO DEL PRODUCTO INTERNO BRUTO, SEGÚN DEPARTAMENTO, 1988 – 2023",spreadsheet,75.58,https://nube.ine.gob.bo/index.php/s/gFZ8WCmJA0QLXmt/download
2024-08-14 19:40:36-04:00,"BOLIVIA: PRODUCTO INTERNO BRUTO, SEGÚN DEPARTAMENTO, 1988 – 2023",spreadsheet,75.71,https://nube.ine.gob.bo/index.php/s/gYngDQAZz7QANop/download
2024-08-14 19:40:36-04:00,"PANDO: PRODUCTO INTERNO BRUTO PER CÁPITA, 1988 – 2023",spreadsheet,71.76,https://nube.ine.gob.bo/index.php/s/pKjJW71TwI9vzaV/download
2024-08-14 19:40:36-04:00,"BOLIVIA: PRODUCTO INTERNO BRUTO PER CÁPITA A PRECIOS DE MERCADO EN DÓLARES ESTADOUNIDENSES, SEGÚN DEPARTAMENTO, 1988 – 2023
",spreadsheet,75.57,https://nube.ine.gob.bo/index.php/s/rECY7vKTTQttdAj/download
2024-08-14 19:40:36-04:00,"BOLIVIA: PRODUCTO INTERNO BRUTO, SEGÚN DEPARTAMENTO, 1988 – 2023",spreadsheet,72.58,https://nube.ine.gob.bo/index.php/s/xIGHrQ5jDlaLkRc/download
2024-08-14 19:40:36-04:00,"BOLIVIA: CRECIMIENTO DEL PRODUCTO INTERNO BRUTO, SEGÚN DEPARTAMENTO, 1989 – 2023",spreadsheet,75.49,https://nube.ine.gob.bo/index.php/s/ygA05qOqUF2T9q1/download
2024-08-21 12:39:29-04:00,"BOLIVIA – CONEXIONES AL SERVICIO DE ACCESO A INTERNET POR DEPARTAMENTO, SEGÚN AÑO Y TRIMESTRE, 2012 – 2024",spreadsheet,62.93,https://nube.ine.gob.bo/index.php/s/5tRDKsQhjgdHyYn/download
2024-08-21 12:41:05-04:00,"BOLIVIA – CONEXIONES AL SERVICIO DE ACCESO A INTERNET POR TIPO DE TECNOLOGÍA, SEGÚN AÑO Y TRIMESTRE, 2012 – 2024",spreadsheet,59.10,https://nube.ine.gob.bo/index.php/s/Py3xfOWTRDLJPig/download
2024-08-22 22:42:00-04:00,BOLIVIA – INDICE DE VOLUMEN DE TELECOMUNICACIONES SEGUN AÑO Y MES 1990 – 2024,spreadsheet,261.14,https://nube.ine.gob.bo/index.php/s/BltOzwduYPt2wWC/download
2024-08-22 22:42:25-04:00,"BOLIVIA – LINEAS MÓVILES POR DEPARTAMENTO, SEGÚN AÑO Y TRIMESTRE, 1996 – 2024",spreadsheet,63.48,https://nube.ine.gob.bo/index.php/s/AM6pWsXxnm7q8uK/download
2024-08-22 22:42:31-04:00,"BOLIVIA – SUSCRIPCION A TELEVISION POR CABLE POR DEPARTAMENTO, SEGÚN AÑO Y TRIMESTRE, 2017 – 2024",spreadsheet,59.65,https://nube.ine.gob.bo/index.php/s/2NJSU6Wgk1CDx0f/download
2024-08-22 22:43:02-04:00,"BOLIVIA – LINEAS FIJAS POR DEPARTAMENTO, SEGÚN AÑO Y TRIMESTRE, 1996 – 2024",spreadsheet,63.14,https://nube.ine.gob.bo/index.php/s/UA31iBPQsgTKBZz/download
2024-09-02 18:47:00-04:00,DICCIONARIO BASE DE DATOS EXPORTACIONES,spreadsheet,540.82,https://nube.ine.gob.bo/index.php/s/CKdL20Qa170R1Sg/download
2024-09-02 18:51:00-04:00,DICCIONARIO BASE DE DATOS RITEX,spreadsheet,539.27,https://nube.ine.gob.bo/index.php/s/5HLUeTwdMhipHky/download
2024-09-02 18:52:00-04:00,DICCIONARIO BASE DE DATOS IMPORTACIONES,spreadsheet,539.80,https://nube.ine.gob.bo/index.php/s/HukvdYl2zGx4nZ6/download
2024-09-02 18:53:00-04:00,DICCIONARIO BASE DE DATOS IMPORTACIONES RITEX,spreadsheet,539.10,https://nube.ine.gob.bo/index.php/s/gpDZRL4R1tynMC1/download
2024-09-03 11:18:00-04:00,"Documento metodológico, Revisión 2020",pdf,4446.39,https://nube.ine.gob.bo/index.php/s/xQ9FEydoCYqaWOR/download
2024-09-26 14:45:09-04:00,"Bolivia: Distribución porcentual de la población de 14 años o más de edad en la ocupación principal por mes, según sexo y grupo ocupacional, 2015 – 2024",spreadsheet,152.59,https://nube.ine.gob.bo/index.php/s/shVYnKPUBaahvpZ/download
2024-09-26 14:45:59-04:00,"Bolivia – Área urbana: Distribución porcentual de la población de 14 años o más de edad en la ocupación principal por mes, según sexo y grupo ocupacional, 2015 – 2024",spreadsheet,156.11,https://nube.ine.gob.bo/index.php/s/Ksky8JKg5yQguTQ/download
2024-09-26 14:51:51-04:00,"Bolivia: Distribución porcentual de la población de 14 años o más de edad en la ocupación principal por mes, según sexo y categoría en el empleo, 2015 – 2024",spreadsheet,142.84,https://nube.ine.gob.bo/index.php/s/X4WOKFLBhsDtegG/download
2024-09-26 14:54:17-04:00,"Bolivia – Área urbana: Distribución porcentual de la población de 14 años o más de edad en la ocupación principal por mes, según sexo y categoría en el empleo, 2015 – 2024",spreadsheet,145.21,https://nube.ine.gob.bo/index.php/s/0eP5Gwuv3hihYVU/download
2024-09-26 14:54:52-04:00,"Bolivia: Distribución Porcentual de la población de 14 años o más de edad en la ocupación principal por mes, según actividad económica, 2015 – 2024",spreadsheet,138.53,https://nube.ine.gob.bo/index.php/s/lECrE3Cqk8unb0w/download
2024-09-26 14:56:34-04:00,"Bolivia – Área urbana: Distribución porcentual de la población de 14 años o más de edad en la ocupación principal por mes, según actividad económica, 2015 – 2024",spreadsheet,139.04,https://nube.ine.gob.bo/index.php/s/iEgD0gCiaazjjLp/download
2024-09-26 14:57:30-04:00,"Bolivia – Área urbana: Población por mes, según condición de actividad y sexo, 2015 – 2024",spreadsheet,142.58,https://nube.ine.gob.bo/index.php/s/ogXh3nVAULLpj6X/download
2024-09-26 14:57:55-04:00,"Bolivia – Área rural: Población por mes, según condición de actividad y sexo, 2015 – 2024",spreadsheet,136.49,https://nube.ine.gob.bo/index.php/s/hgTfE6Ua2v6pFZQ/download
2024-09-26 14:58:36-04:00,"Bolivia: Principales indicadores de empleo por mes, según sexo, 2015 – 2024",spreadsheet,141.74,https://nube.ine.gob.bo/index.php/s/MUm3nJ7CcBGERPz/download
2024-09-26 14:59:10-04:00,"Bolivia – Área urbana: Principales indicadores de empleo por mes, según sexo, 2015 – 2024",spreadsheet,145.25,https://nube.ine.gob.bo/index.php/s/gYrqPEzraaEDirg/download
2024-09-26 14:59:42-04:00,"Bolivia – Área rural: Principales indicadores de empleo por mes, según sexo, 2015 – 2024",spreadsheet,145.01,https://nube.ine.gob.bo/index.php/s/D5nEKnskfQDIvps/download
2024-09-26 15:14:43-04:00,"Bolivia – Área urbana: Tasa de desocupación desestacionalizada por mes, según sexo, 2015 – 2024",spreadsheet,147.48,https://nube.ine.gob.bo/index.php/s/5TvMscznkP1SxvQ/download
2024-09-26 15:15:15-04:00,"Bolivia: Principales indicadores de empleo por mes, según grupo de departamentos 2015 – 2024",spreadsheet,148.48,https://nube.ine.gob.bo/index.php/s/5Ynsp1FNH73vaKv/download
2024-09-26 15:16:05-04:00,"Bolivia – Área urbana: Principales indicadores de empleo por mes, según grupo de departamentos 2015 – 2024",spreadsheet,151.78,https://nube.ine.gob.bo/index.php/s/R0O3amCVdLxEhwl/download
2024-09-26 15:16:57-04:00,"Bolivia: Distribución Porcentual de la población de 14 años o más de edad en la ocupación principal por trimestre, según sexo y grupo ocupacional, 2015 – 2024",spreadsheet,126.72,https://nube.ine.gob.bo/index.php/s/p5VtPPc9kBbB5kf/download
2024-09-26 15:17:26-04:00,"Bolivia – Área urbana: Distribución porcentual de la población de 14 años o más de edad en la ocupación principal por trimestre, según sexo y grupo ocupacional, 2015 – 2024",spreadsheet,128.33,https://nube.ine.gob.bo/index.php/s/4hn7geW9raWc65M/download
2024-09-26 15:17:59-04:00,"Bolivia – Área Rural: Distribución porcentual de la población de 14 años o más de edad en la ocupación principal por trimestre, según sexo y grupo ocupacional, 2015 – 2024",spreadsheet,124.14,https://nube.ine.gob.bo/index.php/s/756uutZaqg8dyaw/download
2024-09-26 15:18:40-04:00,"Bolivia: Distribución porcentual de la población de 14 años o más de edad en la ocupación principal por trimestre, según sexo y categoría en el empleo, 2015 – 2024",spreadsheet,120.59,https://nube.ine.gob.bo/index.php/s/fy87Pmt8EiKGJRX/download
2024-09-26 15:19:22-04:00,"Bolivia – Área urbana: Distribución porcentual de la población de 14 años o más de edad en la ocupación principal por trimestre, según sexo y categoría en el empleo, 2015 – 2024",spreadsheet,121.55,https://nube.ine.gob.bo/index.php/s/KLjMO17cdSVQr9h/download
2024-09-26 15:23:52-04:00,"Bolivia – Área Rural: Distribución porcentual de la población de 14 años o más de edad en la ocupación principal por trimestre, según sexo y categoría en el empleo, 2015 – 2024",spreadsheet,121.05,https://nube.ine.gob.bo/index.php/s/kFHr7PCDtQx0678/download
2024-09-26 15:24:32-04:00,"Bolivia: Distribución Porcentual de la población de 14 años o más de edad en la ocupación principal por trimestre, según sexo y actividad económica, 2015 – 2024",spreadsheet,144.19,https://nube.ine.gob.bo/index.php/s/H9ldFOklpyakuRh/download
2024-09-26 15:26:40-04:00,"Bolivia – Área urbana: Distribución porcentual de la población de 14 años o más de edad en la ocupación principal por trimestre, según sexo y actividad económica, 2015 – 2024",spreadsheet,147.42,https://nube.ine.gob.bo/index.php/s/nNE76aIPgYpaKCe/download
2024-09-26 15:27:17-04:00,"Bolivia – Área Rural: Distribución porcentual de la población de 14 años o más de edad en la ocupación principal por trimestre, según sexo y actividad económica, 2015 – 2024",spreadsheet,129.54,https://nube.ine.gob.bo/index.php/s/vOSv2oEbAMOlDpp/download
2024-09-26 15:27:59-04:00,"Bolivia: Promedio de horas trabajadas por semana en la ocupación principal por trimestre, según sexo y grupo ocupacional, 2015 – 2024",spreadsheet,123.48,https://nube.ine.gob.bo/index.php/s/UATmZQnncNwQoLx/download
2024-09-26 15:29:24-04:00,"Bolivia – Área urbana: Promedio de horas trabajadas por semana en la ocupación principal por trimestre, según sexo y grupo ocupacional, 2015- 2024",spreadsheet,124.99,https://nube.ine.gob.bo/index.php/s/hTxINIcbhzTqxwg/download
2024-09-26 15:30:00-04:00,"Bolivia – Área Rural: Promedio de horas trabajadas por semana en la ocupación principal por trimestre, según sexo y grupo ocupacional, 2015- 2024",spreadsheet,123.26,https://nube.ine.gob.bo/index.php/s/i9wSe6YmEGwu6Bc/download
2024-09-26 15:30:26-04:00,"Bolivia: Promedio de horas trabajadas por semana en la ocupación principal por trimestre, según sexo y categoría en el empleo, 2015 – 2024",spreadsheet,117.34,https://nube.ine.gob.bo/index.php/s/1BPJX7LEEtrfhBC/download
2024-09-26 15:30:59-04:00,"Bolivia – Área urbana: Promedio de horas trabajadas por semana en la ocupación principal por trimestre, según sexo y categoría en el empleo, 2015 – 2024",spreadsheet,118.35,https://nube.ine.gob.bo/index.php/s/wSRsxUpSNk2Usu7/download
2024-09-26 15:31:40-04:00,"Bolivia – Área Rural: Promedio de horas trabajadas por semana en la ocupación principal por trimestre, según sexo y categoría en el empleo, 2015 – 2024",spreadsheet,116.89,https://nube.ine.gob.bo/index.php/s/fDExR2cLMNL9QBo/download
2024-09-26 15:32:19-04:00,"Bolivia: Promedio de horas trabajadas por semana en la ocupación principal por trimestre, según sexo y actividad económica, 2015 – 2024",spreadsheet,139.01,https://nube.ine.gob.bo/index.php/s/63I3zM2hCxwTeqd/download
2024-09-26 15:38:55-04:00,"Bolivia – Área urbana: Promedio de horas trabajadas por semana en la ocupación principal por trimestre, según sexo y actividad económica, 2015 – 2024",spreadsheet,142.80,https://nube.ine.gob.bo/index.php/s/4A6skV4yuqNthgp/download
2024-09-26 15:39:31-04:00,"Bolivia – Área Rural: Promedio de horas trabajadas por semana en la ocupación principal por trimestre, según sexo y actividad económica, 2015 – 2024",spreadsheet,125.07,https://nube.ine.gob.bo/index.php/s/9NACbwC1Ja8rVQQ/download
2024-09-26 15:40:11-04:00,"La Paz: Distribución porcentual de la población de 14 años o más de edad en la ocupación principal por trimestre, según sexo y grupo ocupacional, 2015 – 2024",spreadsheet,122.90,https://nube.ine.gob.bo/index.php/s/7qMruB6tqpSk6VL/download
2024-09-26 15:41:31-04:00,"Cochabamba: Distribución porcentual de la población de 14 años o más de edad en la ocupación principal por trimestre, según sexo y grupo ocupacional, 2015 – 2024",spreadsheet,123.00,https://nube.ine.gob.bo/index.php/s/zHYguR0g9Zasuvy/download
2024-09-26 15:42:05-04:00,"Santa Cruz: Distribución porcentual de la población de 14 años o más de edad en la ocupación principal por trimestre, según sexo y grupo ocupacional, 2015 – 2024",spreadsheet,122.78,https://nube.ine.gob.bo/index.php/s/ybZRPamNT6u8Hoy/download
2024-09-26 15:42:51-04:00,"Chuquisaca, Oruro, Potosí, Tarija, Beni y Pando: Distribución porcentual de la población de 14 años o más de edad en la ocupación principal por trimestre, según sexo y grupo ocupacional, 2015 – 2024",spreadsheet,122.97,https://nube.ine.gob.bo/index.php/s/SWITAk7FtHT525F/download
2024-09-26 15:43:31-04:00,"La Paz – Área urbana: Distribución porcentual de la población de 14 años o más de edad en la ocupación principal por trimestre, según sexo y grupo ocupacional, 2015 – 2024",spreadsheet,124.46,https://nube.ine.gob.bo/index.php/s/cCeBVkNI3g7wlTN/download
2024-09-26 15:44:17-04:00,"Cochabamba – Área urbana: Distribución porcentual de la población de 14 años o más de edad en la ocupación principal por trimestre, según sexo y grupo ocupacional, 2015 – 2024",spreadsheet,124.51,https://nube.ine.gob.bo/index.php/s/VSD0IbIzUjAsY7M/download
2024-09-26 15:44:56-04:00,"Santa Cruz – Área urbana: Distribución porcentual de la población de 14 años o más de edad en la ocupación principal por trimestre, según sexo y grupo ocupacional, 2015 – 2024",spreadsheet,124.40,https://nube.ine.gob.bo/index.php/s/oH5NtowpOL4sPAI/download
2024-09-26 15:45:29-04:00,"Chuquisaca, Oruro, Potosí, Tarija, Beni y Pando- Área urbana: Distribución porcentual de la población de 14 años o más de edad en la ocupación principal por trimestre, según sexo y grupo ocupacional, 2015 – 2024",spreadsheet,124.69,https://nube.ine.gob.bo/index.php/s/5wTNfffl0NDWmbX/download
2024-09-26 15:46:07-04:00,"La Paz: Distribución porcentual de la población de 14 años o más de edad en la ocupación principal por trimestre, según sexo y categoría en el empleo, 2015 – 2024",spreadsheet,122.62,https://nube.ine.gob.bo/index.php/s/fMMcBETFgVqsIUy/download
2024-09-26 15:46:43-04:00,"Cochabamba: Distribución porcentual de la población de 14 años o más de edad en la ocupación principal por trimestre, según sexo y categoría en el empleo, 2015 – 2024",spreadsheet,120.36,https://nube.ine.gob.bo/index.php/s/u3EcST12WVQPPjm/download
2024-09-26 15:47:14-04:00,"Santa Cruz: Distribución porcentual de la población de 14 años o más de edad en la ocupación principal por trimestre, según sexo y categoría en el empleo, 2015 – 2024",spreadsheet,119.82,https://nube.ine.gob.bo/index.php/s/cHH577xMWBcAvDj/download
2024-09-26 15:47:43-04:00,"Chuquisaca, Oruro, Potosí, Tarija, Beni y Pando: Distribución porcentual de la población de 14 años o más de edad en la ocupación principal por trimestre, según sexo y categoría en el empleo, 2015 – 2024",spreadsheet,120.55,https://nube.ine.gob.bo/index.php/s/MZmHa6868tE5iNQ/download
2024-09-26 15:48:19-04:00,"La Paz – Área urbana: Distribución porcentual de la población de 14 años o más de edad en la ocupación principal por trimestre, según sexo y categoría en el empleo, 2015 – 2024",spreadsheet,121.70,https://nube.ine.gob.bo/index.php/s/r4E73vGr8eFeMLL/download
2024-09-26 15:48:57-04:00,"Cochabamba – Área urbana: Distribución porcentual de la población de 14 años o más de edad en la ocupación principal por trimestre, según sexo y categoría en el empleo, 2015 – 2024",spreadsheet,121.47,https://nube.ine.gob.bo/index.php/s/LI6alXSDUDRz9gj/download
2024-09-26 15:49:31-04:00,"Santa Cruz – Área urbana: Distribución porcentual de la población de 14 años o más de edad en la ocupación principal por trimestre, según sexo y categoría en el empleo, 2015 – 2024",spreadsheet,121.21,https://nube.ine.gob.bo/index.php/s/H3hdSOR3LDxnUNf/download
2024-09-26 15:50:05-04:00,"Chuquisaca, Oruro, Potosí, Tarija, Beni y Pando – Área urbana: Distribución porcentual de la población de 14 años o más de edad en la ocupación principal por trimestre, según sexo y categoría en el empleo, 2015 – 2024",spreadsheet,122.10,https://nube.ine.gob.bo/index.php/s/nBLQf6x4VsqLgFx/download
2024-09-26 15:50:52-04:00,"La Paz: Distribución porcentual de la población de 14 años o más de edad en la ocupación principal por trimestre, según actividad económica, 2015 – 2024",spreadsheet,120.05,https://nube.ine.gob.bo/index.php/s/EXEPxsnKWFcoKan/download
2024-09-26 15:51:26-04:00,"Cochabamba: Distribución porcentual de la población de 14 años o más de edad en la ocupación principal por trimestre, según actividad económica, 2015 – 2024",spreadsheet,119.12,https://nube.ine.gob.bo/index.php/s/JygHk4vO2q1N5nU/download
2024-09-26 15:52:40-04:00,"Santa Cruz: Distribución porcentual de la población de 14 años o más de edad en la ocupación principal por trimestre, según actividad económica, 2015 – 2024",spreadsheet,119.61,https://nube.ine.gob.bo/index.php/s/d7D4DNC2g95dapa/download
2024-09-26 15:53:05-04:00,"Chuquisaca, Oruro, Potosí, Tarija, Beni y Pando: Distribución porcentual de la población de 14 años o más de edad en la ocupación principal por trimestre, según actividad económica, 2015 – 2023",spreadsheet,119.70,https://nube.ine.gob.bo/index.php/s/gsnSscldE3QNCZq/download
2024-09-26 15:53:39-04:00,"La Paz – Área urbana: Distribución porcentual de la población de 14 años o más de edad en la ocupación principal por trimestre, según actividad económica, 2015 – 2024",spreadsheet,120.34,https://nube.ine.gob.bo/index.php/s/bT5ub9gqe8ZvpAv/download
2024-09-26 15:54:07-04:00,"Cochabamba – Área urbana: Distribución porcentual de la población de 14 años o más de edad en la ocupación principal por trimestre, según actividad económica, 2015 – 2024",spreadsheet,120.35,https://nube.ine.gob.bo/index.php/s/SeqvxqQcKa5UInV/download
2024-09-26 15:54:40-04:00,"Santa Cruz – Área urbana: Distribución porcentual de la población de 14 años o más de edad en la ocupación principal por trimestre, según actividad económica, 2015 – 2024",spreadsheet,120.34,https://nube.ine.gob.bo/index.php/s/Hfr83y8ijYkJr7H/download
2024-09-26 15:55:20-04:00,"Chuquisaca, Oruro, Potosí, Tarija, Beni y Pando – Área urbana: Distribución porcentual de la población de 14 años o más de edad en la ocupación principal por trimestre, según actividad económica, 2015 – 2024",spreadsheet,120.36,https://nube.ine.gob.bo/index.php/s/Akp4BOTqIEZ8UK4/download
2024-09-26 16:03:56-04:00,"Cochabamba: Principales indicadores de empleo por trimestre, según sexo, 2015 – 2024",spreadsheet,118.82,https://nube.ine.gob.bo/index.php/s/13OkNi9obxBVIKm/download
2024-09-26 16:04:30-04:00,"Santa Cruz: Principales indicadores de empleo por trimestre, según sexo, 2015 – 2024",spreadsheet,118.95,https://nube.ine.gob.bo/index.php/s/SxtIofw9oo9EHYU/download
2024-09-26 16:05:07-04:00,"Chuquisaca, Oruro, Potosí, Tarija, Beni y Pando: Principales indicadores de empleo por trimestre, según sexo, 2015 – 2024",spreadsheet,119.07,https://nube.ine.gob.bo/index.php/s/ybZJ8wf1N1eoMaC/download
2024-09-26 16:06:55-04:00,"Cochabamba – Área urbana: Principales indicadores de empleo por trimestre, según sexo, 2015 – 2024",spreadsheet,120.38,https://nube.ine.gob.bo/index.php/s/9hIqWSdWe4sYx77/download
2024-09-26 16:07:27-04:00,"Santa Cruz – Área urbana: Principales indicadores de empleo por trimestre, según sexo, 2015 – 2024",spreadsheet,120.33,https://nube.ine.gob.bo/index.php/s/rI09yxsn5JeTcVK/download
2024-09-26 16:08:16-04:00,"Chuquisaca, Oruro, Potosí, Tarija, Beni y Pando – Área urbana: Principales indicadores de empleo por trimestre, según sexo, 2015 – 2024",spreadsheet,120.39,https://nube.ine.gob.bo/index.php/s/GuJEWLvhuVeYgIB/download
2024-09-26 16:08:46-04:00,"Bolivia: Población por mes, según condición de actividad y sexo, 2015 – 2024",spreadsheet,140.88,https://nube.ine.gob.bo/index.php/s/t1BXNMXqRC8AY41/download
2024-09-28 10:00:10-04:00,BOLETÍN ESTADÍSTICO COMEX AGOSTO 2024,pdf,2559.56,https://nube.ine.gob.bo/index.php/s/stlwNeqcojXvufk/download
2024-09-29 15:28:16-04:00,EXPORTACIONES RITEX ENE-AGO 2024p,spreadsheet,30.22,https://nube.ine.gob.bo/index.php/s/KUfvIVZovAJ9A3e/download
2024-09-29 15:28:16-04:00,EXPORTACIONES ENE-AGO 2024,spreadsheet,1820.18,https://nube.ine.gob.bo/index.php/s/UXHhHMGJevbxDM1/download
2024-09-30 20:11:54-04:00,IMPORTACIONES RITEX ENE-AGO 2024p,spreadsheet,45.86,https://nube.ine.gob.bo/index.php/s/u3MreJLoQNW2SVv/download
2024-09-30 20:11:58-04:00,IMPORTACIONES ENE-AGO 2024p,spreadsheet,35417.06,https://nube.ine.gob.bo/index.php/s/gpweiSER1xE1pC7/download
2024-10-08 18:56:56-04:00,Bolivia – Exportaciones de Oro según Año y Mes 1990 – 2024,spreadsheet,99.37,https://nube.ine.gob.bo/index.php/s/5lHMdFH2xrjjlKp/download
2024-10-08 18:58:18-04:00,"Bolivia – Producción de Minerales del Sector de la Minería Mediana por Tipo de Mineral según Año y Mes, 1990 – 2024",spreadsheet,134.07,https://nube.ine.gob.bo/index.php/s/LfBDSio4vzYagch/download
2024-10-08 18:59:50-04:00,Bolivia – Producción Nacional de Minerales por Tipo de Mineral según Año y Mes 1990 – 2024,spreadsheet,152.05,https://nube.ine.gob.bo/index.php/s/WmOchqUHbrnvf6I/download
2024-10-08 19:02:28-04:00,"Bolivia – Índice de Volumen de Producción de Minerales por Subsector de la Minería Estatal y Tipo de Mineral según Año y Mes, 2000 – 2024",spreadsheet,186.83,https://nube.ine.gob.bo/index.php/s/VXjWapDBbCtt1Fy/download
2024-10-08 19:03:14-04:00,"Bolivia – Índice de Volumen de Producción de Minerales por Subsector de la Minería Mediana y Tipo de Mineral según Año y Mes, 2000 – 2024",spreadsheet,191.57,https://nube.ine.gob.bo/index.php/s/UnT7jDvvuLs75Jx/download
2024-10-08 19:04:45-04:00,"Bolivia – Índice de Volumen de Producción de Minerales por Subsector de la Minería Chica y Cooperativas y Tipo de Mineral, 2000 – 2024",spreadsheet,262.33,https://nube.ine.gob.bo/index.php/s/wr80XieLd6IQxdU/download
2024-10-08 19:05:10-04:00,Bolivia – Cotización Oficial de Minerales por Tipo de Mineral según Año y Mes 1990 – 2024,spreadsheet,124.78,https://nube.ine.gob.bo/index.php/s/wVd1im9ObA3uEiv/download
2024-10-14 12:20:34-04:00,Bolivia – Producción de Gas Natural por Departamento según Año y Mes 2001 – 2024,spreadsheet,113.34,https://nube.ine.gob.bo/index.php/s/QQ1WOj4zNwoeFlx/download
2024-10-14 12:20:40-04:00,Bolivia – Producción de Petroleó Condensado según Departamento según Año y Mes 2001 – 2024,spreadsheet,116.09,https://nube.ine.gob.bo/index.php/s/KIPGq5qCqWh58GW/download
2024-10-14 12:21:05-04:00,Bolivia – Producción de Petróleo y Gas Natural según Año y Mes 1990 – 2024,spreadsheet,92.58,https://nube.ine.gob.bo/index.php/s/Zc56MHV1Zrt0fJY/download
2024-10-14 12:21:53-04:00,Bolivia – Producción Refinados de Petróleo según Año y Mes 1990 – 2024,spreadsheet,146.50,https://nube.ine.gob.bo/index.php/s/jRaBIT85FZiuu3P/download
2024-10-14 12:22:40-04:00,Bolivia – Volumen Comercializado de Refinados al Mercado Interno por Producto según Año y Mes 1990 – 2024,spreadsheet,118.23,https://nube.ine.gob.bo/index.php/s/IodKCbYLku1WFLu/download
2024-10-14 12:23:04-04:00,Bolivia – Volumen Comercializado de Gas Natural Vehicular según Departamento según Año y Mes 2010 – 2024,spreadsheet,107.96,https://nube.ine.gob.bo/index.php/s/oAibslam6h0MHq2/download
2024-10-14 12:23:28-04:00,Bolivia – Volumen Comercializado de Gas Natural según Red de Distribución según Año y Mes 2006 – 2024,spreadsheet,123.92,https://nube.ine.gob.bo/index.php/s/Jsm9uMT7L9ALmWr/download
2024-10-14 12:24:25-04:00,Bolivia – Índice de Volumen de Extracción de Petróleo y Gas Natural según Año y Mes 1990 – 2024,spreadsheet,274.68,https://nube.ine.gob.bo/index.php/s/rij5Iiaqj9lzyIo/download
2024-10-14 12:25:46-04:00,"Bolivia – Índice de Volumen, Precio y Valor de Ventas de Productos Refinados según Año y Mes 1990 – 2024",spreadsheet,106.60,https://nube.ine.gob.bo/index.php/s/JGdbqYx1pWIGgLX/download
2024-10-14 12:28:59-04:00,Bolivia – Índice de Cantidad Comercializada de Refinados al Mercado Interno por Producto según Año y Mes 1990 – 2024,spreadsheet,255.78,https://nube.ine.gob.bo/index.php/s/OVHLsJcnucJb1Ja/download
2024-10-14 12:34:22-04:00,Bolivia – Índice de Volumen de Productos Refinados de Petróleo según Año y Mes 1990 – 2024,spreadsheet,224.88,https://nube.ine.gob.bo/index.php/s/grPxr6N5xlmSN8A/download
2024-10-17 17:20:50-04:00,Bolivia – Producción de Cemento por Departamento según Año y Mes 1991 – 2024,spreadsheet,121.39,https://nube.ine.gob.bo/index.php/s/KO5oEVNveSsP3Qm/download
2024-10-17 17:22:19-04:00,Bolivia – Ventas de Cemento por Departamento según Año y Mes 1991 – 2024,spreadsheet,120.70,https://nube.ine.gob.bo/index.php/s/KkklD3dMnq2McoL/download
2024-10-17 17:23:20-04:00,Bolivia – Consumo de Cemento por Departamento según Año y Mes 2000 – 2024,spreadsheet,95.21,https://nube.ine.gob.bo/index.php/s/8Zv5IDKUwWjvsDI/download
2024-10-21 10:33:19-04:00,BOLIVIA CONSUMO DE AGUA POTABLE POR CATEGORÍA 2017 – 2024,spreadsheet,137.87,https://nube.ine.gob.bo/index.php/s/kVLBof5FiTKlBjn/download
2024-10-21 11:01:03-04:00,BOLIVIA CONSUMO DE ENERGIA ELÉCTRICA POR CATEGORÍA 2017 – 2024,spreadsheet,137.29,https://nube.ine.gob.bo/index.php/s/6AGtV4GC3RHIY1g/download
2024-10-21 11:01:17-04:00,BOLIVIA GENERACION BRUTA DE ENERGÍA ELÉCTRICA POR TIPO 2018 – 2024,spreadsheet,138.04,https://nube.ine.gob.bo/index.php/s/OVvTlpP2XCescv4/download
2024-10-21 14:46:20-04:00,Bolivia – Producción de Minerales del Sector de la Minería Chica y Cooperativas por Tipo de Mineral según Año y Mes 1990 – 2024,spreadsheet,113.39,https://nube.ine.gob.bo/index.php/s/T4XkL09VG3u6OVo/download
2024-10-21 14:46:29-04:00,Bolivia – Producción de Minerales del Sector Estatal por Tipo de Mineral según Año y Mes 1990 – 2024,spreadsheet,108.08,https://nube.ine.gob.bo/index.php/s/rDXU3VD9HtB9wse/download
2024-10-21 14:51:00-04:00,Bolivia – Índice de Volumen de Producción de Minerales por Tipo de Mineral según Año y Mes 1990 – 2024,spreadsheet,307.64,https://nube.ine.gob.bo/index.php/s/5I9TkHEajt1CRtt/download
2024-10-21 17:15:00-04:00,BOLIVIA ÍNDICE GENERAL DE CONSUMO DE SERVICIOS BASICOS POR TIPO DE SERVICIO SEGÚN AÑO Y MES 1990 – 2024,spreadsheet,245.10,https://nube.ine.gob.bo/index.php/s/Y3qWmKzJadFhVe9/download
2024-10-21 17:15:00-04:00,"BOLIVIA ÍNDICE DE CONSUMO DE ENERGIA ELECTRICA POR TIPO DE USUARIO SEGÚN AÑO Y MES, 1990 – 2024",spreadsheet,529.34,https://nube.ine.gob.bo/index.php/s/YjA7ClnBp3KxZM0/download
2024-10-21 17:15:00-04:00,BOLIVIA ÍNDICE DE CONSUMO DE AGUA POTABLE POR CATEGORIA SEGÚN AÑO Y MES 1990 – 2024,spreadsheet,295.17,https://nube.ine.gob.bo/index.php/s/pcJIE4X3gGOTbua/download
2024-10-23 10:52:00-04:00,"BOLIVIA CONSUMO DE GAS NATURAL POR RED, POR CATEGORÍA SEGÚN PERIODO, 2017 – 2024",spreadsheet,140.89,https://nube.ine.gob.bo/index.php/s/MGxadfF92lgRVJc/download
2024-11-02 15:52:42-04:00,"BOLIVIA: VARIACIÓN CON RELACIÓN A SIMILAR PERIODO DEL PRODUCTO INTERNO BRUTO A PRECIOS CONSTANTES POR TIPO DE GASTO SEGÚN TRIMESTRE, 1991 – 2024",spreadsheet,98.81,https://nube.ine.gob.bo/index.php/s/0ALPxctqeFaRouB/download
2024-11-02 15:52:42-04:00,"BOLIVIA: PRODUCTO INTERNO BRUTO A PRECIOS CORRIENTES POR ACTIVIDAD ECONÓMICA SEGÚN TRIMESTRE, 1990 – 2024",spreadsheet,120.41,https://nube.ine.gob.bo/index.php/s/1ythdYwsCEhp6aN/download
2024-11-02 15:52:42-04:00,"BOLIVIA: DEFLACTOR IMPLÍCITO DEL PRODUCTO INTERNO BRUTO POR ACTIVIDAD ECONÓMICA SEGÚN TRIMESTRE, 1990 – 2024",spreadsheet,118.85,https://nube.ine.gob.bo/index.php/s/2pQlvkQCmVHTYw1/download
2024-11-02 15:52:42-04:00,"BOLIVIA: PARTICIPACIÓN EN EL PRODUCTO INTERNO BRUTO A PRECIOS CORRIENTES POR TIPO DE GASTO SEGÚN TRIMESTRE, 1990 – 2024",spreadsheet,97.54,https://nube.ine.gob.bo/index.php/s/55s9IdLmUsgNZY0/download
2024-11-02 15:52:42-04:00,"BOLIVIA: VARIACIÓN A DOCE MESES DEL PRODUCTO INTERNO BRUTO A PRECIOS CONSTANTES POR ACTIVIDAD ECONÓMICA SEGÚN TRIMESTRE, 1992- 2024",spreadsheet,116.51,https://nube.ine.gob.bo/index.php/s/98Ch4KFSdhKBePe/download
2024-11-02 15:52:42-04:00,"BOLIVIA: VARIACIÓN ACUMULADA DEL PRODUCTO INTERNO BRUTO A PRECIOS CONSTANTES POR ACTIVIDAD ECONÓMICA SEGÚN TRIMESTRE, 1991 – 2024",spreadsheet,117.41,https://nube.ine.gob.bo/index.php/s/ERk0tuC27pZ1eOo/download
2024-11-02 15:52:42-04:00,"BOLIVIA: VARIACIÓN CON RELACIÓN A SIMILAR PERIODO DEL PRODUCTO INTERNO BRUTO A PRECIOS CONSTANTES POR ACTIVIDAD ECONÓMICA SEGÚN TRIMESTRE, 1991 – 2024",spreadsheet,120.96,https://nube.ine.gob.bo/index.php/s/Fk8QQs0v16d1rxL/download
2024-11-02 15:52:42-04:00,"BOLIVIA: INCIDENCIA EN EL PRODUCTO INTERNO BRUTO A PRECIOS CONSTANTES POR TIPO DE GASTO SEGÚN TRIMESTRE, 1991 – 2024",spreadsheet,96.62,https://nube.ine.gob.bo/index.php/s/GjGGAXl6sPuRiMX/download
2024-11-02 15:52:42-04:00,"BOLIVIA: PRODUCTO INTERNO BRUTO A PRECIOS CONSTANTES POR TIPO DE GASTO SEGÚN TRIMESTRE, 1990 – 2024",spreadsheet,100.50,https://nube.ine.gob.bo/index.php/s/M5sdcIURWLvPKLv/download
2024-11-02 15:52:42-04:00,"BOLIVIA VARIACIÓN ACUMULADA DE LA OFERTA Y DEMANDA FINAL A PRECIOS CONSTANTES POR COMPONENTE SEGÚN TRIMESTRE, 1991 – 2024",spreadsheet,98.04,https://nube.ine.gob.bo/index.php/s/OUPAVhMn4vA8AUL/download
2024-11-02 15:52:42-04:00,"BOLIVIA: VARIACIÓN ACUMULADA DEL PRODUCTO INTERNO BRUTO A PRECIOS CONSTANTES POR TIPO DE GASTO SEGÚN TRIMESTRE, 1991 – 2024",spreadsheet,96.86,https://nube.ine.gob.bo/index.php/s/PVcCHAJQeByt7zT/download
2024-11-02 15:52:42-04:00,"BOLIVIA: PRODUCTO INTERNO BRUTO A PRECIOS CONSTANTES POR ACTIVIDAD ECONÓMICA SEGÚN TRIMESTRE, 1990 – 2024",spreadsheet,120.92,https://nube.ine.gob.bo/index.php/s/TmDFo5jFlYnF6Ff/download
2024-11-02 15:52:42-04:00,"BOLIVIA: PARTICIPACIÓN EN EL PRODUCTO INTERNO BRUTO A PRECIOS CORRIENTES POR ACTIVIDAD ECONÓMICA SEGÚN TRIMESTRE, 1990 – 2024",spreadsheet,117.03,https://nube.ine.gob.bo/index.php/s/Vf268PG197RCdbG/download
2024-11-02 15:52:42-04:00,"BOLIVIA: INCIDENCIA EN EL PRODUCTO INTERNO BRUTO A PRECIOS CONSTANTES POR ACTIVIDAD ECONÓMICA SEGÚN TRIMESTRE, 1991 – 2024",spreadsheet,118.53,https://nube.ine.gob.bo/index.php/s/c8OonO8w4hhZ0zf/download
2024-11-02 15:52:42-04:00,"BOLIVIA OFERTA Y DEMANDA FINAL A PRECIOS CORRIENTES POR COMPONENTE SEGÚN TRIMESTRE, 1990 – 2024",spreadsheet,98.57,https://nube.ine.gob.bo/index.php/s/cDOiJbHytHK7M7p/download
2024-11-02 15:52:42-04:00,"BOLIVIA DEFLACTOR IMPLÍCITO DE LA OFERTA Y DEMANDA FINAL POR COMPONENTE SEGÚN TRIMESTRE, 1990 – 2024",spreadsheet,99.20,https://nube.ine.gob.bo/index.php/s/dOcOju9WQWSt3vU/download
2024-11-02 15:52:42-04:00,"BOLIVIA OFERTA Y DEMANDA FINAL A PRECIOS CONSTANTES POR COMPONENTE SEGÚN TRIMESTRE, 1990 – 2024",spreadsheet,98.49,https://nube.ine.gob.bo/index.php/s/dS9dMeSMlbWXlkM/download
2024-11-02 15:52:42-04:00,"BOLIVIA: DEFLACTOR IMPLÍCITO DEL PRODUCTO INTERNO BRUTO POR TIPO DE GASTO SEGÚN TRIMESTRE, 1990 – 2024",spreadsheet,98.74,https://nube.ine.gob.bo/index.php/s/f1lvigMxpRFqVwM/download
2024-11-02 15:52:42-04:00,"BOLIVIA VARIACIÓN CON RELACIÓN A SIMILAR PERIODO DE LA OFERTA Y DEMANDA FINAL A PRECIOS CONSTANTES POR COMPONENTE SEGÚN TRIMESTRE, 1991 – 2024",spreadsheet,99.99,https://nube.ine.gob.bo/index.php/s/i53fGc7toPSEapv/download
2024-11-02 15:52:42-04:00,"BOLIVIA ESTRUCTURA DE LA OFERTA Y DEMANDA FINAL POR COMPONENTE SEGÚN TRIMESTRE, 1990 – 2024",spreadsheet,97.41,https://nube.ine.gob.bo/index.php/s/phJMKE91p2aqKze/download
2024-11-02 15:52:42-04:00,"BOLIVIA INCIDENCIA EN LA OFERTA Y DEMANDA FINAL A PRECIOS CONSTANTES POR COMPONENTE SEGÚN TRIMESTRE, 1991 – 2024",spreadsheet,98.12,https://nube.ine.gob.bo/index.php/s/vHUL8apJcv78pVl/download
2024-11-02 15:52:42-04:00,"BOLIVIA: PRODUCTO INTERNO BRUTO A PRECIOS CORRIENTES POR TIPO DE GASTO SEGÚN TRIMESTRE, 1990 – 2024",spreadsheet,99.55,https://nube.ine.gob.bo/index.php/s/we861YSJwtiJWGr/download
2024-11-05 09:30:35-04:00,Bolivia – Acopio de leche según Año y Mes 2018 – 2024,spreadsheet,128.20,https://nube.ine.gob.bo/index.php/s/BAjYkM2PpZ4LnTo/download
2024-11-05 09:34:22-04:00,Bolivia – Cargas de Pollitos BB A Granjas registradas por departamento según Año y Mes 2019 – 2024,spreadsheet,127.93,https://nube.ine.gob.bo/index.php/s/mYtBMlCLMg2CTvu/download
2024-11-05 09:36:30-04:00,"Bolivia – Número de pollos parrilleros faenados de Granjas Registradas por departamento, según Año y Mes 2019 – 2024",spreadsheet,126.65,https://nube.ine.gob.bo/index.php/s/N2QW27YGHYzWg7V/download
2024-11-05 09:39:18-04:00,Bolivia – Producción de Carne de pollos parrilleros de granjas registradas por deprtamento según Año y Mes 2019 – 2024,spreadsheet,130.60,https://nube.ine.gob.bo/index.php/s/x9MHeNGChkXIyaR/download
2024-11-05 09:42:19-04:00,Bolivia – Producción de Carne de Ganado Bovino según Año y Mes por Ciudad 2005 – 2024,spreadsheet,149.07,https://nube.ine.gob.bo/index.php/s/Hf5zhf7eYeAVT0V/download
2024-11-05 09:44:17-04:00,Bolivia – Numero de Cabezas Faenadas de Ganado Bovino según Año y Mes por Ciudad 2005 – 2024,spreadsheet,141.10,https://nube.ine.gob.bo/index.php/s/VASnWBKid2LjJIc/download
2024-11-05 09:47:02-04:00,Bolivia – Producción de Carne de Ganado porcino según Año y Mes por Ciudad 2018 – 2024,spreadsheet,128.83,https://nube.ine.gob.bo/index.php/s/kzjz79a0NUF8NHh/download
2024-11-05 09:49:44-04:00,Bolivia – Numero de Cabezas Faenadas de Ganado porcino según Año y Mes 2018 – 2024,spreadsheet,124.17,https://nube.ine.gob.bo/index.php/s/6rVnOXNJPPD1xhn/download
